Year,Semester,Course Code,key,Credits,L,T,P,Slot,Name,Instructor
2025-26,1,AMD895,1AMD895,40,0.0,0.0,80.0,X,MAJOR PROJECT-AMD895,ARJUN SHARMA
2025-26,1,AMD899,1AMD899,10,0.0,0.0,20.0,X,DESIGN PROJECT-AMD899,KIRAN RAMESH
2025-26,1,AML1000,1AML1000,4,3.0,1.0,0.0,AB,ENGINEERING MECHANICS-AML1000,SABYASACHI CHATTERJEE
2025-26,1,AML5000,1AML5000,3,3.0,0.0,0.0,F,SHIP RESISTANCE &AMP; PROPULSION-AML5000,KIRAN RAMESH
2025-26,1,AML5010,1AML5010,3,3.0,0.0,0.0,H,WARSHIP DESIGN-AML5010,SUBIR KUMAR SINGH
2025-26,1,AML5020,1AML5020,4,3.0,1.0,0.0,D,APPLIED SOLID MECHANICS-AML5020,S. PRADYUMNA
2025-26,1,AML5030,1AML5030,4,3.0,1.0,0.0,E,APPLIED FLUID MECHANICS-AML5030,RITABRATA THAKUR
2025-26,1,AML5040,1AML5040,3,3.0,0.0,0.0,B,SHIP DYNAMICS-AML5040,ROHIT S NAIR
2025-26,1,AML7000,1AML7000,4,3.0,0.0,2.0,A,ENGINEERING MATHEMATICS AND NUMERICAL METHODS-AML7000,PRAPANCH NAIR
2025-26,1,AML7010,1AML7010,4,3.0,0.0,2.0,B,COMPUTER AIDED ENGINEERING DESIGN-AML7010,RITWIK BANDYOPADHYAY
2025-26,1,AML7020,1AML7020,3,3.0,0.0,0.0,F,OPTIMIZATION METHODS-AML7020,BADRI PRASAD PATEL
2025-26,1,AML7030,1AML7030,3,3.0,0.0,0.0,D,THEORY OF LINEAR AND NONLINEAR ELASTIC SOLIDS-AML7030,AJEET KUMAR
2025-26,1,AML7040,1AML7040,3,3.0,0.0,0.0,E,ADVANCED FLUID MECHANICS-AML7040,ANUPAM DEWAN
2025-26,1,AML7260,1AML7260,3,3.0,0.0,0.0,X,FRACTURE MECHANICS-AML7260,GAURAV SINGH
2025-26,1,AML733,1AML733,3,3.0,0.0,0.0,X,DYNAMICS-AML733,SOUVIK CHAKRABORTY , NIKHIL WALANI
2025-26,1,AML7410,1AML7410,3,3.0,0.0,0.0,X,PHYSICS OF TURBULENT FLOWS-AML7410,GAURAV CHOPRA
2025-26,1,AML7900,1AML7900,3,3.0,0.0,0.0,H,RELIABILITY ANALYSIS AND RELIABILITY-BASED DESIGN OPTIMIZATION-AML7900,SOUVIK CHAKRABORTY
2025-26,1,AML793,1AML793,3,3.0,0.0,0.0,B,SHIP DYNAMICS-AML793,ROHIT S NAIR
2025-26,1,AML8220,1AML8220,3,3.0,0.0,0.0,J,ADVANCED FINITE ELEMENT METHOD-AML8220,SANTOSH KAPURIA
2025-26,1,AML8410,1AML8410,4,3.0,0.0,2.0,J,SPECTRAL METHODS FOR FLUID FLOW COMPUTATIONS-AML8410,ARJUN SHARMA
2025-26,1,AMN8010,1AMN8010,4,0.0,0.0,8.0,X,M.TECH. TEACHING PRACTICUM-AMN8010,ARJUN SHARMA
2025-26,1,AMN8011,1AMN8011,4,0.0,0.0,8.0,X,M.S.(R) TEACHING PRACTICUM-AMN8011,ARGHYA SAMANTA
2025-26,1,AMN8012,1AMN8012,4,0.0,0.0,8.0,X,PH.D. TEACHING PRACTICUM-AMN8012,SITIKANTHA ROY
2025-26,1,AMN8020,1AMN8020,4,0.0,0.0,8.0,X,M.TECH. RESEARCH PRACTICUM-AMN8020,ARJUN SHARMA
2025-26,1,AMN8021,1AMN8021,4,0.0,0.0,8.0,X,M.S.(R) RESEARCH PRACTICUM-AMN8021,ARGHYA SAMANTA
2025-26,1,AMN8022,1AMN8022,4,0.0,0.0,8.0,X,PH.D. RESEARCH PRACTICUM-AMN8022,SITIKANTHA ROY
2025-26,1,AMP262,1AMP262,2,0.0,0.0,4.0,P,FLUIDS & SOLIDS LABORATORY-AMP262,PRATEEK GUPTA , VIKRANT TIWARI , MALOY KUMAR SINGHA
2025-26,1,APD411,1APD411,4,0.0,0.0,8.0,X,B.TECH. PROJECT-I-APD411,SOUVIK CHAKRABORTY
2025-26,1,APD811,1APD811,6,0.0,0.0,12.0,X,MAJOR PROJECT PART-I-APD811,ARJUN SHARMA , SOUVIK CHAKRABORTY
2025-26,1,APD812,1APD812,12,0.0,0.0,24.0,X,MAJOR PROJECT PART-II-APD812,ARJUN SHARMA
2025-26,1,APD895,1APD895,36,0.0,0.0,72.0,X,MS RESEARCH PROJECT-APD895,SITIKANTHA ROY
2025-26,1,APL101,1APL101,3,3.0,0.0,0.0,B,APPLIED MATHEMATICS FOR ENGINEERS-APL101,ARGHYA SAMANTA
2025-26,1,APL103,1APL103,4,3.0,0.0,2.0,F,EXPERIMENTAL METHODS-APL103,SRIHARI SANKARASARMA VEMURI
2025-26,1,APL104,1APL104,4,3.0,1.0,0.0,D,SOLID MECHANICS-APL104,PUNEET MAHAJAN
2025-26,1,APL106,1APL106,4,3.0,1.0,0.0,F,FLUID MECHANICS-APL106,S.V. VEERAVALLI
2025-26,1,APL107,1APL107,5,3.0,1.0,2.0,D,MECHANICS OF FLUIDS-APL107,SAWAN SUMAN SINHA
2025-26,1,APL108,1APL108,5,3.0,1.0,2.0,F,MECHANICS OF SOLIDS-APL108,RAJDIP NAYEK
2025-26,1,APL203,1APL203,4,3.0,1.0,0.0,E,DYNAMICS OF MECHANICAL SYSTEMS-APL203,SUSHMA SANTAPURI
2025-26,1,APL205,1APL205,2,2.0,0.0,0.0,H,BASICS OF COMPUTER AIDED DESIGN-APL205,MALOY KUMAR SINGHA
2025-26,1,APL207,1APL207,2,2.0,0.0,0.0,F,HEAT TRANSFER-APL207,AMITABH BHATTACHARYA
2025-26,1,APL302,1APL302,4,3.0,0.0,2.0,B,BASICS OF PRODUCT DE-APL302,VAMSI KRISHNA CHALAMALLA
2025-26,1,APL361,1APL361,3,3.0,0.0,0.0,E,ADVANCED FLUID DYNAMICS-APL361,PRATEEK GUPTA
2025-26,1,APL380,1APL380,3,3.0,0.0,0.0,C,BIOMECHANICS-APL380,SITIKANTHA ROY
2025-26,1,APL390,1APL390,3.5,2.0,0.0,3.0,F,EXPERIMENTAL TECHNIQUES IN FLUIDS AND SOLIDS-APL390,NARSING KUMAR JHA
2025-26,1,APL410,1APL410,3,3.0,0.0,0.0,D,MULTI-SCALE MODELING AND COMPUTATION-APL410,ARPIT KUMAR AGRAWAL
2025-26,1,APL703,1APL703,4,3.0,0.0,2.0,A,ENGINEERING MATHEMATIC & COMP.-APL703,PRAPANCH NAIR
2025-26,1,APL711,1APL711,3,3.0,0.0,0.0,E,ADVANCED FLUID MECHANICS-APL711,ANUPAM DEWAN
2025-26,1,APL715,1APL715,3,3.0,0.0,0.0,X,PHYSICS OF TURBULENT FLOWS-APL715,GAURAV CHOPRA
2025-26,1,APL742,1APL742,4,3.0,0.0,2.0,X,ADVANCED BIOMECHANICS-APL742,NIKHIL WALANI
2025-26,1,APL765,1APL765,3,3.0,0.0,0.0,X,FRACTURE MECHANICS-APL765,GAURAV SINGH
2025-26,1,APL771,1APL771,3,3.0,0.0,0.0,F,DECISION THEORY & DESIGN OPTIMIZATION-APL771,BADRI PRASAD PATEL
2025-26,1,APL796,1APL796,3,3.0,0.0,0.0,D,ADVANCED SOLID MECHANICS-APL796,AJEET KUMAR
2025-26,1,APL805,1APL805,3,3.0,0.0,0.0,J,ADVANCED FINITE ELEMENT METHOD-APL805,SANTOSH KAPURIA
2025-26,1,APL821,1APL821,4,3.0,0.0,2.0,J,SPECTRAL METHODS FOR FLUID FLOW COMPUTATIONS-APL821,ARJUN SHARMA
2025-26,1,APL871,1APL871,3,3.0,0.0,0.0,H,PRODUCT RELIABILITY & MAINTENANCE-APL871,SOUVIK CHAKRABORTY
2025-26,1,APQ301,1APQ301,1,0.0,0.0,2.0,X,SEMINAR COURSE - I-APQ301,NIKHIL WALANI , GAURAV CHOPRA
2025-26,1,BSD8095,1BSD8095,42,0.0,0.0,84.0,X,MS(R) RESEARCH PROJECT-BSD8095,SANDEEP KUMAR
2025-26,1,BSD895,1BSD895,36,0.0,0.0,72.0,X,MAJOR PROJECT (MSR)-BSD895,SANDEEP KUMAR
2025-26,1,BSN7010,1BSN7010,4,0.0,0.0,8.0,X,RESEARCH PRACTICUM-BSN7010,SANDEEP KUMAR
2025-26,1,BSN7020,1BSN7020,4,0.0,0.0,8.0,X,TEACHING PRACTICUM-BSN7020,SANDEEP KUMAR
2025-26,1,BSP7010,1BSP7010,3,0.0,1.0,4.0,AA,COMMUNICATION AND SIGNAL PROCESSING TECHNOLOGIES LABORATORY-BSP7010,GOURAB GHATAK
2025-26,1,BSP710,1BSP710,3,0.0,1.0,4.0,AA,COMMUNICATION AND SIGNAL PROCESSING TECHNOLOGIES LABORATORY-BSP710,GOURAB GHATAK
2025-26,1,JTD801,1JTD801,6,0.0,0.0,12.0,X,MAJOR PROJECT PART-I-JTD801,SANDEEP KUMAR
2025-26,1,BBD351,1BBD351,3,0.0,0.0,6.0,X,MINI PROJECT (BB)-BBD351,ANJAN ROY
2025-26,1,BBD451,1BBD451,3,0.0,0.0,6.0,P,MAJOR PROJECT PART 1 (BB1)-BBD451,KUMARI PRITI SINHA
2025-26,1,BBD855,1BBD855,6,0.0,0.0,12.0,P,MTP PART-I-BBD855,ANJAN ROY
2025-26,1,BBD895,1BBD895,36,0.0,0.0,72.0,P,MAJOR PROJECT (MSR)-BBD895,LUCINDA ELIZABETH DOYLE
2025-26,1,BBL131,1BBL131,4.5,3.0,0.0,3.0,B,PRINCIPLES OF BIOCHEMISTRY-BBL131,PRASHANT MISHRA , LUCINDA ELIZABETH DOYLE
2025-26,1,BBL132,1BBL132,4.5,3.0,0.0,3.0,F,GENERAL MICROBIOLOGY-BBL132,LUCINDA ELIZABETH DOYLE , SHILPI SHARMA
2025-26,1,BBL133,1BBL133,3,3.0,0.0,0.0,H,MASS & ENERGY BALANCES IN BIO.-BBL133,KUMARI PRITI SINHA
2025-26,1,BBL231,1BBL231,4.5,3.0,0.0,3.0,D,MOLECULAR BIOLOGY & GENETICS-BBL231,ANJAN ROY
2025-26,1,BBL231,1BBL231,4.5,3.0,0.0,3.0,SS1,MOLECULAR BIOLOGY & GENETICS-BBL231,ANJAN RAY
2025-26,1,BBL331,1BBL331,3,3.0,0.0,0.0,B,BIOPROCESS ENGINEERING-BBL331,ASHISH MISRA
2025-26,1,BBL7035,1BBL7035,3,2.0,0.0,2.0,D,GENOMICS AND PROTEOMICS-BBL7035,ISHAAN GUPTA
2025-26,1,BBL7037,1BBL7037,3,2.0,0.0,2.0,E,INSTRUMENTATION AND ANALYTICAL METHODS IN BIOENGINEERING-BBL7037,RITU KULSHRESHTHA
2025-26,1,BBL7045,1BBL7045,3,3.0,0.0,0.0,J,COMBINATORIAL BIOTECHNOLOGY-BBL7045,PREETI SRIVASTAVA
2025-26,1,BBL7054,1BBL7054,4,3.0,0.0,2.0,AB,OPTICS WITHIN LIFE SCIENCE-BBL7054,RAVI KRISHNAN ELANGOVAN
2025-26,1,BBL7071,1BBL7071,4,3.0,0.0,2.0,A,MICROBIAL BIOCHEMISTRY AND MOLECULAR BIOLOGY-BBL7071,PREETI SRIVASTAVA , PRASHANT MISHRA
2025-26,1,BBL7072,1BBL7072,3,2.0,0.0,2.0,B,DATA ANALYTICS AND INFORMATICS FOR BIOTECHNOLOGY-BBL7072,AMIT DAS
2025-26,1,BBL7073,1BBL7073,3,3.0,0.0,0.0,H,APPLIED MATHEMATICS FOR BIOCHEMICAL ENGINEERING-BBL7073,ATUL NARANG
2025-26,1,BBL731,1BBL731,4.5,3.0,0.0,3.0,C,BIOSEPARATION ENGINEERING-BBL731,SUNIL NATH
2025-26,1,BBL732,1BBL732,4,3.0,0.0,2.0,B,BIOPROCESS PLANT DESIGN-BBL732,SHAIKH ZIAUDDIN AHAMMAD
2025-26,1,BBL733,1BBL733,3.5,2.0,0.0,3.0,D,RECOMBINANT DNA TECHNOLOGY-BBL733,RITU KULSHRESHTHA
2025-26,1,BBL734,1BBL734,3,3.0,0.0,0.0,SS3,METABOLIC REGULATION AND ENGG.-BBL734,ASHISH MISRA
2025-26,1,BBL735,1BBL735,3,2.0,0.0,2.0,D,GENOMICS AND PROTEOMICS-BBL735,ISHAAN GUPTA
2025-26,1,BBL737,1BBL737,3,2.0,0.0,2.0,E,INST. & ANA. METH. IN BIOENGG.-BBL737,RITU KULSHRESHTHA
2025-26,1,BBL745,1BBL745,3,3.0,0.0,0.0,J,COMBINATORIAL BIOTECHNOLOGY-BBL745,PREETI SRIVASTAVA
2025-26,1,BBL754,1BBL754,3,3.0,0.0,0.0,AB,OPTICS WITHIN LIFE SICENCES-BBL754,RAVI KRISHNAN ELANGOVAN
2025-26,1,BBL771,1BBL771,4,3.0,0.0,2.0,A,MICROBIAL BIOCHEMISTRY AND MOLECULAR BIOLOGY-BBL771,PREETI SRIVASTAVA , PRASHANT MISHRA
2025-26,1,BBL772,1BBL772,3,2.0,0.0,2.0,B,DATA ANALYTICS AND INFORMATICS FOR BIOTECHNOLOGY-BBL772,AMIT DAS
2025-26,1,BBL773,1BBL773,3,3.0,0.0,0.0,H,APPLIED MATHEMATICS FOR BIOCHEMICAL ENGINEERING-BBL773,ATUL NARANG
2025-26,1,BBP332,1BBP332,1.5,0.0,0.0,3.0,P,BIOPROCESS ENGINEERING LAB-BBP332,ASHISH MISRA
2025-26,1,BBQ301,1BBQ301,1,0.0,0.0,2.0,P,SEMINAR COURSE - I-BBQ301,GARIMA RANI
2025-26,1,BBQ302,1BBQ302,1,0.0,0.0,2.0,P,SEMINAR COURSE - II-BBQ302,AMIT DAS
2025-26,1,BBV752,1BBV752,1,1.0,0.0,0.0,X,AGRICULTURE SUSTAINABILITY THROUGH PLANT-ASSOCIATED MICROBIOMES-BBV752,SHILPI SHARMA
2025-26,1,JCD891,1JCD891,3,0.0,0.0,6.0,P,MINOR PROJECT-JCD891,ASHOK KUMAR BHATEJA
2025-26,1,JCD893,1JCD893,12,0.0,0.0,24.0,P,M.TECH PROJECT PART-II-JCD893,ASHOK KUMAR BHATEJA
2025-26,1,JCP781,1JCP781,1,0.0,0.0,2.0,P,DATA STRUCTURES AND ALGORITHMS LAB-JCP781,ASHOK KUMAR BHATEJA
2025-26,1,CRD802,1CRD802,3,0.0,0.0,6.0,X,MINOR PROJECT-CRD802,NEEL KANTH KUNDU
2025-26,1,CRD811,1CRD811,6,0.0,0.0,12.0,P,MAJOR PROJECT PART-I-CRD811,NEEL KANTH KUNDU
2025-26,1,CRD812,1CRD812,12,0.0,0.0,24.0,P,MAJOR PROJECT PART 2-CRD812,NEEL KANTH KUNDU
2025-26,1,CRL7001,1CRL7001,3,2.0,0.0,2.0,E,INTRODUCTION TO DATA SCIENCE AND SIGNAL PROCESSING-CRL7001,PRABHU BABU
2025-26,1,CRL7003,1CRL7003,3,3.0,0.0,0.0,X,OPTIMIZATION FOR DATA SCIENCE AND SIGNAL PROCESSING-CRL7003,AAKASH ARORA
2025-26,1,CRL7007,1CRL7007,3,3.0,0.0,0.0,F,HUMAN AND MACHINE SPEECH COMMUNICATION-CRL7007,ARUN KUMAR
2025-26,1,CRL7011,1CRL7011,4,3.0,0.0,2.0,A,CAD OF RF AND MICROWAVE CIRCUITS-CRL7011,KIRILL KLIONOVSKI , MAHESH PANDURANG ABEGAONKAR
2025-26,1,CRL7013,1CRL7013,3,3.0,0.0,0.0,X,ADVANCED ENGINEERING ELECTROMAGNETICS-CRL7013,VIGYANSHU MISHRA
2025-26,1,CRL7015,1CRL7015,3,3.0,0.0,0.0,H,RADIATING SYSTEMS FOR RF COMMUNICATION-CRL7015,KIRTI DHWAJ
2025-26,1,CRL7022,1CRL7022,3,3.0,0.0,0.0,B,RF AND MICROWAVE SOLID STATE DEVICES-CRL7022,SAMARESH DAS
2025-26,1,CRL7025,1CRL7025,3,3.0,0.0,0.0,B,TECHNOLOGY OF RF AND MICROWAVE SOLID STATE DEVICES-CRL7025,RAHUL MISHRA
2025-26,1,CRL7028,1CRL7028,3,3.0,0.0,0.0,E,LOW-POWER CMOS INTEGRATED CIRCUIT DESIGN-CRL7028,ANKUR GUPTA
2025-26,1,CRL7051,1CRL7051,3,3.0,0.0,0.0,X,QUANTUM COMMUNICATIONS AND INFORMATION PROCESSING-CRL7051,NEEL KANTH KUNDU
2025-26,1,CRL707,1CRL707,3,3.0,0.0,0.0,F,HUMAN & MACHINE SPEECH COMMUNICATION-CRL707,ARUN KUMAR
2025-26,1,CRL709,1CRL709,3,3.0,0.0,0.0,J,UNDERWATER ELECTRONIC SYSTEMS-CRL709,MONIKA AGGARWAL
2025-26,1,CRL711,1CRL711,4,3.0,0.0,2.0,A,CAD OF RF AND MICROWAVE DEVICES-CRL711,KIRILL KLIONOVSKI , MAHESH PANDURANG ABEGAONKAR
2025-26,1,CRL715,1CRL715,3,3.0,0.0,0.0,H,RADIATING SYSTEM FOR RF COMMUNICATION-CRL715,KIRTI DHWAJ
2025-26,1,CRL725,1CRL725,3,3.0,0.0,0.0,B,TECHNOLOGY OF RF AND MICROWAVE SOLID STATE DEVICES-CRL725,RAHUL MISHRA
2025-26,1,CRL729,1CRL729,3,3.0,0.0,0.0,F,SENSORS AND TRANSDUCERS-CRL729,ANKUR GUPTA
2025-26,1,CRL731,1CRL731,3,3.0,0.0,0.0,E,SELECTED TOPICS IN RFDT-I-CRL731,ANKUR GUPTA
2025-26,1,CRL733,1CRL733,3,3.0,0.0,0.0,X,SELECTED TOPICS IN RFDT-III-CRL733,NEEL KANTH KUNDU
2025-26,1,CRL734,1CRL734,3,3.0,0.0,0.0,X,SELECTED TOPICS IN RFDT - IV-CRL734,AAKASH ARORA
2025-26,1,CRN7080,1CRN7080,4,0.0,0.0,8.0,X,TEACHING RESEARCH PRACTICUM-CRN7080,NEEL KANTH KUNDU
2025-26,1,CRP7018,1CRP7018,4,1.0,0.0,6.0,P,RF AND MICROWAVE MEASUREMENT LABORATORY-CRP7018,VIKRANT KAIM , PUSHPAPRAJ SINGH , PRABHU BABU
2025-26,1,CRP723,1CRP723,3,1.0,0.0,4.0,P,FABRICATION TECHNIQUES FOR RF & MICROWAVE DEVICES-CRP723,PUSHPAPRAJ SINGH
2025-26,1,CRV7081,1CRV7081,1,1.0,0.0,0.0,X,PROFESSIONAL ETHICS-CRV7081,SAMARESH DAS
2025-26,1,CRV743,1CRV743,1,1.0,0.0,0.0,X,SPECIAL MODULE IN RADIO FREQUENCY DESIGN AND TECHNOLOGY-II-CRV743,GAURAV SHARMA
2025-26,1,ASD390,1ASD390,5,0.0,0.0,10.0,Q,MINOR AREA PROJECT-ASD390,RAVI KUMAR KUNCHALA
2025-26,1,ASD881,1ASD881,6,0.0,0.0,12.0,Q,PROJECT-I-ASD881,SARVESH KUMAR DUBEY
2025-26,1,ASD895,1ASD895,36,0.0,0.0,72.0,Q,MS RESEARCH PROJECT-ASD895,SARVESH KUMAR DUBEY
2025-26,1,ASL375,1ASL375,3,3.0,0.0,0.0,F,CLIMATE OF THE PAST: LESSONS FOR THE FUTURE-ASL375,YAMA DIXIT
2025-26,1,ASL380,1ASL380,3,3.0,0.0,0.0,M,CLIMATE MODELING-ASL380,SAROJ MISHRA
2025-26,1,ASL385,1ASL385,3,3.0,0.0,0.0,M,FUNDAMENTALS OF AIR POLLUTION SCIENCE-ASL385,RAVI KUMAR KUNCHALA
2025-26,1,ASL732,1ASL732,3,2.0,0.0,2.0,F,MATHEMATICAL AND COMPUTATIONAL-ASL732,SARVESH KUMAR DUBEY
2025-26,1,ASL7320,1ASL7320,3,2.0,0.0,2.0,F,MATHEMATICAL AND COMPUTATIONAL METHODS FOR ATMOSPHERIC AND OCEANIC SCIENCES-ASL7320,SARVESH KUMAR DUBEY
2025-26,1,ASL733,1ASL733,3,3.0,0.0,0.0,B,PHYSICS OF THE ATMOSPHERE-ASL733,DILIP GANGULY
2025-26,1,ASL7330,1ASL7330,3,3.0,0.0,0.0,B,PHYSICS OF THE ATMOSPHERE-ASL7330,DILIP GANGULY
2025-26,1,ASL734,1ASL734,3,3.0,0.0,0.0,D,DYNAMICS OF THE ATMOSPHERE-ASL734,SANDEEP SUKUMARAN
2025-26,1,ASL7340,1ASL7340,3,3.0,0.0,0.0,D,DYNAMICS OF THE ATMOSPHERE-ASL7340,SANDEEP SUKUMARAN
2025-26,1,ASL735,1ASL735,3,3.0,0.0,0.0,H,ATMOSPHERIC CHEMISTRY AND AIR-ASL735,SAJEEV PHILIP
2025-26,1,ASL7350,1ASL7350,3,3.0,0.0,0.0,H,ATMOSPHERIC CHEMISTRY AND AIR POLLUTION-ASL7350,SAJEEV PHILIP
2025-26,1,ASL736,1ASL736,3,3.0,0.0,0.0,J,SCIENCE OF CLIMATE CHANGE-ASL736,SAURABH RATHORE
2025-26,1,ASL7360,1ASL7360,3,3.0,0.0,0.0,J,SCIENCE OF CLIMATE CHANGE-ASL7360,SAURABH RATHORE
2025-26,1,ASL737,1ASL737,3,3.0,0.0,0.0,E,PHYSICAL AND DYNAMICAL OCEANOGRAPHY-ASL737,SAMIRAN MANDAL
2025-26,1,ASL7370,1ASL7370,3,3.0,0.0,0.0,E,PHYSICAL AND DYNAMICAL OCEANOGRAPHY-ASL7370,SAMIRAN MANDAL
2025-26,1,ASL755,1ASL755,3,3.0,0.0,0.0,A,REMOTE SENSING OF THE ATMOSPHERE AND OCEAN-ASL755,SAGNIK DEY
2025-26,1,ASL7550,1ASL7550,3,3.0,0.0,0.0,A,REMOTE SENSING OF ATMOSPHERE AND OCEAN-ASL7550,SAGNIK DEY
2025-26,1,ASL762,1ASL762,3,3.0,0.0,0.0,J,AIR - SEA INTERACTION-ASL762,VIMLESH PANT
2025-26,1,ASL7620,1ASL7620,3,3.0,0.0,0.0,J,AIR - SEA INTERACTION-ASL7620,VIMLESH PANT
2025-26,1,ASL851,1ASL851,3,3.0,0.0,0.0,B,SPECIAL TOPICS IN CLIMATE-ASL851,SHAHZAD GANI
2025-26,1,ASP731,1ASP731,2,0.0,0.0,4.0,AA,DATA ANALYSIS METHODS FOR ATMO-ASP731,SOMNATH BAIDYA ROY
2025-26,1,ASP7310,1ASP7310,3,1.0,0.0,4.0,AA,DATA ANALYSIS METHODS FOR ATMOSPHERIC AND OCEANIC SCIENCES-ASP7310,SOMNATH BAIDYA ROY
2025-26,1,CTD801,1CTD801,6,0.0,0.0,12.0,X,MAJOR PROJECT PART-I-CTD801,MANDEEP SINGH RANA
2025-26,1,CTD802,1CTD802,12,0.0,0.0,24.0,X,MAJOR PROJECT PART-II-CTD802,MANDEEP SINGH RANA
2025-26,1,CTD895,1CTD895,36,0.0,0.0,72.0,X,MS RESEARCH PROJECT-CTD895,HUSAIN KANCHWALA
2025-26,1,CTL7003,1CTL7003,3,3.0,0.0,0.0,C,INTRODUCTION TO ELECTRIC VEHICLES-CTL7003,SAPTARSHI BASAK
2025-26,1,CTL7007,1CTL7007,3,3.0,0.0,0.0,H,BATTERIES FOR ELECTRIC VEHICLES: MULTIDISCIPLINARY PERSPECTIVES-CTL7007,SAURABH SAXENA
2025-26,1,CTL7010,1CTL7010,2,1.0,0.0,2.0,M,ETHICAL RESEARCH WRITING IN AUTOMOTIVE ENGINEERING-CTL7010,DEEPAK KUMAR
2025-26,1,CTL703,1CTL703,3,3.0,0.0,0.0,C,INTRODUCTION TO ELECTRIC VEHICLES-CTL703,SAPTARSHI BASAK
2025-26,1,CTL7035,1CTL7035,3,3.0,0.0,0.0,AD,COMPUTER AIDED ANALYSIS FOR AUTOMOTIVE ELECTRONICS-CTL7035,MANDEEP SINGH RANA
2025-26,1,CTL7045,1CTL7045,3,3.0,0.0,0.0,E,FUNDAMENTALS OF EV CHARGER DESIGN-CTL7045,SANTANU KUMAR MISHRA
2025-26,1,CTL7047,1CTL7047,3,3.0,0.0,0.0,A,HIGH POWER CONVERSION FOR ELECTRIC VEHICLES-CTL7047,KRISHNA RAJ RAMACHANDRAN POTTI
2025-26,1,CTL707,1CTL707,3,3.0,0.0,0.0,H,BATTERIES FOR ELECTRIC VEHICLES: MULTIDISCIPLINARY PERSPECTIVES-CTL707,SAURABH SAXENA
2025-26,1,CTL735,1CTL735,3,3.0,0.0,0.0,AD,COMPUTER AIDED ANALYSIS OF POWER ELECTRONICS-CTL735,MANDEEP SINGH RANA
2025-26,1,CTN7001,1CTN7001,4,0.0,0.0,8.0,X,TEACHING AND RESEARCH PRACTICUM-CTN7001,MANDEEP SINGH RANA
2025-26,1,CTN7003,1CTN7003,4,0.0,0.0,8.0,X,TEACHING AND RESEARCH PRACTICUM-CTN7003,HUSAIN KANCHWALA
2025-26,1,CTP7002,1CTP7002,3,1.0,0.0,4.0,AA1,ELECTRIC VEHICLE LABORATORY 01-CTP7002,KRISHNA RAJ RAMACHANDRAN POTTI
2025-26,1,CTP702,1CTP702,3,1.0,0.0,4.0,AA1,ELECTRIC VEHICLE LABORATORY 1-CTP702,KRISHNA RAJ RAMACHANDRAN POTTI
2025-26,1,BMD801,1BMD801,9,0.0,0.0,18.0,X,MAJOR PROJECT-I-BMD801,PRADIPTA MUKHERJEE
2025-26,1,BMD895,1BMD895,36,0.0,0.0,72.0,X,MS RESEARCH PROJECT-BMD895,AMIT MEHNDIRATTA , AARAT PRATYAKSH KALRA
2025-26,1,BML401,1BML401,3,2.0,0.0,2.0,F,HEALTHCARE ENTREPRENEURSHIP-BML401,ARNAB CHANDA
2025-26,1,BML707,1BML707,3,3.0,0.0,0.0,AB,MOLECULAR BIOENGINEERING FOR HUMAN HEALTH-BML707,SARVESH KUMAR SRIVASTAVA
2025-26,1,BML7070,1BML7070,3,3.0,0.0,0.0,AB,MOLECULAR BIOENGINEERING FOR HUMAN HEALTH-BML7070,SARVESH KUMAR SRIVASTAVA
2025-26,1,BML710,1BML710,3,3.0,0.0,0.0,H,INDUSTRIAL BIOMATERIAL TECHNOLOGY-BML710,NEETU SINGH , PRIYA VASHISTH , PRIYA VASHISTH
2025-26,1,BML7100,1BML7100,3,3.0,0.0,0.0,H,INDUSTRIAL BIOMATERIAL TECHNOLOGY-BML7100,PRIYA VASHISTH , NEETU SINGH
2025-26,1,BML714,1BML714,4,3.0,0.0,2.0,AC,ADVANCED NEUROMECHANICS-BML714,BISWARUP MUKHERJEE
2025-26,1,BML7140,1BML7140,4,3.0,0.0,2.0,AC,ADVANCED NEUROMECHANICS-BML7140,BISWARUP MUKHERJEE
2025-26,1,BML720,1BML720,3,3.0,0.0,0.0,AD,MEDICAL IMAGING-BML720,AMIT MEHNDIRATTA , ANUP SINGH
2025-26,1,BML7200,1BML7200,3,3.0,0.0,0.0,AD,MEDICAL IMAGING-BML7200,AMIT MEHNDIRATTA , ANUP SINGH
2025-26,1,BML743,1BML743,3,3.0,0.0,0.0,AA,SPECIAL TOPICS IN BIODESIGN-BML743,AARAT PRATYAKSH KALRA
2025-26,1,BML760,1BML760,2,2.0,0.0,0.0,M,BIOMEDICAL ETHICS, SAFETY AND REGULATORY AFFAIRS-BML760,KISHORE KUMAR DEEPAK
2025-26,1,BML7600,1BML7600,2,2.0,0.0,0.0,M,BIOMEDICAL ETHICS, SAFETY AND REGULATORY AFFAIRS-BML7600,KISHORE KUMAR DEEPAK
2025-26,1,BML770,1BML770,3,3.0,0.0,0.0,F,FUNDAMENTALS OF BIOMECHANICS-BML770,DEEPAK JOSHI
2025-26,1,BML7700,1BML7700,3,3.0,0.0,0.0,F,FUNDAMENTALS OF BIOMECHANICS-BML7700,DEEPAK JOSHI
2025-26,1,BML772,1BML772,3,2.0,0.0,2.0,AC,BIOFABRICATION-BML772,SACHIN KUMAR B
2025-26,1,BML7720,1BML7720,3,2.0,0.0,2.0,AC,BIOFABRICATION-BML7720,SACHIN KUMAR B
2025-26,1,BML800,1BML800,3,3.0,0.0,0.0,B,RESEARCH TECHNIQUES IN BIOMEDICAL ENGINEERING-BML800,NAVEEN KUMAR SINGH , BISWARUP MUKHERJEE
2025-26,1,BML8000,1BML8000,3,3.0,0.0,0.0,B,RESEARCH TECHNIQUES IN BIOMEDICAL ENGINEERING-BML8000,NAVEEN KUMAR SINGH , BISWARUP MUKHERJEE
2025-26,1,BML815,1BML815,2,2.0,0.0,0.0,AD,SELECTED TOPICS IN BIOMEDICAL ENGINEERING-BML815,AAYUSH KANT
2025-26,1,#N/A,#N/A,2,2.0,0.0,0.0,J,DEEP LEARNING FOR MEDICAL IMAGE ANALYSIS-BML815(B),ANUP SINGH
2025-26,1,BML8150,1BML8150,2,2.0,0.0,0.0,AD,SELECTED TOPICS IN BIOMEDICAL ENGINEERING - I-BML8150,AAYUSH KANT
2025-26,1,BML8150,1BML8150,2,2.0,0.0,0.0,K,SELECTED TOPICS IN BIOMEDICAL ENGINEERING - I-BML8150,DINESH KALYANASUNDARAM
2025-26,1,BML815F,1BML815F,2,2.0,0.0,0.0,K,SELECTED TOPICS IN BIOMEDICAL ENGG. - HEALTHCARE 5.0-BML815F,DINESH KALYANASUNDARAM
2025-26,1,BML850,1BML850,3,3.0,0.0,0.0,J,CANCER : DIAGNOSIS AND THERAPY-BML850,JAYANTA BHATTACHARYYA
2025-26,1,BML8500,1BML8500,3,3.0,0.0,0.0,J,CANCER: DIAGNOSIS AND THERAPY-BML8500,JAYANTA BHATTACHARYYA
2025-26,1,BMP744,1BMP744,2,0.0,0.0,4.0,P,ADVANCE BIOMATERIALS LABORATORY-BMP744,AARAT PRATYAKSH KALRA , AMIT MEHNDIRATTA
2025-26,1,BMP745,1BMP745,3,1.0,0.0,4.0,P,ADVANCE LABORATORY IN BIOELECTRONICS & BIOSENSING-BMP745,AARAT PRATYAKSH KALRA , AMIT MEHNDIRATTA
2025-26,1,BMP7450,1BMP7450,3,1.0,0.0,4.0,P,ADVANCED LABORATORY IN BIOELECTRONICS &AMP; BIOSENSING-BMP7450,AARAT PRATYAKSH KALRA
2025-26,1,BMP746,1BMP746,3,1.0,0.0,4.0,P,BIOMECHANICS, REHABILITATION ENGINEERING AND HAPTICS LAB-BMP746,AARAT PRATYAKSH KALRA , AMIT MEHNDIRATTA
2025-26,1,BMP7460,1BMP7460,3,1.0,0.0,4.0,P,BIOMECHANICS, REHABILITATION ENGINEERING AND HAPTICS LAB-BMP7460,AARAT PRATYAKSH KALRA
2025-26,1,BMV701,1BMV701,1,1.0,0.0,0.0,D,BASIC ELECTRONICS-BMV701,SANDEEP KUMAR JHA
2025-26,1,BMV7010,1BMV7010,1,1.0,0.0,0.0,D,BASIC ELECTRONICS-BMV7010,SANDEEP KUMAR JHA
2025-26,1,BMV702,1BMV702,1,1.0,0.0,0.0,E,BASIC MATHEMATICS FOR BIOLOGISTS-BMV702,PRADIPTA MUKHERJEE
2025-26,1,BMV7020,1BMV7020,1,1.0,0.0,0.0,E,BASIC ENGINEERING MATHEMATICS FOR BIOLOGISTS-BMV7020,PRADIPTA MUKHERJEE
2025-26,1,BMV703,1BMV703,1,1.0,0.0,0.0,X,BASIC BIOLOGY & PHYSIOLOGY-BMV703,NAVEEN KUMAR SINGH
2025-26,1,BMV7030,1BMV7030,1,1.0,0.0,0.0,X,BASIC BIOLOGY AND PHYSIOLOGY-BMV7030,NAVEEN KUMAR SINGH
2025-26,1,BMV705,1BMV705,1,1.0,0.0,0.0,X,MECHANICS OF BIOMATERIALS-BMV705,DINESH KALYANASUNDARAM
2025-26,1,BMV7050,1BMV7050,1,1.0,0.0,0.0,X,MECHANICS OF BIOMATERIALS-BMV7050,DINESH KALYANASUNDARAM
2025-26,1,RDL700,1RDL700,3,3.0,0.0,0.0,C,BIOMAS PRODUCTION-RDL700,HARIPRASAD P.
2025-26,1,RDL702,1RDL702,4,3.0,0.0,2.0,M,KARIGAR & TRADITIONAL INDUSTRIES-RDL702,VIJAYARAGHAVAN M. CHARIAR
2025-26,1,RDL7025,1RDL7025,3,3.0,0.0,0.0,AA,ECOLOGICAL PERSPECTIVE OF GROWTH AND DEVELOPMENT-RDL7025,VIVEK KUMAR
2025-26,1,RDL705,1RDL705,3,3.0,0.0,0.0,M,RURAL RESOURCES AND LIVEIHODS-RDL705,HARIPRASAD P.
2025-26,1,RDL7070,1RDL7070,3,3.0,0.0,0.0,B,TECHNOLOGIES IN AGRICULTURE VALUE CHAINS: LINKING RURAL DEVELOPMENT AND GLOBAL TRADE-RDL7070,KAVYA DASHORA
2025-26,1,RDL710,1RDL710,3,3.0,0.0,0.0,A,RURAL INDIA AND PLANNING FOR DEVELOPMENT-RDL710,AJAY SAINI
2025-26,1,RDL725,1RDL725,3,3.0,0.0,0.0,AA,ECOLOGICAL PERSPECTIVE OF GROWTH AND DEVLOPMENT-RDL725,VIVEK KUMAR
2025-26,1,RDL727,1RDL727,4,3.0,0.0,2.0,AD,CONSERVATION AND RECYCLING PRACTICES IN RURAL AREAS-RDL727,POOJA GHOSH
2025-26,1,RDL728,1RDL728,3,3.0,0.0,0.0,J,RURAL ENERGY ASSESSMENT AND PLANNING-RDL728,PRIYANKA KAUSHAL
2025-26,1,RDL740,1RDL740,3,3.0,0.0,0.0,AA,TECHNOLOGY OF UTILIZATION OF WASTELANDS & WEEDS-RDL740,ANUSHREE MALIK
2025-26,1,RDL761,1RDL761,3,2.0,0.0,2.0,K,VALUE CHAIN IN AGRO-FOOD PROCESSING-RDL761,JATINDRA KUMAR SAHU
2025-26,1,RDL770,1RDL770,3,2.0,0.0,2.0,B,RURAL VALUE CHAIN FOR HOLISTIC DEVELOPMENT-RDL770,KAVYA DASHORA
2025-26,1,RDL7700,1RDL7700,3,3.0,0.0,0.0,C,BIOMASS PRODUCTION-RDL7700,HARIPRASAD P.
2025-26,1,RDL7702,1RDL7702,4,3.0,0.0,2.0,M,TRADITIONAL ARTISANAL PRODUCTION IN INDIA-RDL7702,VIJAYARAGHAVAN M. CHARIAR
2025-26,1,RDL7705,1RDL7705,3,2.0,0.0,2.0,M,RURAL RESOURCES AND LIVELIHOODS-RDL7705,HARIPRASAD P.
2025-26,1,RDL771,1RDL771,3,3.0,0.0,0.0,F,NANOTECHNOLOGY FOR SAFE AND SUSTAINABLE AGRICULTURE-RDL771,KAVYA DASHORA
2025-26,1,RDL7710,1RDL7710,3,3.0,0.0,0.0,A,RURAL INDIA AND PLANNING FOR DEVELOPMENT-RDL7710,AJAY SAINI
2025-26,1,RDL7727,1RDL7727,3,3.0,0.0,0.0,AD,CONSERVATION AND RECYCLING PRACTICES IN RURAL AREAS-RDL7727,POOJA GHOSH
2025-26,1,RDL7728,1RDL7728,3,3.0,0.0,0.0,J,RURAL ENERGY ASSESSMENT AND PLANNING-RDL7728,PRIYANKA KAUSHAL
2025-26,1,RDL7740,1RDL7740,3,3.0,0.0,0.0,AA,TECHNOLOGY FOR UTILIZATION OF WASTELAND AND WEEDS-RDL7740,ANUSHREE MALIK
2025-26,1,RDL7761,1RDL7761,3,3.0,0.0,0.0,K,VALUE CHAIN IN AGRO-FOOD PROCESSING-RDL7761,JATINDRA KUMAR SAHU
2025-26,1,RDL7771,1RDL7771,3,3.0,0.0,0.0,F,NANOTECHNOLOGY FOR SAFE AND SUSTAINABLE AGRICULTURE-RDL7771,KAVYA DASHORA
2025-26,1,RDQ305,1RDQ305,1,0.0,0.0,2.0,X,SEMINAR COURSE-V-RDQ305,KAVYA DASHORA
2025-26,1,CHD8895,1CHD8895,42,0.0,0.0,84.0,X,MSR MAJOR PROJECT-CHD8895,MOHAN KUMAR SINGH VERMA
2025-26,1,CHL7001,1CHL7001,3,2.0,0.0,2.0,D,EXPERIMENTAL TECHNIQUES FOR CHEMICAL ENGINEERS-CHL7001,MANJESH KUMAR
2025-26,1,CHL7003,1CHL7003,3,3.0,0.0,0.0,H,SUSTAINABLE PROCESS ENGINEERING-CHL7003,ANUPAM SHUKLA
2025-26,1,CHL7006,1CHL7006,3,3.0,0.0,0.0,J,ADVANCED TRANSPORT PHENOMENA-CHL7006,PARESH PRAVINCHANDRA CHOKSHI
2025-26,1,CHL7007,1CHL7007,3,3.0,0.0,0.0,J,ADVANCED CHEMICAL ENGINEERING THERMODYNAMICS-CHL7007,S.K. GUPTA
2025-26,1,CHL7009,1CHL7009,1,1.0,0.0,0.0,K,PROFESSIONAL ETHICS IN CHEMICAL ENGINEERING-CHL7009,MOHAN KUMAR SINGH VERMA
2025-26,1,CHL7102,1CHL7102,3,3.0,0.0,0.0,E,DRUG DELIVERY FOR CHEMICAL ENGINEERS-CHL7102,AKSHI SINGLA
2025-26,1,CHL7104,1CHL7104,3,3.0,0.0,0.0,B,BIOPROCESSING AND BIOSEPARATIONS-CHL7104,ANURAG SINGH RATHORE
2025-26,1,CHL7208,1CHL7208,3,2.0,0.0,2.0,E,APPLICATIONS OF COMPUTATIONAL FLUID DYNAMICS-CHL7208,VIVEK VITTHAL BUWA
2025-26,1,CHL7314,1CHL7314,3,3.0,0.0,0.0,AB,STRUCTURE AND PROPERTIES OF POLYMERS IN SOLUTIONS-CHL7314,SUDIP KUMAR PATTANAYEK
2025-26,1,CHL7408,1CHL7408,3,3.0,0.0,0.0,B,ELECTROCHEMICAL CONVERSION AND STORAGE DEVICES-CHL7408,SUDDHASATWA BASU
2025-26,1,CHL7416,1CHL7416,3,3.0,0.0,0.0,E,PETROLEUM REFINERY ENGINEERING-CHL7416,SREEDEVI UPADHYAYULA
2025-26,1,CHL7417,1CHL7417,3,3.0,0.0,0.0,E,NATURAL GAS PROCESSING-CHL7417,ABHIJEET RAJ
2025-26,1,CHL7506,1CHL7506,3,3.0,0.0,0.0,F,COMPLEX FLUIDS TECHNOLOGY-CHL7506,RAJESH KHANNA
2025-26,1,CHL7508,1CHL7508,3,3.0,0.0,0.0,F,FUNDAMENTALS OF CAPILLARITY AND WETTING-CHL7508,SOMNATH GHOSH
2025-26,1,CHL7509,1CHL7509,3,3.0,0.0,0.0,F,INTRODUCTION TO MICROFLUIDICS AND MICROFABRICATION-CHL7509,MOHAN KUMAR SINGH VERMA
2025-26,1,CHL8009,1CHL8009,1,1.0,0.0,0.0,K,PROFESSIONAL ETHICS IN CHEMICAL ENGINEERING-CHL8009,MOHAN KUMAR SINGH VERMA
2025-26,1,CHN7704,1CHN7704,4,0.0,0.0,8.0,X,TEACHING PRACTICUM-CHN7704,MOHAN KUMAR SINGH VERMA
2025-26,1,CHN8702,1CHN8702,4,0.0,0.0,8.0,X,RESEARCH PRACTICUM-CHN8702,SOMNATH GHOSH
2025-26,1,CHN8703,1CHN8703,4,0.0,0.0,8.0,X,TEACHING PRACTICUM-CHN8703,MOHAN KUMAR SINGH VERMA
2025-26,1,CLD411,1CLD411,4,0.0,0.0,8.0,P,B. TECH. PROJECT-CLD411,VIKRANT
2025-26,1,CLD412,1CLD412,5,0.0,0.0,10.0,P,MAJOR PROJECT IN ENERGY & ENV.-CLD412,VIKRANT
2025-26,1,CLD413,1CLD413,5,0.0,0.0,10.0,P,MAJOR PROJECT IN COMPLEX FLUID-CLD413,VIKRANT
2025-26,1,CLD414,1CLD414,5,0.0,0.0,10.0,P,MAJOR PROJ. IN P.E, MOD. & OP.-CLD414,VIKRANT
2025-26,1,CLD415,1CLD415,5,0.0,0.0,10.0,P,MAJOR PROJ IN BIOP. & FINE CH.-CLD415,VIKRANT
2025-26,1,CLD771,1CLD771,3,0.0,0.0,6.0,P,MINOR PROJECT-CLD771,ABHIJEET RAJ
2025-26,1,CLD781,1CLD781,8,0.0,0.0,16.0,P,MAJOR PROJECT - I-CLD781,MOHAN KUMAR SINGH VERMA
2025-26,1,CLD782,1CLD782,12,0.0,0.0,24.0,P,MAJOR PROJECT - II-CLD782,MOHAN KUMAR SINGH VERMA
2025-26,1,CLD880,1CLD880,4,0.0,0.0,8.0,P,MINOR PROJECT-CLD880,ABHIJEET RAJ
2025-26,1,CLD881,1CLD881,8,0.0,0.0,16.0,P,MAJOR PROJECT PARTI-CLD881,ABHIJEET RAJ
2025-26,1,CLD882,1CLD882,12,0.0,0.0,24.0,P,MAJOR PROJECT PARTII-CLD882,ABHIJEET RAJ
2025-26,1,CLD895,1CLD895,36,0.0,0.0,72.0,P,M.S.R. MAJOR PROJECT-CLD895,MOHAN KUMAR SINGH VERMA
2025-26,1,CLL110,1CLL110,4,3.0,1.0,0.0,B,TRANSPORT PHENOMENA-CLL110,VIKRANT
2025-26,1,CLL110,1CLL110,4,3.0,1.0,0.0,D,TRANSPORT PHENOMENA-CLL110,SANKALP NAMBIAR
2025-26,1,CLL111,1CLL111,4,2.0,2.0,0.0,F,MATERIAL AND ENERGY BALANCE-CLL111,ANIL KUMAR SAROHA
2025-26,1,CLL113,1CLL113,4,3.0,0.0,2.0,E,NUMERICAL METHODS IN CHEMICAL-CLL113,JAYATI SARKAR
2025-26,1,CLL141,1CLL141,3,3.0,0.0,0.0,A,INTRODUCTION TO MATERIALS-CLL141,ROUSAN DEBBARMA
2025-26,1,CLL222,1CLL222,3,3.0,0.0,0.0,B,CHEMICAL REACTION ENGG - II-CLL222,DIVESH BHATIA
2025-26,1,CLL252,1CLL252,3,3.0,0.0,0.0,F,MASS TRANSFER I-CLL252,ASHOK NIWRITTI BHASKARWAR
2025-26,1,CLL252B,1CLL252B,3,3.0,0.0,0.0,F,MASS TRANSFER I-CLL252B,JATIN PANWAR
2025-26,1,CLL252B,1CLL252B,3,3.0,0.0,0.0,SS4,MASS TRANSFER I-CLL252B,JATIN PANWAR
2025-26,1,CLL261,1CLL261,4,3.0,1.0,0.0,E,PROCESS DYNAMICS AND CONTROL-CLL261,MANOJKUMAR CHARANDAS RAMTEKE
2025-26,1,CLL331,1CLL331,4,3.0,1.0,0.0,D,FLUID PARTICLE MECHANICS-CLL331,VIKRAM SINGH
2025-26,1,CLL703,1CLL703,3,3.0,0.0,0.0,H,PROCESS ENGINEERING-CLL703,ANUPAM SHUKLA
2025-26,1,CLL704,1CLL704,3,3.0,0.0,0.0,E,NATURAL GAS PROCESSING-CLL704,ABHIJEET RAJ
2025-26,1,CLL722,1CLL722,3,3.0,0.0,0.0,B,ELECTROCHEM. CONV. & STO. DEV.-CLL722,SUDDHASATWA BASU
2025-26,1,CLL731,1CLL731,3,3.0,0.0,0.0,J,ADVANCED TRANSPORT PHENOMENA-CLL731,PARESH PRAVINCHANDRA CHOKSHI
2025-26,1,CLL763,1CLL763,3,3.0,0.0,0.0,F,FUNDAMENTALS OF CAPILLARITY AND WETTING-CLL763,SOMNATH GHOSH
2025-26,1,CLL767,1CLL767,3,3.0,0.0,0.0,AB,STRUCTURES & PROP. OF POLYMERS-CLL767,SUDIP KUMAR PATTANAYEK
2025-26,1,CLL769,1CLL769,3,2.0,0.0,2.0,E,APP. OF COMP. FLUID DYNAMICS-CLL769,VIVEK VITTHAL BUWA
2025-26,1,CLL770,1CLL770,3,3.0,0.0,0.0,F,INTRODUCTION TO MICROFLUIDICS AND MICROFABRICATION-CLL770,MOHAN KUMAR SINGH VERMA
2025-26,1,CLL777,1CLL777,3,3.0,0.0,0.0,F,COMPLEX FLUIDS TECHNOLOGY-CLL777,RAJESH KHANNA
2025-26,1,CLL780,1CLL780,3,3.0,0.0,0.0,B,BIOPROCESSING & BIOSEPARATIONS-CLL780,ANURAG SINGH RATHORE
2025-26,1,CLL794,1CLL794,3,3.0,0.0,0.0,E,PETROLEUM REFINERY ENGINEERING-CLL794,SREEDEVI UPADHYAYULA
2025-26,1,CLL798,1CLL798,3,3.0,0.0,0.0,E,SEL. TOPICS IN CHEM. ENGG. - I-CLL798,AKSHI SINGLA
2025-26,1,CLP301,1CLP301,1.5,0.0,0.0,3.0,F,CHEMICAL ENGINEERING LAB I-CLP301,AKSHI SINGLA , OM PRAKASH , ROUSAN DEBBARMA , ANIL VERMA , PARESH PRAVINCHANDRA CHOKSHI
2025-26,1,CLP303,1CLP303,1.5,0.0,0.0,3.0,F,CHEMICAL ENGINEERING LAB - III-CLP303,MANJESH KUMAR , ABHIJEET RAJ , RAJESH KHANNA , SUDDHASATWA BASU
2025-26,1,CLQ301,1CLQ301,1,0.0,0.0,2.0,X,SEMINAR COURSE - I-CLQ301,SOMNATH GHOSH
2025-26,1,CLV797,1CLV797,2,2.0,0.0,0.0,J,RECENT ADV. IN CHEMICAL ENGG.-CLV797,S.K. GUPTA
2025-26,1,CMD631,1CMD631,6,0.0,0.0,12.0,P,PROJECT PART I-CMD631,TARAK KARMAKAR
2025-26,1,CMD799,1CMD799,3,0.0,0.0,6.0,P,MINOR PROJECT-CMD799,PRAVIN POPINAND INGOLE
2025-26,1,CMD806,1CMD806,9,0.0,0.0,18.0,P,MAJOR PROJECT PART - I-CMD806,PRAVIN POPINAND INGOLE
2025-26,1,CML1001,1CML1001,3,2.0,1.0,0.0,X,STRUCTURAL INSIGHTS INTO ATOMS AND MOLECULES-CML1001,SAMEER SAPRA , PRAMIT KUMAR CHOWDHURY
2025-26,1,CML1002,1CML1002,3,2.0,1.0,0.0,A,THE ART AND SCIENCE OF BUILDING MOLECULES AND MATERIALS-CML1002,KUNTAL MANNA , SUBRATA KUNDU , CHINMOY KUMAR HAZRA , RAVI P. SINGH
2025-26,1,CML102,1CML102,3,3.0,0.0,0.0,H,CHEMICAL SYNT. OF FUNC. METER.-CML102,PRIYANKA VERMA
2025-26,1,CML103,1CML103,3,3.0,0.0,0.0,H,CHEMISTRY OF INTERFACES-CML103,PRAVIN POPINAND INGOLE , NALIN PANT
2025-26,1,CML1033,1CML1033,4,3.0,1.0,0.0,AB,THERMODYNAMICS AND CHEMICAL KINETICS-CML1033,RITU GUPTA , NARAYANAN D.KURUR
2025-26,1,CML5011,1CML5011,3,3.0,0.0,0.0,D,QUANTUM CHEMISTRY AND SPECTROSCOPY-CML5011,SHASHANK DEEP
2025-26,1,CML5012,1CML5012,3,3.0,0.0,0.0,F,STEREOCHEMISTRY AND ORGANIC REACTION MECHANISMS-CML5012,MUNTHA RAMU YADAV
2025-26,1,CML5013,1CML5013,3,3.0,0.0,0.0,C,PHYSICAL METHODS OF STRUCTURE DETERMINATION ORGANIC COMPOUNDS-CML5013,JANAKIRAM VAITLA
2025-26,1,CML5014,1CML5014,3,3.0,0.0,0.0,B,MAIN GROUP CHEMISTRY-CML5014,RAVI SHANKAR
2025-26,1,CML5015,1CML5015,3,3.0,0.0,0.0,E,INSTRUMENTAL AND COMPUTATIONAL METHODS OF ANALYSIS-CML5015,SOUMIK SIDDHANTA
2025-26,1,CML511,1CML511,3,3.0,0.0,0.0,D,QUANTUM CHEMISTRY-CML511,SHASHANK DEEP
2025-26,1,CML512,1CML512,3,3.0,0.0,0.0,F,STEREOCHEM. & ORG. REAC. MECH.-CML512,MUNTHA RAMU YADAV
2025-26,1,CML513,1CML513,3,3.0,0.0,0.0,C,PHOTOCHEM. & PERICYCLIC REACT.-CML513,JANAKIRAM VAITLA
2025-26,1,CML514,1CML514,3,3.0,0.0,0.0,B,MAIN GROUP CHEMISTRY-CML514,RAVI SHANKAR
2025-26,1,CML515,1CML515,3,3.0,0.0,0.0,E,INSTRUMENTAL METHODS OF ANALYS-CML515,SOUMIK SIDDHANTA
2025-26,1,CML631,1CML631,3,3.0,0.0,0.0,F,MOLECULAR BIOCHEMISTRY-CML631,TANMAY DUTTA
2025-26,1,CML661,1CML661,3,3.0,0.0,0.0,H,SOLID STATE CHEMISTRY-CML661,SAJESH P THOMAS
2025-26,1,CML674,1CML674,3,3.0,0.0,0.0,E,PH. METHODS OF STRUCTURALDET. OF ORGANIC COMPOUNDS-CML674,GHOLAP SHIVAJIRAO LAHU
2025-26,1,CML681,1CML681,3,3.0,0.0,0.0,K,PHYSICAL METHODS IN INORGANIC CHEMISTRY-CML681,BIJU BASUMATARY
2025-26,1,CML684,1CML684,3,3.0,0.0,0.0,M,BIO-INORGANIC CHEMISTRY-CML684,SANDEEP KUMAR GUPTA , BISWARUP CHAKRABORTY
2025-26,1,CML7011,1CML7011,3,3.0,0.0,0.0,C,ADVANCED ANALYTICAL INSTRUMENTATION TECHNIQUES-CML7011,SIDDHARTH PANDEY
2025-26,1,CML7012,1CML7012,3,3.0,0.0,0.0,AD,DATA ANALYSIS AND CHEMINFORMATICS-CML7012,TARAK KARMAKAR
2025-26,1,CML7013,1CML7013,3,3.0,0.0,0.0,E,DESIGN AND SYNTHESIS OF MOLECULES AND MATERIALS-CML7013,BISWARUP CHAKRABORTY , CHINMOY KUMAR HAZRA
2025-26,1,CML7014,1CML7014,3,3.0,0.0,0.0,AC,APPLIED SPECTROSCOPY-CML7014,N.G.RAMESH
2025-26,1,CML7022,1CML7022,3,3.0,0.0,0.0,D,CHEMICAL SEPARATION AND ELECTROANALYTICAL METHODS-CML7022,JAI DEO SINGH , PRAVIN POPINAND INGOLE
2025-26,1,CML7033,1CML7033,3,3.0,0.0,0.0,J,CHEMISTRY OF INDUSTRIAL CATALYSIS-CML7033,ANIL JACOB ELIAS
2025-26,1,CML7041,1CML7041,3,3.0,0.0,0.0,A,ORGANO AND ORGANOMETALLIC CATALYSIS-CML7041,SUDIPTA RAHA ROY
2025-26,1,CML721,1CML721,3,3.0,0.0,0.0,E,DESIGN AND SYNTHESIS-CML721,BISWARUP CHAKRABORTY , CHINMOY KUMAR HAZRA
2025-26,1,CML7234,1CML7234,3,3.0,0.0,0.0,K,CHEMISTRY OF NANOSTRUCTURED MATERIALS-CML7234,RITU GUPTA
2025-26,1,CML726,1CML726,3,3.0,0.0,0.0,AD,CHEMINFORMATICS-CML726,TARAK KARMAKAR
2025-26,1,CML731,1CML731,3,3.0,0.0,0.0,D,SEPARATION AND ELECTROANALYTIC-CML731,JAI DEO SINGH , PRAVIN POPINAND INGOLE
2025-26,1,CML733,1CML733,3,3.0,0.0,0.0,J,CHEMISTRY OF INDUSTRIAL CATALY-CML733,ANIL JACOB ELIAS
2025-26,1,CML734,1CML734,3,3.0,0.0,0.0,K,CHEMISTRY OF NANOSTRUCTURED M-CML734,RITU GUPTA
2025-26,1,CML737,1CML737,3,3.0,0.0,0.0,AC,APPLIED SPECTROSCOPY-CML737,N.G.RAMESH
2025-26,1,CML741,1CML741,3,3.0,0.0,0.0,A,ORGANO AND ORGANOMETALLIC CATA-CML741,SUDIPTA RAHA ROY
2025-26,1,CMN7099,1CMN7099,4,0.0,0.0,8.0,X,TEACHING/RESEARCH PRACTICUM-CMN7099,PRAVIN POPINAND INGOLE
2025-26,1,CMN8099,1CMN8099,4,0.0,0.0,8.0,X,TEACHING/RESEARCH PRACTICUM-CMN8099,RITU GUPTA
2025-26,1,CMP100,1CMP100,2,0.0,0.0,4.0,P,CHEMISTRY LABORATORY-CMP100,SANDEEP KUMAR GUPTA , BIJU BASUMATARY
2025-26,1,CMP1000,1CMP1000,2,0.0,0.0,4.0,P,CHEMISTRY LABORATORY-CMP1000,SANDEEP KUMAR GUPTA , MUNTHA RAMU YADAV , RAVI P. SINGH , JAI DEO SINGH , SOUMIK SIDDHANTA , RAVI SHANKAR , SAMEER SAPRA , PRIYANKA VERMA , NALIN PANT , TANMAY DUTTA , GHOLAP SHIVAJIRAO LAHU , SELVARAJAN NAGENDRAN , JANAKIRAM VAITLA , SUBRATA KUNDU , ANIL JACOB ELIAS , PRAMIT KUMAR CHOWDHURY , N.G.RAMESH , SAJESH P THOMAS , SUDIPTA RAHA ROY
2025-26,1,CMP5011,1CMP5011,2,0.0,0.0,4.0,P,LAB I-CMP5011,DIBYAJYOTI GHOSH
2025-26,1,CMP5012,1CMP5012,2,0.0,0.0,4.0,P,LAB II-CMP5012,SUBRATA KUNDU
2025-26,1,CMP511,1CMP511,2,0.0,0.0,4.0,P,LAB I-CMP511,DIBYAJYOTI GHOSH , TARAK KARMAKAR , PRAVIN POPINAND INGOLE , SHASHANK DEEP
2025-26,1,CMP512,1CMP512,2,0.0,0.0,4.0,P,LAB II-CMP512,SUBRATA KUNDU , BIJU BASUMATARY , KUNTAL MANNA
2025-26,1,CMP7011,1CMP7011,3,0.0,0.0,6.0,P,LAB ON SYNTHESIS AND ANALYSIS-CMP7011,CHINMOY KUMAR HAZRA
2025-26,1,CMP722,1CMP722,3,0.0,0.0,6.0,P,LAB ON SYNTHESIS-CMP722,CHINMOY KUMAR HAZRA , BISWARUP CHAKRABORTY
2025-26,1,CVC771,1CVC771,1,0.0,0.0,2.0,X,SEMINAR IN CONSTRUCTION TECH-CVC771,KUMAR NEERAJ JHA
2025-26,1,CVC772,1CVC772,1,0.0,0.0,2.0,R,SEMINAR IN CONSTRUCTION TECHNO-CVC772,KUMAR NEERAJ JHA
2025-26,1,CVD411,1CVD411,4,0.0,0.0,8.0,X,BTECH PROJECT PART 1-CVD411,ARNAB BANERJEE
2025-26,1,CVD700,1CVD700,3,0.0,0.0,6.0,X,MINOR PROJECT-CVD700,DEBAYAN BHATTACHARYA
2025-26,1,CVD710,1CVD710,3,0.0,0.0,6.0,X,MINOR PROJECT-CVD710,SUMEET KUMAR SINHA
2025-26,1,CVD720,1CVD720,6,0.0,0.0,12.0,X,MAJOR THESIS PART-I-CVD720,ARYA V
2025-26,1,CVD721,1CVD721,12,0.0,0.0,24.0,X,MAJOR THESIS PART-II-CVD721,ARYA V
2025-26,1,CVD7290,1CVD7290,3,0.0,0.0,6.0,X,CORNERSTONE PROJECT-CVD7290,DEBAYAN BHATTACHARYA
2025-26,1,CVD757,1CVD757,9,0.0,0.0,18.0,X,MAJOR PROJECT PART-I (CES)-CVD757,SVETHA VENKATACHARI
2025-26,1,CVD758,1CVD758,9,0.0,0.0,18.0,X,MAJOR PROJECT PART-II (CES)-CVD758,SVETHA VENKATACHARI
2025-26,1,CVD7690,1CVD7690,3,0.0,0.0,6.0,X,CORNERSTONE PROJECT-CVD7690,SUMEET KUMAR SINHA
2025-26,1,CVD772,1CVD772,9,0.0,0.0,18.0,X,MAJOR PROJECT PART-I (CEC)-CVD772,ANN FRANCIS
2025-26,1,CVD773,1CVD773,12,0.0,0.0,24.0,X,MAJOR PROJECT PART-II (CEC)-CVD773,ANN FRANCIS
2025-26,1,CVD776,1CVD776,3,0.0,0.0,6.0,X,MINOR PROJECT (CET)-CVD776,SAHIL GARG
2025-26,1,CVD777,1CVD777,9,0.0,0.0,18.0,X,MAJOR PROJECT PART-I (CET)-CVD777,SAHIL GARG
2025-26,1,CVD778,1CVD778,12,0.0,0.0,24.0,X,MAJOR PROJECT PART-II (CET)-CVD778,SAHIL GARG
2025-26,1,CVD800,1CVD800,6,0.0,0.0,12.0,X,MAJOR PROJECT PART-I-CVD800,DEBAYAN BHATTACHARYA
2025-26,1,CVD801,1CVD801,12,0.0,0.0,24.0,X,MAJOR THESIS PART-II-CVD801,SUMEET KUMAR SINHA
2025-26,1,CVD810,1CVD810,6,0.0,0.0,12.0,X,MAJOR PROJECT PART-I-CVD810,SUMEET KUMAR SINHA
2025-26,1,CVD811,1CVD811,12,0.0,0.0,24.0,X,MAJOR PROJECT PART-II (CEU)-CVD811,SUMEET KUMAR SINHA
2025-26,1,CVD831,1CVD831,6,0.0,0.0,12.0,X,MAJOR PROJECT PART-I-CVD831,SAUMAVA DEY
2025-26,1,CVD832,1CVD832,12,0.0,0.0,24.0,X,MAJOR PROJECT PART-II-CVD832,SAUMAVA DEY
2025-26,1,CVD853,1CVD853,9,0.0,0.0,18.0,X,MAJOR PROJECT PART-I-CVD853,MANOJ M
2025-26,1,CVD854,1CVD854,12,0.0,0.0,24.0,X,MAJOR PROJECT PART-II-CVD854,MANOJ M
2025-26,1,CVD895,1CVD895,36,0.0,0.0,72.0,X,MSR MAJOR PROJECT-CVD895,SAUMAVA DEY
2025-26,1,CVL100,1CVL100,2,2.0,0.0,0.0,C1,ENVIRONMENTAL SCIENCE-CVL100,ARYA V , SRI HARSHA KOTA
2025-26,1,CVL100,1CVL100,2,2.0,0.0,0.0,C2,ENVIRONMENTAL SCIENCE-CVL100,SRI HARSHA KOTA , ARYA V
2025-26,1,CVL111,1CVL111,4,3.0,0.0,2.0,C,ELEMENTS OF SURVEYING-CVL111,GAZALA HABIB , ARUN KUMAR
2025-26,1,CVL121,1CVL121,3,3.0,0.0,0.0,B,ENGINEERING GEOLOGY-CVL121,BAPPADITYA MANNA , DEEPANSHU SHIROLE
2025-26,1,CVL141,1CVL141,3,3.0,0.0,0.0,H,CIVIL ENGINEERING MATERIALS-CVL141,DEEPAK KUMAR KAMDE
2025-26,1,CVL243,1CVL243,3,3.0,0.0,0.0,F,RC DESIGN-CVL243,SRINIVAS MOGILI
2025-26,1,CVL245,1CVL245,2,2.0,0.0,0.0,H,CONSTRUCTION MANAGEMENT-CVL245,ANN FRANCIS , SAHIL GARG
2025-26,1,CVL282,1CVL282,4,3.0,0.0,2.0,E,ENGINEERING HYDROLOGY-CVL282,ROHITH A N
2025-26,1,CVL313,1CVL313,3,3.0,0.0,0.0,F,AIR AND NOISE POLLUTION-CVL313,JOSEPH VARGHESE PUTHUSSERY
2025-26,1,CVL321,1CVL321,4,3.0,1.0,0.0,D,GEOTECHNICAL ENGINEERING-CVL321,PRASHANTH VANGLA
2025-26,1,CVL341,1CVL341,3,3.0,0.0,0.0,B,STRUCTURAL ANALYSIS II-CVL341,ALLAN LAMBOR MARBANIANG
2025-26,1,CVL421,1CVL421,3,3.0,0.0,0.0,F,GROUND ENGINEERING-CVL421,VENKATA RAMANA GUNTURI
2025-26,1,CVL441,1CVL441,3,3.0,0.0,0.0,H,STRUCTURAL DESIGN-CVL441,ALOK MADAN
2025-26,1,CVL461,1CVL461,3,3.0,0.0,0.0,E,LOGISTICS & FREIGHT TRANSPORT-CVL461,NEZAMUDDIN
2025-26,1,CVL485,1CVL485,3,2.0,0.0,2.0,F,RIVER MECHANICS-CVL485,DEO RAJ KAUSHAL
2025-26,1,CVL7031,1CVL7031,3,3.0,0.0,0.0,J,QUANTITATIVE METHODS IN CONSTRUCTION-CVL7031,SAHIL GARG
2025-26,1,CVL704,1CVL704,3,3.0,0.0,0.0,E,FINITE ELEMENT METHOD IN GEOTE-CVL704,DEBAYAN BHATTACHARYA
2025-26,1,CVL7051,1CVL7051,4,3.0,0.0,2.0,AA,DATA ANALYSIS FOR TRANSPORTATION ENGINEERS-CVL7051,MANOJ M , RAMACHANDRA RAO KALAGA
2025-26,1,CVL7201,1CVL7201,4,3.0,0.0,2.0,B,ENGINEERING BEHAVIOUR OF SOILS-CVL7201,SUMEET KUMAR SINHA
2025-26,1,CVL7202,1CVL7202,4,3.0,0.0,2.0,H,SITE INVESTIGATIONS AND FOUNDATION DESIGN-CVL7202,VENKATA RAMANA GUNTURI , MANOJ DATTA
2025-26,1,CVL7206,1CVL7206,3,3.0,0.0,0.0,E,FINITE ELEMENT METHOD IN GEOTECHNICAL ENGG.-CVL7206,DEBAYAN BHATTACHARYA
2025-26,1,CVL730,1CVL730,3,3.0,0.0,0.0,C,HYDROLOGIC PROCESSES AND MODEL-CVL730,MANABENDRA SAHARIA
2025-26,1,CVL7301,1CVL7301,3,3.0,0.0,0.0,H,CONSTRUCTION PROJECT MANAGEMENT-CVL7301,SYED ZAFAR SHAHID TABISH
2025-26,1,CVL731,1CVL731,3,3.0,0.0,0.0,B,OPTIMIZATION TECH. IN WATER RE-CVL731,A.K.KESHARI
2025-26,1,CVL732,1CVL732,3,3.0,0.0,0.0,E,GROUNDWATER HYDROLOGY-CVL732,BHAGU RAM CHAHAR
2025-26,1,CVL733,1CVL733,3,2.0,0.0,2.0,M,STOCHASTIC HYDROLOGY-CVL733,DHANYA C.T.
2025-26,1,CVL7379,1CVL7379,3,3.0,0.0,0.0,A,FORMWORK AND SCAFFOLD ENGINEERING-CVL7379,KUMAR NEERAJ JHA
2025-26,1,CVL738,1CVL738,3,3.0,0.0,0.0,J,ECONOMIC ASPECTS OF WA. RE. DE-CVL738,SUMEDHA CHAKMA
2025-26,1,CVL740,1CVL740,4,3.0,0.0,2.0,M,PAVEMENT MATERIALS AND DESIGN-CVL740,ARAVIND KRISHNA SWAMY
2025-26,1,CVL741,1CVL741,4,3.0,0.0,2.0,A,URBAN AND REGIONAL TRANSPORTAT-CVL741,MANOJ M
2025-26,1,CVL7411,1CVL7411,3,3.0,0.0,0.0,D,ADVANCED STRUCTURAL ANALYSIS-CVL7411,SURESH BHALLA
2025-26,1,CVL7412,1CVL7412,3,3.0,0.0,0.0,J,STRUCTURAL DYNAMICS-CVL7412,ARNAB BANERJEE
2025-26,1,CVL7413,1CVL7413,3,2.0,0.0,2.0,H,FINITE ELEMENT METHODS IN STRUCTURAL ENGINEERING-CVL7413,VASANT A. MATSAGAR
2025-26,1,CVL7414,1CVL7414,3,3.0,0.0,0.0,C,SOLID MECHANICS IN STRUCTURAL ENGINEERING-CVL7414,SAIKAT SARKAR
2025-26,1,CVL742,1CVL742,4,3.0,0.0,2.0,H,TRAFFIC ENGINEERING-CVL742,RAMACHANDRA RAO KALAGA
2025-26,1,CVL7461,1CVL7461,3,3.0,0.0,0.0,A,FIRE ENGINEERING AND DESIGN-CVL7461,SVETHA VENKATACHARI
2025-26,1,CVL7465,1CVL7465,3,3.0,0.0,0.0,M,STRUCTURAL SAFETY AND RELIABILITY-CVL7465,SAHIL BANSAL
2025-26,1,CVL7471,1CVL7471,3,3.0,0.0,0.0,D,ADVANCED CONCRETE TECHNOLOGY-CVL7471,SUPRATIC GUPTA
2025-26,1,CVL748,1CVL748,3,3.0,0.0,0.0,X,DATA ANALYSIS FOR TRANSPORTATION ENGINEERING-CVL748,MANOJ M
2025-26,1,CVL7501,1CVL7501,4,3.0,0.0,2.0,M,PAVEMENT MATERIALS AND SYSTEMS-CVL7501,ARAVIND KRISHNA SWAMY
2025-26,1,CVL7502,1CVL7502,4,3.0,0.0,2.0,A,URBAN TRANSPORTATION SYSTEMS PLANNING-CVL7502,MANOJ M
2025-26,1,CVL7503,1CVL7503,4,3.0,0.0,2.0,H,TRAFFIC ENGINEERING-CVL7503,RAMACHANDRA RAO KALAGA
2025-26,1,CVL756,1CVL756,3,3.0,0.0,0.0,D,ADVANCED STRUCTURAL ANALYSIS-CVL756,SURESH BHALLA
2025-26,1,CVL757,1CVL757,3,2.0,0.0,2.0,H,FINITE ELEMENT METHODS IN STR-CVL757,VASANT A. MATSAGAR
2025-26,1,CVL758,1CVL758,3,3.0,0.0,0.0,C,SOLID MECHANICS IN STRUCTURAL-CVL758,SAIKAT SARKAR
2025-26,1,CVL759,1CVL759,3,3.0,0.0,0.0,J,STRUCTURAL DYNAMICS-CVL759,ARNAB BANERJEE
2025-26,1,CVL7601,1CVL7601,4,3.0,0.0,2.0,B,ENGINEERING PROPERTIES OF ROCKS AND ROCK MASSES-CVL7601,TANUSREE CHAKRABORTY
2025-26,1,CVL7602,1CVL7602,4,3.0,0.0,2.0,C,ENGINEERING &AMP; STRUCTURAL GEOLOGY-CVL7602,DEEPANSHU SHIROLE
2025-26,1,CVL7703,1CVL7703,3,3.0,0.0,0.0,AD,WATER ENGINEERING-CVL7703,SOVIK DAS
2025-26,1,CVL7704,1CVL7704,3,3.0,0.0,0.0,S,SOLID WASTE ENGINEERING AND MANAGEMENT-CVL7704,BABU J.ALAPPAT
2025-26,1,CVL7705,1CVL7705,3,2.0,0.0,2.0,AB,AIR-NOISE POLLUTION AND CLIMATE-CVL7705,GAZALA HABIB
2025-26,1,CVL771,1CVL771,3,3.0,0.0,0.0,D,ADVANCED CONCRETE TECHNOLOGY-CVL771,SUPRATIC GUPTA
2025-26,1,CVL772,1CVL772,3,3.0,0.0,0.0,H,CONSTRUCTION PROJECT MANAGEMEN-CVL772,SYED ZAFAR SHAHID TABISH
2025-26,1,CVL773,1CVL773,3,3.0,0.0,0.0,J,QUANTITATIVE METHODS IN CONSTR-CVL773,SAHIL GARG
2025-26,1,CVL7735,1CVL7735,3,3.0,0.0,0.0,C,SUSTAINABILITY ASSESSMENT AND GREEN BUILDING DESIGN-CVL7735,ANN FRANCIS
2025-26,1,CVL779,1CVL779,3,3.0,0.0,0.0,A,FORMWORK FOR CONCRETE STRUCTU-CVL779,KUMAR NEERAJ JHA
2025-26,1,CVL7801,1CVL7801,3,3.0,0.0,0.0,C,HYDROLOGIC PROCESSES AND MODELLING-CVL7801,MANABENDRA SAHARIA
2025-26,1,CVL7803,1CVL7803,3,3.0,0.0,0.0,E,GROUNDWATER HYDROLOGY-CVL7803,BHAGU RAM CHAHAR
2025-26,1,CVL7805,1CVL7805,3,3.0,0.0,0.0,B,OPTIMIZATION TECHNIQUES IN WATER RESOURCES-CVL7805,A.K.KESHARI
2025-26,1,CVL7811,1CVL7811,3,3.0,0.0,0.0,M,STOCHASTIC HYDROLOGY-CVL7811,DHANYA C.T.
2025-26,1,CVL7813,1CVL7813,3,3.0,0.0,0.0,J,ECONOMIC ASPECTS OF WATER RESOURCES DEVELOPMENT-CVL7813,SUMEDHA CHAKMA
2025-26,1,CVL7816,1CVL7816,3,3.0,0.0,0.0,H,WATER RESOURCES SYSTEMS-CVL7816,GAURAV TALUKDAR
2025-26,1,CVL801,1CVL801,3,3.0,0.0,0.0,B,CONSTITUTIVE MODELLING INGEOTECHNICS-CVL801,JAGDISH TELANGRAO SHAHU
2025-26,1,CVL810,1CVL810,4.5,3.0,0.0,3.0,B,EMERGING TOPICS IN ROCK ENGINEERING AND UNDERGROUND STRUCTURES-CVL810,DEBAYAN BHATTACHARYA , DEEPANSHU SHIROLE , BAPPADITYA MANNA
2025-26,1,CVL820,1CVL820,3,3.0,0.0,0.0,A,ENVIRONMENTAL IMPACT ASSESSMENT-CVL820,MUKESH KHARE , ARVIND KUMAR NEMA
2025-26,1,CVL8201,1CVL8201,3,3.0,0.0,0.0,B,CONSTITUTIVE MODELLING IN GEOTECHNICS-CVL8201,JAGDISH TELANGRAO SHAHU
2025-26,1,CVL821,1CVL821,3,3.0,0.0,0.0,C,INDUSTRIAL WASTE MANAGEMENT AND AUDIT -CVL821,ATUL KUMAR MITTAL
2025-26,1,CVL833,1CVL833,3,3.0,0.0,0.0,H,WATER RESOURCES SYSTEMS-CVL833,GAURAV TALUKDAR
2025-26,1,CVL8374,1CVL8374,3,3.0,0.0,0.0,M,QUALITY &AMP; SAFETY IN CONSTRUCTION-CVL8374,PAWAN PANDEY
2025-26,1,CVL8452,1CVL8452,3,3.0,0.0,0.0,M,ATOMISTIC &AMP; MULTISCALE MODELLING OF MATERIALS-CVL8452,ANOOP KRISHNAN NADUVATH MANA
2025-26,1,CVL850,1CVL850,3,3.0,0.0,0.0,X,TRANSPORTATION LOGISTICS-CVL850,NEZAMUDDIN
2025-26,1,CVL851A,1CVL851A,3,3.0,0.0,0.0,A,SPECIAL TOPICS IN TRANSPORTATION ENGINEERING-CVL851A,PRAMESH KUMAR
2025-26,1,CVL8550,1CVL8550,3,3.0,0.0,0.0,A,TRAFFIC ASSIGNMENT AND ITS APPLICATIONS-CVL8550,PRAMESH KUMAR
2025-26,1,CVL857,1CVL857,3,3.0,0.0,0.0,M,STRUCTURAL SAFETY AND RELIABILITY-CVL857,SAHIL BANSAL
2025-26,1,CVL867,1CVL867,3,3.0,0.0,0.0,M,ATOMISTIC AND MULTISCALE MODELING OF MATERIALS-CVL867,ANOOP KRISHNAN NADUVATH MANA
2025-26,1,CVL8707,1CVL8707,3,3.0,0.0,0.0,A,ENVIRONMENTAL IMPACT ASSESSMENT-CVL8707,ARVIND KUMAR NEMA , MUKESH KHARE
2025-26,1,CVL8711,1CVL8711,3,3.0,0.0,0.0,C,INDUSTRIAL WASTE MANAGEMENT-CVL8711,ATUL KUMAR MITTAL
2025-26,1,CVL873,1CVL873,3,3.0,0.0,0.0,A,FIRE ENGINEERING AND DESIGN-CVL873,SVETHA VENKATACHARI
2025-26,1,CVL874,1CVL874,3,3.0,0.0,0.0,M,QUALITY AND SAFETY IN CONSTRUC-CVL874,PAWAN PANDEY
2025-26,1,CVL875,1CVL875,3,3.0,0.0,0.0,C,SUSTAINABLE MATERIALS AND GREE-CVL875,ANN FRANCIS
2025-26,1,CVN7201,1CVN7201,4,0.0,0.0,8.0,X,TEACHING/RESEARCH PRACTICUM IN GEOTECHNICAL AND GEOENVIRONMENTAL ENGINEERING-CVN7201,DEBAYAN BHATTACHARYA
2025-26,1,CVN7395,1CVN7395,4,0.0,0.0,8.0,X,TEACHING/RESEARCH PRACTICUM IN CONSTRUCTION TECHNOLOGY AND MANAGEMENT-CVN7395,ANN FRANCIS
2025-26,1,CVN7401,1CVN7401,4,0.0,0.0,8.0,X,TEACHING/RESEARCH PRACTICUM IN STRUCTURAL ENGINEERING-CVN7401,SVETHA VENKATACHARI
2025-26,1,CVN7591,1CVN7591,4,0.0,0.0,8.0,X,TEACHING/RESEARCH PRACTICUM FOR M.TECH. IN TRANSPORTATION ENGINEERING-CVN7591,MANOJ M
2025-26,1,CVN7701,1CVN7701,4,0.0,0.0,8.0,X,TEACHING AND RESEARCH PRACTICUM-CVN7701,JOSEPH VARGHESE PUTHUSSERY
2025-26,1,CVN7801,1CVN7801,4,0.0,0.0,8.0,X,TEACHING/RESEARCH PRACTICUM-CVN7801,SAUMAVA DEY
2025-26,1,CVP121,1CVP121,1,0.0,0.0,2.0,B,ENGINEERING GEOLOGY LABORATORY-CVP121,TANUSREE CHAKRABORTY , DEEPANSHU SHIROLE , BAPPADITYA MANNA
2025-26,1,CVP243,1CVP243,1.5,0.0,0.0,3.0,F,STRUCT. & MAT. (CONCRETE) LAB-CVP243,SRINIVAS MOGILI
2025-26,1,CVP321,1CVP321,1,0.0,0.0,2.0,D,GEOTECHNICAL ENGINEERING LAB-CVP321,SUMEET KUMAR SINHA
2025-26,1,CVP441,1CVP441,1.5,0.0,0.0,3.0,E,STRUCTURAL DESIGN & DETAILING-CVP441,SAHIL BANSAL
2025-26,1,CVP484,1CVP484,3,1.0,0.0,4.0,F,COMPUTATIONAL ASPECTS IN WATER RESOURCES-CVP484,SAUMAVA DEY
2025-26,1,CVP7201,1CVP7201,3,0.0,0.0,6.0,P,SOIL ENGINEERING LABORATORY-CVP7201,DEBAYAN BHATTACHARYA , PRASHANTH VANGLA
2025-26,1,CVP7412,1CVP7412,1.5,0.0,0.0,3.0,P,STRUCTURAL DYNAMICS LABORATORY-CVP7412,ARNAB BANERJEE
2025-26,1,CVP7601,1CVP7601,3,0.0,0.0,6.0,P,ROCK MECHANICS LAB-CVP7601,DEEPANSHU SHIROLE
2025-26,1,CVP7701,1CVP7701,2,0.0,0.0,4.0,AC,ENVIRONMENTAL ENGINEERING LABORATORY I-CVP7701,ARUN KUMAR , ATUL KUMAR MITTAL
2025-26,1,CVP7707,1CVP7707,0.5,0.0,0.0,1.0,M,FIELD VISIT TO ENVIRONMENTAL FACILITIES-CVP7707,ATUL KUMAR MITTAL
2025-26,1,CVP772,1CVP772,1.5,0.0,0.0,3.0,P,COMPUTATIONAL LABORATORY-CVP772,ANN FRANCIS
2025-26,1,CVP7772,1CVP7772,2,0.0,0.0,4.0,P,COMPUTATIONAL LABORATORY: DIGITAL CONSTRUCTION STUDIO-CVP7772,ANN FRANCIS
2025-26,1,CVQ7371,1CVQ7371,1,0.0,0.0,2.0,X,SEMINAR 1- CONSTRUCTION TECHNOLOGY AND MANAGEMENT-CVQ7371,KUMAR NEERAJ JHA
2025-26,1,CVR7296,1CVR7296,0.5,0.0,0.0,1.0,X,GEOTECHNICAL ENGINEERING PRACTICE AND OUTREACH-CVR7296,SUMEET KUMAR SINHA
2025-26,1,CVS776,1CVS776,3,0.0,0.0,6.0,X,INDEPENDENT STUDY (CET)-CVS776,PAWAN PANDEY
2025-26,1,CVS830,1CVS830,3,0.0,3.0,0.0,X,INDEPENDENT STUDY-CVS830,MANABENDRA SAHARIA
2025-26,1,COD300,1COD300,2,0.0,0.0,4.0,X,DESIGN PROJECT-COD300,AADITESHWAR SETH
2025-26,1,COD310,1COD310,3,0.0,0.0,6.0,X,MINI PROJECT-COD310,AADITESHWAR SETH
2025-26,1,COD492,1COD492,6,0.0,0.0,12.0,X,B.TECH PROJECT PART 1-COD492,AADITESHWAR SETH
2025-26,1,COD494,1COD494,8,0.0,0.0,16.0,X,B.TECH PROJECT PART 2-COD494,AADITESHWAR SETH
2025-26,1,COD891,1COD891,3,0.0,0.0,6.0,X,MINOR PROJECT-COD891,NIKHIL BALAJI C R
2025-26,1,COD892,1COD892,7,0.0,0.0,14.0,X,M.TECH PROJECT PARTI-COD892,NIKHIL BALAJI C R
2025-26,1,COD893,1COD893,14,0.0,0.0,28.0,X,M.TECH PROJECT PARTII-COD893,NIKHIL BALAJI C R
2025-26,1,COD895,1COD895,36,0.0,0.0,72.0,X,MSR PROJECT-COD895,SAYAN RANU
2025-26,1,COL1000,1COL1000,4,3.0,0.0,2.0,X,INTRODUCTION TO PROGRAMMING-COL1000,SUBODH KUMAR , PRIYANKA GOLIA , SAYAN RANU , SUBODH VISHNU SHARMA
2025-26,1,COL106,1COL106,5,3.0,0.0,4.0,F,DATA STRUCTURES AND ALGORITHMS-COL106,RAJENDRA KUMAR , ROHIT VAISH
2025-26,1,COL202,1COL202,4,3.0,1.0,0.0,B,DISCRETE MATHEMATICAL STRUCTUR-COL202,ASHISH CHIPLUNKAR
2025-26,1,COL215,1COL215,5,3.0,0.0,4.0,E,DIGITAL LOGIC & SYSTEM DESIGN-COL215,PREETI RANJAN PANDA
2025-26,1,COL331,1COL331,5,3.0,0.0,4.0,S1,OPERATING SYSTEMS-COL331,SMRUTI RANJAN SARANGI
2025-26,1,COL333,1COL333,4,3.0,0.0,2.0,F,PRINCIPLES OF ARTIFICIAL INT.-COL333,MAUSAM
2025-26,1,COL334,1COL334,4,3.0,0.0,2.0,D,COMPUTER NETWORKS-COL334,TARUN MANGLA
2025-26,1,COL351,1COL351,4,3.0,1.0,0.0,E,ANALYSIS & DESIGN OF ALGORITHMS-COL351,NAVEEN GARG
2025-26,1,COL671,1COL671,4,3.0,0.0,2.0,F,ARTIFICIAL INTELLIGENCE-COL671,MAUSAM
2025-26,1,COL672,1COL672,4,3.0,0.0,2.0,D,COMPUTER NETWORKS-COL672,TARUN MANGLA
2025-26,1,COL7001,1COL7001,2,2.0,0.0,0.0,D,SYSTEMS CONCEPTS-COL7001,KOLIN PAUL
2025-26,1,COL7004,1COL7004,4,3.0,1.0,0.0,A,MATHEMATICAL FOUNDATIONS OF COMPUTING-COL7004,AMIT KUMAR
2025-26,1,COL702,1COL702,4,3.0,0.0,2.0,A,ADVANCED DATA STRUCTURES-COL702,AMIT KUMAR
2025-26,1,COL703,1COL703,4,3.0,0.0,2.0,B,LOGIC FOR COMPUTER SCIENCE-COL703,VAISHNAVI SUNDARARAJAN
2025-26,1,COL7151,1COL7151,3,3.0,0.0,0.0,AA,ALGORITHMIC GRAPH THEORY-COL7151,KEERTI CHOUDHARY
2025-26,1,COL7153,1COL7153,3,3.0,0.0,0.0,AD,COMPLEXITY THEORY-COL7153,NIKHIL BALAJI C R
2025-26,1,COL718,1COL718,4,3.0,0.0,2.0,B,ARCH. OF HIGH PERF. COMPUTERS-COL718,KOLIN PAUL
2025-26,1,COL7188,1COL7188,3,3.0,0.0,0.0,AB,CONCENTRATION INEQUALITIES AND THEIR APPLICATIONS IN COMPUTER SCIENCE-COL7188,AMITABHA BAGCHI
2025-26,1,COL7203,1COL7203,4,3.0,0.0,2.0,B,LOGIC FOR COMPUTER SCIENCE-COL7203,VAISHNAVI SUNDARARAJAN
2025-26,1,COL724,1COL724,4,3.0,0.0,2.0,J,ADVANCED COMPUTER NETWORKS-COL724,HUZUR SARAN
2025-26,1,COL7333,1COL7333,4,3.0,0.0,2.0,F,INTRODUCTION TO ARTIFICIAL INTELLIGENCE-COL7333,MAUSAM
2025-26,1,COL7341,1COL7341,4,3.0,0.0,2.0,C,FUNDAMENTALS OF MACHINE LEARNING-COL7341,PARAG SINGLA
2025-26,1,COL7364,1COL7364,4,3.0,0.0,2.0,AA,INFORMATION RETRIEVAL AND WEB SEARCH-COL7364,MAYA RAMANATH
2025-26,1,COL7375,1COL7375,4,3.0,0.0,2.0,H,DEEP LEARNING-COL7375,RAHUL GARG
2025-26,1,COL740,1COL740,4,3.0,0.0,2.0,H,SOFTWARE ENGINEERING-COL740,SMRUTI RANJAN SARANGI
2025-26,1,COL7418,1COL7418,4,3.0,0.0,2.0,B,ARCHITECTURE OF HIGH PERFORMANCE COMPUTERS-COL7418,KOLIN PAUL
2025-26,1,COL751,1COL751,3,3.0,0.0,0.0,AA,ALGORITHMIC GRAPH THEORY-COL751,KEERTI CHOUDHARY
2025-26,1,COL7524,1COL7524,4,3.0,0.0,2.0,J,ADVANCED NETWORKS-COL7524,HUZUR SARAN
2025-26,1,COL753,1COL753,3,3.0,0.0,0.0,AD,COMPLEXITY THEORY-COL753,NIKHIL BALAJI C R
2025-26,1,COL7540,1COL7540,4,3.0,0.0,2.0,H,SOFTWARE ENGINEERING-COL7540,SMRUTI RANJAN SARANGI
2025-26,1,COL764,1COL764,4,3.0,0.0,2.0,AA,INFORMATION RETRIEVAL AND WEB SEARCH-COL764,MAYA RAMANATH
2025-26,1,COL7683,1COL7683,4.5,3.0,0.0,3.0,AC,DIGITAL IMAGE ANALYSIS-COL7683,RAHUL NARAIN
2025-26,1,COL774,1COL774,4,3.0,0.0,2.0,C,MACHINE LEARNING-COL774,PARAG SINGLA
2025-26,1,COL775,1COL775,4,3.0,0.0,2.0,H,DEEP LEARNING-COL775,RAHUL GARG
2025-26,1,COL783,1COL783,4.5,3.0,0.0,3.0,AC,DIGITAL IMAGE ANALYSIS-COL783,RAHUL NARAIN
2025-26,1,COL828,1COL828,4,3.0,0.0,2.0,AD,ADVANCED COMPUTER VISION-COL828,CHETAN ARORA
2025-26,1,COL8381,1COL8381,3,3.0,0.0,0.0,AB,SPECIAL TOPICS IN ARTIFICIAL INTELLIGENCE-COL8381,ROHAN PAUL
2025-26,1,COL8385,1COL8385,3,3.0,0.0,0.0,AC,SPECIAL TOPICS IN MACHINE LEARNING I-COL8385,SRIKANTA BEDATHUR JAGANNATH
2025-26,1,COL8395,1COL8395,3,3.0,0.0,0.0,AB,SPECIAL TOPICS IN DATA MANAGEMENT I-COL8395,KAUSTUBH BEEDKAR
2025-26,1,COL851,1COL851,3,3.0,0.0,0.0,AA,SPL. TOPICS IN OPERATING SYS.-COL851,RIJUREKHA SEN
2025-26,1,COL8590,1COL8590,3,3.0,0.0,0.0,AA,SPECIAL TOPICS IN OPERATING SYSTEMS I-COL8590,RIJUREKHA SEN
2025-26,1,COL8595,1COL8595,3,3.0,0.0,0.0,AC,SPECIAL TOPICS IN SOFTWARE SYSTEMS I-COL8595,ABHILASH JINDAL
2025-26,1,COL862,1COL862,3,3.0,0.0,0.0,AC,SPL TOPICS IN SOFTWARE SYSTEMS-COL862,ABHILASH JINDAL
2025-26,1,COL8628,1COL8628,4,3.0,0.0,2.0,AD,ADVANCED COMPUTER VISION-COL8628,CHETAN ARORA
2025-26,1,COL863,1COL863,3,3.0,0.0,0.0,AB,SPL. TOPICS IN THEO. COMP. SC.-COL863,AMITABHA BAGCHI
2025-26,1,COL864,1COL864,3,3.0,0.0,0.0,AB,SPL. TOPICS IN ARTIFICIAL INT.-COL864,ROHAN PAUL
2025-26,1,COL865,1COL865,3,3.0,0.0,0.0,AB,SPECIAL TOPICS IN COMPUTER AP.-COL865,VIRESHWAR KUMAR
2025-26,1,COL868,1COL868,3,3.0,0.0,0.0,AB,SPL. TOPICS IN DATABASE SYST.-COL868,KAUSTUBH BEEDKAR
2025-26,1,COL870,1COL870,3,3.0,0.0,0.0,AC,SPL. TOPICS IN MACHINE LEARNI.-COL870,SRIKANTA BEDATHUR JAGANNATH
2025-26,1,CON800,1CON800,4,0.0,0.0,8.0,X,TEACHING PRACTICUM IN COMPUTER SCIENCE AND ENGINEERING-CON800,ASHISH CHIPLUNKAR , VAISHNAVI SUNDARARAJAN
2025-26,1,CON8000,1CON8000,4,0.0,0.0,8.0,X,TEACHING PRACTICUM IN COMPUTER SCIENCE AND ENGINEERING-CON8000,ASHISH CHIPLUNKAR
2025-26,1,CON8001,1CON8001,4,0.0,0.0,8.0,X,RESEARCH PRACTICUM IN COMPUTER SCIENCE AND ENGINEERING-CON8001,ASHISH CHIPLUNKAR
2025-26,1,CON801,1CON801,5,1.0,0.0,8.0,X,RESEARCH PRACTICUM IN COMPUTER SCIENCE AND ENGINEERING-CON801,ASHISH CHIPLUNKAR
2025-26,1,COP290,1COP290,3,0.0,0.0,6.0,SS1,DESIGN PRACTICES-COP290,RIJUREKHA SEN
2025-26,1,COQ301,1COQ301,1,0.0,0.0,2.0,X,SEMINAR COURSE - I-COQ301,RIJUREKHA SEN
2025-26,1,COQ302,1COQ302,1,0.0,0.0,2.0,X,SEMINAR COURSE - II-COQ302,AMITABHA BAGCHI
2025-26,1,COQ303,1COQ303,1,0.0,0.0,2.0,X,SEMINAR COURSE - III-COQ303,ROHAN PAUL
2025-26,1,COQ304,1COQ304,1,0.0,0.0,2.0,X,SEMINAR COURSE - IV-COQ304,KAUSTUBH BEEDKAR
2025-26,1,COS310,1COS310,3,0.0,3.0,0.0,X,INDEPENDENT STUDY (CS)-COS310,AADITESHWAR SETH
2025-26,1,COS7099,1COS7099,3,0.0,3.0,0.0,X,INDEPENDENT STUDY-COS7099,NIKHIL BALAJI C R
2025-26,1,COS799,1COS799,3,0.0,3.0,0.0,X,INDEPENDENT STUDY-COS799,NIKHIL BALAJI C R
2025-26,1,COV8280,1COV8280,1,1.0,0.0,0.0,X,SPECIAL MODULE IN VERIFICATION-COV8280,SUBODH VISHNU SHARMA
2025-26,1,COV8289,1COV8289,1,1.0,0.0,0.0,X,SPECIAL MODULE IN CONCURRENCY-COV8289,SANJIVA PRASAD
2025-26,1,COV8378,1COV8378,1,1.0,0.0,0.0,X,SPECIAL MODULE IN MACHINE LEARNING I-COV8378,ADARSH BARIK
2025-26,1,COV878,1COV878,1,1.0,0.0,0.0,X,SPECIAL MODULE IN MACHINE LEA.-COV878,ADARSH BARIK
2025-26,1,COV888,1COV888,1,1.0,0.0,0.0,X,SPL. MODULE IN DATABASE SYST.-COV888,SUBHASH BHALLA
2025-26,1,COV889,1COV889,1,1.0,0.0,0.0,X,SPECIAL MODULE IN CONCURRENCY-COV889,SANJIVA PRASAD
2025-26,1,JCD892,1JCD892,6,0.0,0.0,12.0,X,M.TECH. PROJECT PART-I-JCD892,ASHOK KUMAR BHATEJA
2025-26,1,DDD310,1DDD310,4,0.0,0.0,8.0,X,DESIGN PROJECT-3 (COLLABORATIVE DESIGN PROJECT)-DDD310,SUMER SINGH
2025-26,1,DDD510,1DDD510,9,0.0,0.0,18.0,X,DESIGN PROJECT-5 DISSERTATION (DISSERTATION PROJECT / THESIS, CONTINUED)-DDD510,SRINIVASAN VENKATARAMAN
2025-26,1,DDD799,1DDD799,4,1.0,0.0,6.0,X,DESIGN PROJECT-DDD799,SRINIVASAN VENKATARAMAN
2025-26,1,DDD891,1DDD891,6,0.0,0.0,12.0,X,DESIGN PROJECT -2-DDD891,GOURAB KAR
2025-26,1,DDL211,1DDL211,3,1.0,0.0,4.0,A,MATERIALS AND PROTOTYPING-DDL211,P.V.MADHUSUDHAN RAO
2025-26,1,DDL212,1DDL212,3,1.0,0.0,4.0,X,ADVANCED VISUALIZATION TECHNIQUES-DDL212,CHARU MONGA
2025-26,1,DDL213,1DDL213,3,1.0,0.0,4.0,AD,CAD AND DIGITAL PROTOTYPING-DDL213,PRAMOD RATNAKAR KHADILKAR
2025-26,1,DDL214,1DDL214,2,1.0,0.0,2.0,AB,ENGINEERING FOR DESIGNERS-DDL214,SRINIVASAN VENKATARAMAN
2025-26,1,DDL215,1DDL215,2,1.0,0.0,2.0,AA,DESIGN FOR FUTURE-DDL215,AAKASH JOHRY
2025-26,1,DDL217,1DDL217,3,2.0,0.0,2.0,B,PHOTOGRAPHY, ILLUSTRATION AND MOVING IMAGES-DDL217,SUBIR DEY
2025-26,1,DDL311,1DDL311,3,1.0,0.0,4.0,AD,BRANDING-IDENTITY AND PACKAGING DESIGN-DDL311,SUMER SINGH
2025-26,1,DDL312,1DDL312,3,1.0,0.0,4.0,B,DESIGN FOR DEVELOPING NATIONS-DDL312,PRAMOD RATNAKAR KHADILKAR
2025-26,1,DDL313,1DDL313,3,1.0,0.0,4.0,R,CREATIVITY & SUSTAINABILITY IN NATURE-DDL313,JAY DHARIWAL
2025-26,1,DDL314,1DDL314,3,1.0,0.0,4.0,AB,DESIGNING FOR SOCIETY & CULTURE-DDL314,JYOTI KUMAR
2025-26,1,DDL315,1DDL315,3,1.0,0.0,4.0,AA,DESIGN FOR UI / UX-DDL315,ANEESHA SHARMA
2025-26,1,DDL411,1DDL411,2,1.0,0.0,2.0,K,DESIGN MANAGEMENT AND IPR-DDL411,GOURAB KAR
2025-26,1,DDL725,1DDL725,3,2.0,0.0,2.0,D,INFORMATION DESIGN & DATA VISUALIZATION-DDL725,ANEESHA SHARMA
2025-26,1,DDL742,1DDL742,3,2.0,0.0,2.0,M,UNIVERSAL DESIGN-DDL742,GOURAB KAR
2025-26,1,DDL764,1DDL764,3,2.0,0.0,2.0,X,VISUAL AND INTERACTIVE NARRATIVES-DDL764,CHARU MONGA
2025-26,1,DDL782,1DDL782,3,2.0,0.0,2.0,AD,DESIGN FOR USABILITY-DDL782,JYOTI KUMAR
2025-26,1,DDL820,1DDL820,3,3.0,0.0,0.0,AB,SPECIAL TOPICS IN DESIGN 2-DDL820,PRAMOD RATNAKAR KHADILKAR
2025-26,1,DDP216,1DDP216,1,0.0,0.0,2.0,P,ART AND CRAFT PRACTICUM-DDP216,CHARU MONGA
2025-26,1,DDR324,1DDR324,2,0.0,0.0,4.0,X,INDUSTRY INTERNSHIP-DDR324,SUBIR DEY
2025-26,1,DDR852,1DDR852,3,2.0,0.0,2.0,X,STRATEGIC DESIGN MANAGEMENT-DDR852,SUMER SINGH
2025-26,1,DTD899,1DTD899,0,0.0,0.0,0.0,P,DOCTORAL THESIS-DTD899,IITD SUPPORT
2025-26,1,EED412,1EED412,7,0.0,0.0,14.0,P,MAJOR PROJECT PART 2 (EE)-EED412,SOUTIK BETAL
2025-26,1,ELD411,1ELD411,3,0.0,0.0,6.0,P,B.TECH. PROJECT - I-ELD411,SOUTIK BETAL
2025-26,1,ELD431,1ELD431,3,0.0,0.0,6.0,P,B.TECH. PROJECT - I-ELD431,SOUTIK BETAL
2025-26,1,ELD801,1ELD801,6,0.0,0.0,12.0,P,MAJOR PROJECT PART I-ELD801,PRIYANK SRIVASTAVA
2025-26,1,ELD802,1ELD802,12,0.0,0.0,24.0,P,MAJOR PROJECT PART II-ELD802,PRIYANK SRIVASTAVA
2025-26,1,ELD811,1ELD811,6,0.0,0.0,12.0,P,MAJOR PROJECT PART-I (COMMUNIC-ELD811,HARSHAN JAGADEESH
2025-26,1,ELD830,1ELD830,3,0.0,0.0,6.0,P,MINOR PROJECT-ELD830,DHIMAN MALLICK
2025-26,1,ELD831,1ELD831,6,0.0,0.0,12.0,P,MAJOR PROJECT PART-I (INTEGRAT-ELD831,DHIMAN MALLICK
2025-26,1,ELD832,1ELD832,12,0.0,0.0,24.0,P,MAJOR PROJECT PART-II-ELD832,DHIMAN MALLICK
2025-26,1,ELD850,1ELD850,3,0.0,0.0,6.0,P,MINOR PROJECT-ELD850,SOUMYA SHUBHRA NAG
2025-26,1,ELD851,1ELD851,6,0.0,0.0,12.0,P,MAJOR PROJECT PART-I-ELD851,SOUMYA SHUBHRA NAG
2025-26,1,ELD871,1ELD871,6,0.0,0.0,12.0,P,MAJOR PROJECT PART-I-ELD871,NILANJAN SENROY
2025-26,1,ELD872,1ELD872,12,0.0,0.0,24.0,P,MAJOR PROJECT PART-II-ELD872,NILANJAN SENROY
2025-26,1,ELD880,1ELD880,6,0.0,0.0,12.0,P,MAJOR PROJECT PART-I-ELD880,TANMOY CHAKRABORTY
2025-26,1,ELD881,1ELD881,12,0.0,0.0,24.0,X,MAJOR PROJECT PART II-ELD881,TANMOY CHAKRABORTY
2025-26,1,ELD895,1ELD895,36,0.0,0.0,72.0,P,MS RESEARCH PROJECT-ELD895,ANANDARUP DAS
2025-26,1,ELL1000,1ELL1000,4,2.0,1.0,2.0,X1,INTRODUCTION TO ELECTRICAL ENGINEERING-ELL1000,DEEPAK UMAKANT PATIL
2025-26,1,ELL1000,1ELL1000,4,2.0,1.0,2.0,D,INTRODUCTION TO ELECTRICAL ENGINEERING-ELL1000,DEEPAK UMAKANT PATIL , VIVEK VENKATARAMAN , SUBRAT KAR , ABHISEK DIXIT , HARSHAN JAGADEESH , GOURAB GHATAK , TAPAN KUMAR GANDHI , RAHUL MISHRA , BREJESH LALL , SANDEEP KUMAR , PUSHPAPRAJ SINGH , DEBIDAS KUNDU , AMARTANSH DUBEY , KRISHAN KANT , LALAN KUMAR
2025-26,1,ELL1000,1ELL1000,4,2.0,1.0,2.0,X,INTRODUCTION TO ELECTRICAL ENGINEERING-ELL1000,DEEPAK UMAKANT PATIL , SANTANU MANNA
2025-26,1,ELL1401,1ELL1401,4,3.0,0.0,2.0,X,DIGITAL ELECTRONICS-ELL1401,DHIMAN MALLICK , BHASKAR MITRA
2025-26,1,ELL201,1ELL201,4.5,3.0,0.0,3.0,B,DIGITAL ELECTRONICS-ELL201,MANAN SURI , ANUJ DHAWAN
2025-26,1,ELL202,1ELL202,4,3.0,1.0,0.0,A,CIRCUIT THEORY-ELL202,SHOURIBRATA CHATTERJEE
2025-26,1,ELL203,1ELL203,4,3.0,1.0,0.0,E,ELECTROMECHANICS-ELL203,SUMIT KUMAR PRAMANICK
2025-26,1,ELL205,1ELL205,4,3.0,1.0,0.0,D,SIGNALS AND SYSTEMS-ELL205,ARPAN CHATTOPADHYAY
2025-26,1,ELL205,1ELL205,4,3.0,1.0,0.0,S1,SIGNALS AND SYSTEMS-ELL205,ARPAN CHATTOPADHYAY
2025-26,1,ELL211,1ELL211,3,3.0,0.0,0.0,B,PHYSICAL ELECTRONICS-ELL211,MADHUSUDAN SINGH
2025-26,1,ELL225,1ELL225,4,3.0,1.0,0.0,M,CONTROL ENGINEERING I-ELL225,PRIYANK SRIVASTAVA
2025-26,1,ELL302,1ELL302,3,3.0,0.0,0.0,B,POWER ELECTRONICS-ELL302,SREYAM SINHA
2025-26,1,ELL303,1ELL303,4,3.0,1.0,0.0,X,POWER ENGINEERING-I-ELL303,ANKIT SINGHAL
2025-26,1,ELL304,1ELL304,5.5,3.0,1.0,3.0,F,ANALOG ELECTRONIC CIRCUITS-ELL304,MUKUL SARKAR , MUSTAFIJUR RAHMAN , RAKESH KUMAR PALANI , ANKESH JAIN
2025-26,1,ELL305,1ELL305,3,3.0,0.0,0.0,E,COMPUTER ARCHITECTURE-ELL305,SUMANTRA DUTTA ROY
2025-26,1,ELL311,1ELL311,4,3.0,1.0,0.0,D,COMMUNICATION ENGINEERING-ELL311,SESHAN SRIRANGARAJAN
2025-26,1,ELL313,1ELL313,3,3.0,0.0,0.0,E,ANTENNAS AND PROPAGATION-ELL313,MAHESH PANDURANG ABEGAONKAR
2025-26,1,ELL363,1ELL363,3,3.0,0.0,0.0,F,POWER ENGINEERING-II-ELL363,YASHASVI
2025-26,1,ELL405,1ELL405,3,3.0,0.0,0.0,H,OPERATING SYSTEMS-ELL405,SANTANU CHAUDHURY
2025-26,1,ELL409,1ELL409,4,3.0,0.0,2.0,J,MACHINE INTELLIGENCE & LEARNING-ELL409,JAYADEVA
2025-26,1,ELL700,1ELL700,3,3.0,0.0,0.0,B,LINEAR SYSTEMS THEORY-ELL700,SHAUNAK SEN
2025-26,1,ELL701,1ELL701,3,3.0,0.0,0.0,E,MATHEMATICAL METHODS IN CONTRO-ELL701,SUBASHISH DATTA
2025-26,1,ELL7027,1ELL7027,3,3.0,0.0,0.0,F,DIGITAL COMMUNICATION AND INFORMATION SYSTEMS-ELL7027,ABHISHEK DIXIT
2025-26,1,ELL7028,1ELL7028,3,3.0,0.0,0.0,C,OPTOELECTRONIC INSTRUMENTATION AND PACKAGING-ELL7028,AMOL CHOUDHARY
2025-26,1,ELL705,1ELL705,3,3.0,0.0,0.0,AB,STOCHASTIC FILTERING AND IDENT-ELL705,SHUBHENDU BHASIN
2025-26,1,ELL708,1ELL708,3,3.0,0.0,0.0,M,SELECTED TOPICS IN SYSTEMS AN-ELL708,INDRA NARAYAN KAR
2025-26,1,ELL7100,1ELL7100,3,3.0,0.0,0.0,E,MATHEMATICAL FOUNDATION OF LEARNING AND CONTROL-ELL7100,SUBASHISH DATTA
2025-26,1,ELL7101,1ELL7101,3,3.0,0.0,0.0,B,LINEAR SYSTEMS-ELL7101,SHAUNAK SEN
2025-26,1,ELL7102,1ELL7102,3,3.0,0.0,0.0,AB,STOCHASTIC PROCESSES AND FILTERING-ELL7102,SHUBHENDU BHASIN
2025-26,1,ELL711,1ELL711,3,3.0,0.0,0.0,A,SIGNAL THEORY-ELL711,SAIF KHAN MOHAMMED
2025-26,1,ELL712,1ELL712,3,3.0,0.0,0.0,M,DIGITAL COMMUNICATIONS-ELL712,HARSHAN JAGADEESH
2025-26,1,ELL713,1ELL713,3,3.0,0.0,0.0,B,MICROWAVE THEORY AND TECHNIQUE-ELL713,AMARTANSH DUBEY
2025-26,1,ELL714,1ELL714,3,3.0,0.0,0.0,X,BASIC INFORMATION THEORY-ELL714,MANAV BHATNAGAR
2025-26,1,ELL715,1ELL715,4,3.0,0.0,2.0,K,DIGITAL IMAGE PROCESSING-ELL715,MONIKA AGGARWAL
2025-26,1,ELL719,1ELL719,3,3.0,0.0,0.0,H,DETECTION & ESTIMATION THEORY-ELL719,GOURAB GHATAK
2025-26,1,ELL724,1ELL724,3,3.0,0.0,0.0,M,MULTICHANNEL SIGNAL PROCESSING-ELL724,LALAN KUMAR
2025-26,1,ELL727,1ELL727,3,3.0,0.0,0.0,F,DIGITAL COMMUNICATION & INFORM-ELL727,ABHISHEK DIXIT
2025-26,1,ELL728,1ELL728,3,3.0,0.0,0.0,C,OPTOELECTRONIC INSTRUMENTATION-ELL728,AMOL CHOUDHARY
2025-26,1,ELL7280,1ELL7280,3,3.0,0.0,0.0,AB,MATHEMATICAL FOUNDATIONS FOR SYSTEMS AND LEARNING-ELL7280,SANDEEP KUMAR
2025-26,1,ELL7281,1ELL7281,3,3.0,0.0,0.0,C,SOFTWARE FUNDAMENTALS OF COMPUTING AND INTELLIGENT SYSTEMS-ELL7281,SUMANTRA DUTTA ROY
2025-26,1,ELL7282,1ELL7282,3,3.0,0.0,0.0,M,APPLICATION-SPECIFIC COMPUTER ARCHITECTURES-ELL7282,KAUSHIK SAHA
2025-26,1,ELL7286,1ELL7286,3,3.0,0.0,0.0,A,INTRODUCTION TO MACHINE LEARNING-ELL7286,SANTANU CHAUDHURY
2025-26,1,ELL7293,1ELL7293,3,3.0,0.0,0.0,F,COMPUTER VISION-ELL7293,BREJESH LALL
2025-26,1,ELL7301,1ELL7301,3,3.0,0.0,0.0,E,DIGITAL CMOS VLSI DESIGN-ELL7301,ANKESH JAIN
2025-26,1,ELL7302,1ELL7302,3,3.0,0.0,0.0,B,SEMICONDUCTOR MICROELECTRONICS-ELL7302,MADHUSUDAN SINGH
2025-26,1,ELL7304,1ELL7304,3,3.0,0.0,0.0,D,ANALOG CIRCUIT DESIGN-ELL7304,RAKESH KUMAR PALANI
2025-26,1,ELL7311,1ELL7311,3,3.0,0.0,0.0,B,MICROWAVE THEORY AND TECHNIQUES-ELL7311,AMARTANSH DUBEY
2025-26,1,ELL732,1ELL732,3,3.0,0.0,0.0,B,MICRO AND NANOELECTRONICS-ELL732,MADHUSUDAN SINGH
2025-26,1,ELL734,1ELL734,3,3.0,0.0,0.0,E,MOS VLSI DESIGN-ELL734,ANKESH JAIN
2025-26,1,ELL7342,1ELL7342,4,3.0,0.0,2.0,AB,SPICE-PDK COMPACT DEVICE MODELS FOR SILICON IC DESIGN SIMULATIONS-ELL7342,ABHISEK DIXIT
2025-26,1,ELL7345,1ELL7345,3,3.0,0.0,0.0,F,QUANTUM ELECTRONICS-ELL7345,SAMARESH DAS
2025-26,1,ELL735,1ELL735,3,3.0,0.0,0.0,D,ANALOG INTEGRATED CIRCUITS-ELL735,RAKESH KUMAR PALANI
2025-26,1,ELL740,1ELL740,3,3.0,0.0,0.0,AB,COMPACT MODELING OF SEMICONDUC-ELL740,ABHISEK DIXIT
2025-26,1,ELL7400,1ELL7400,3,3.0,0.0,0.0,A,SIGNAL THEORY-ELL7400,SAIF KHAN MOHAMMED
2025-26,1,ELL7401,1ELL7401,3,3.0,0.0,0.0,M,DIGITAL COMMUNICATIONS-ELL7401,HARSHAN JAGADEESH
2025-26,1,ELL7402,1ELL7402,3,3.0,0.0,0.0,H,DETECTION AND ESTIMATION THEORY-ELL7402,GOURAB GHATAK
2025-26,1,ELL7403,1ELL7403,4,3.0,0.0,2.0,K,COMPUTER COMMUNICATION NETWORKS-ELL7403,SWADES KUMAR DE
2025-26,1,ELL745,1ELL745,3,3.0,0.0,0.0,F,QUANTUM ELECTRONICS-ELL745,SAMARESH DAS
2025-26,1,ELL750,1ELL750,3,3.0,0.0,0.0,E,MODELLING OF ELECTRICAL MACHIN-ELL750,KRISHAN KANT
2025-26,1,ELL7500,1ELL7500,3,3.0,0.0,0.0,E,MODELING AND ANALYSIS OF ELECTRICAL MACHINES-ELL7500,KRISHAN KANT
2025-26,1,ELL7501,1ELL7501,4,3.0,0.0,2.0,K,DC-DC CONVERTERS AND LINE FREQUENCY RECTIFIERS-ELL7501,MUMMADI VEERACHARY
2025-26,1,ELL7502,1ELL7502,3,3.0,0.0,0.0,B,PWM RECTIFIERS AND INVERTERS-ELL7502,AMIT KUMAR JAIN
2025-26,1,ELL751,1ELL751,3,3.0,0.0,0.0,K,POWER ELECTRONIC CONVERTERS-ELL751,MUMMADI VEERACHARY
2025-26,1,ELL7521,1ELL7521,3,3.0,0.0,0.0,F,POWER QUALITY-ELL7521,BHIM SINGH
2025-26,1,ELL758,1ELL758,3,3.0,0.0,0.0,F,POWER QUALITY-ELL758,BHIM SINGH
2025-26,1,ELL7600,1ELL7600,3,3.0,0.0,0.0,A,ADVANCED POWER SYSTEM ANALYSIS AND OPTIMIZATION-ELL7600,ABHIJIT RAMCHANDRA ABHYANKAR
2025-26,1,ELL7601,1ELL7601,3,3.0,0.0,0.0,E,ADVANCED POWER SYSTEM PROTECTION-ELL7601,BIJAYA KETAN PANIGRAHI
2025-26,1,ELL7602,1ELL7602,3,3.0,0.0,0.0,F,POWER SYSTEMS DYNAMICS, OPERATION AND CONTROL-ELL7602,NILANJAN SENROY
2025-26,1,ELL770,1ELL770,3,3.0,0.0,0.0,A,POWER SYSTEM ANALYSIS-ELL770,ABHIJIT RAMCHANDRA ABHYANKAR
2025-26,1,ELL771,1ELL771,3,3.0,0.0,0.0,E,ADVANCED POWER SYSTEM PROTECTI-ELL771,BIJAYA KETAN PANIGRAHI
2025-26,1,ELL775,1ELL775,3,3.0,0.0,0.0,F,POWER SYSTEM DYNAMICS-ELL775,NILANJAN SENROY
2025-26,1,ELL780,1ELL780,3,3.0,0.0,0.0,AB,MATHEMATICAL FOUNDATIONS OF CO-ELL780,SANDEEP KUMAR
2025-26,1,ELL781,1ELL781,3,3.0,0.0,0.0,C,SOFTWARE FUNDAMENTALS FOR COMP-ELL781,SUMANTRA DUTTA ROY
2025-26,1,ELL782,1ELL782,3,3.0,0.0,0.0,M,COMPUTER ARCHITECTURE-ELL782,KAUSHIK SAHA
2025-26,1,ELL784,1ELL784,3,3.0,0.0,0.0,A,INTRODUCTION TO MACHINE LEARNI-ELL784,SANTANU CHAUDHURY
2025-26,1,ELL785,1ELL785,3,3.0,0.0,0.0,K,COMPUTER COMMUNICATION NETWORK-ELL785,SWADES KUMAR DE
2025-26,1,ELL793,1ELL793,3,3.0,0.0,0.0,F,COMPUTER VISION-ELL793,BREJESH LALL
2025-26,1,ELL803,1ELL803,3,3.0,0.0,0.0,A,MODEL REDUCTION IN CONTROL-ELL803,S. JANARDHANAN
2025-26,1,ELL8120,1ELL8120,3,3.0,0.0,0.0,A,MODEL REDUCTION FOR CONTROL-ELL8120,S. JANARDHANAN
2025-26,1,ELL8199,1ELL8199,3,3.0,0.0,0.0,M,SPECIAL TOPICS IN SYSTEMS AND CONTROL-ELL8199,INDRA NARAYAN KAR
2025-26,1,ELL8200,1ELL8200,3,3.0,0.0,0.0,AA,SELECTED TOPICS IN COMPUTING AND INTELLIGENT SYSTEMS-ELL8200,SOUGATA MUKHERJEA
2025-26,1,ELL823,1ELL823,3,3.0,0.0,0.0,A,SELECTED TOPICS IN INFORMATION PROCESSING-I-ELL823,SHIV DUTT JOSHI
2025-26,1,ELL8290,1ELL8290,3,3.0,0.0,0.0,X,COMPUTATIONAL NEUROSCIENCE-ELL8290,TAPAN KUMAR GANDHI
2025-26,1,ELL8296,1ELL8296,3,3.0,0.0,0.0,H,MOBILE COMPUTING-ELL8296,SUBRAT KAR
2025-26,1,ELL8299,1ELL8299,3,3.0,0.0,0.0,H,LARGE LANGUAGE MODELS-ELL8299,TANMOY CHAKRABORTY
2025-26,1,ELL8300,1ELL8300,3,3.0,0.0,0.0,X,SELECTED TOPICS IN POWER SYSTEMS-ELL8300,ANKIT SINGHAL
2025-26,1,ELL832,1ELL832,3,3.0,0.0,0.0,X,SELECTED TOPICS IN IEC-I-ELL832,DHIMAN MALLICK
2025-26,1,ELL833,1ELL833,3,3.0,0.0,0.0,AD,CMOS RF IC DESIGN-ELL833,MUSTAFIJUR RAHMAN
2025-26,1,ELL8333,1ELL8333,3,3.0,0.0,0.0,AD,CMOS RF IC DESIGN-ELL8333,MUSTAFIJUR RAHMAN
2025-26,1,ELL834,1ELL834,3,3.0,0.0,0.0,AD,SELECTED TOPICS IN IEC-II-ELL834,BHASKAR MITRA
2025-26,1,ELL8521,1ELL8521,3,3.0,0.0,0.0,M,ADVANCED TOPICS IN POWER ELECTRONICS-ELL8521,SOUMYA SHUBHRA NAG
2025-26,1,ELL856,1ELL856,3,3.0,0.0,0.0,M,ADVANCED TOPICS IN POWER ELECT-ELL856,SOUMYA SHUBHRA NAG
2025-26,1,ELL856A,1ELL856A,3,3.0,0.0,0.0,M,ADVANCED TOPICS IN POWER ELECT-ELL856A,SOUMYA SHUBHRA NAG
2025-26,1,ELL872,1ELL872,3,3.0,0.0,0.0,X,SELECTED TOPICS IN POWER SYSTE-ELL872,ANKIT SINGHAL
2025-26,1,ELL880,1ELL880,3,3.0,0.0,0.0,AA,SPECIAL TOPICS IN COMPUTERS 1-ELL880,SOUGATA MUKHERJEA
2025-26,1,ELL881,1ELL881,3,3.0,0.0,0.0,H,SPECIAL TOPICS IN COMPUTERS-II-ELL881,TANMOY CHAKRABORTY
2025-26,1,ELL890,1ELL890,3,3.0,0.0,0.0,X,COMPUTATIONAL NEUROSCIENCE-ELL890,TAPAN KUMAR GANDHI
2025-26,1,ELL896,1ELL896,3,3.0,0.0,0.0,H,MOBILE COMPUTING-ELL896,SUBRAT KAR
2025-26,1,ELP212,1ELP212,1.5,0.0,0.0,3.0,E,ELECTROMAGNETICS LABORATORY-ELP212,MAHESH PANDURANG ABEGAONKAR , DEBIDAS KUNDU , KIRTI DHWAJ , SAIF KHAN MOHAMMED
2025-26,1,ELP225,1ELP225,1.5,0.0,0.0,3.0,E,CONTROL ENGINEERING LABORATORY-ELP225,INDRA NARAYAN KAR
2025-26,1,ELP303,1ELP303,1.5,0.0,0.0,3.0,F,POWER ENGINEERING LABORATORY-ELP303,ANKIT SINGHAL
2025-26,1,ELP332,1ELP332,1.5,0.0,0.0,3.0,E,ELECTRIC DRIVES LABORATORY-ELP332,SREYAM SINHA
2025-26,1,ELP7100,1ELP7100,3,0.0,0.0,6.0,P,AUTONOMOUS SYSTEMS &AMP; CONTROL LABORATORY-ELP7100,SUBASHISH DATTA
2025-26,1,ELP719,1ELP719,3,0.0,1.0,4.0,P,MICROWAVE LABORATORY-ELP719,ANANJAN BASU
2025-26,1,ELP7301,1ELP7301,3,0.0,0.0,6.0,P,VLSI DESIGN LAB - I-ELP7301,JAYADEVA
2025-26,1,ELP736,1ELP736,3,0.0,0.0,6.0,P,PHYSICAL DESIGN LABORATORY-ELP736,JAYADEVA
2025-26,1,ELP7500,1ELP7500,1.5,0.0,0.0,3.0,P,ELECTRICAL MACHINES LABORATORY-ELP7500,KRISHAN KANT
2025-26,1,ELP7501,1ELP7501,1.5,0.0,0.0,3.0,P,ADVANCED POWER ELECTRONICS LABORATORY-ELP7501,MUMMADI VEERACHARY
2025-26,1,ELP7600,1ELP7600,2,0.0,0.0,4.0,P,ADVANCED POWER SYSTEM ANALYSIS AND OPTIMIZATION LAB-ELP7600,ABHIJIT RAMCHANDRA ABHYANKAR
2025-26,1,ELP831,1ELP831,3,0.0,0.0,6.0,P,IEC LABORATORY-I-ELP831,JAYADEVA
2025-26,1,ELP870,1ELP870,3,0.0,1.0,4.0,P,POWER SYSTEM LAB 1-ELP870,ABHIJIT RAMCHANDRA ABHYANKAR
2025-26,1,ELQ301,1ELQ301,1,0.0,0.0,2.0,P,SEMINAR COURSE - I-ELQ301,ANKESH JAIN
2025-26,1,ELS310,1ELS310,3,0.0,3.0,0.0,X,INDEPENDENT STUDY (EE1)-ELS310,ANKESH JAIN
2025-26,1,ELS330,1ELS330,3,0.0,3.0,0.0,X,INDEPENDENT STUDY (EE3)-ELS330,ANKESH JAIN
2025-26,1,ELV781,1ELV781,1,1.0,0.0,0.0,X,SPECIAL MODULE IN INFORMATIONPROCESSING -I-ELV781,BREJESH LALL
2025-26,1,JVD799,1JVD799,3,0.0,0.0,6.0,X,MINOR PROJECT-JVD799,ANKESH JAIN
2025-26,1,JVD811,1JVD811,12,0.0,0.0,24.0,X,MAJOR PROJECT PART-I-JVD811,ANKESH JAIN
2025-26,1,JVD895,1JVD895,36,0.0,0.0,72.0,X,MS RESEARCH PROJECT-JVD895,ANKESH JAIN
2025-26,1,ESD400,1ESD400,3,0.0,0.0,6.0,P,B.TECH. PROJECT-I-ESD400,SATYANANDA KAR
2025-26,1,ESD406,1ESD406,9,0.0,0.0,18.0,P,B.TECH. PROJECT-II-ESD406,K RAVI KUMAR
2025-26,1,ESD798,1ESD798,3,0.0,0.0,6.0,P,MINOR PROJECT [ESR]-ESD798,SNEHASISH PANIGRAHY
2025-26,1,ESD799,1ESD799,3,0.0,0.0,6.0,P,MINOR PROJECT [ESN]-ESD799,SATYANANDA KAR
2025-26,1,ESD801,1ESD801,6,0.0,0.0,12.0,P,MAJOR PROJECT PART I [ESN]-ESD801,SATYANANDA KAR
2025-26,1,ESD802,1ESD802,12,0.0,0.0,24.0,P,MAJOR PROJECT PART II [ESN]-ESD802,SATYANANDA KAR
2025-26,1,ESD851,1ESD851,6,0.0,0.0,12.0,P,MAJOR PROJECT PART I [ESR]-ESD851,SNEHASISH PANIGRAHY
2025-26,1,ESD852,1ESD852,12,0.0,0.0,24.0,P,MAJOR PROJECT PART II [ESR]-ESD852,SNEHASISH PANIGRAHY
2025-26,1,ESD895,1ESD895,36,0.0,0.0,72.0,P,MS RESEARCH PROJECT-ESD895,SUPRAVAT KARAK
2025-26,1,ESL100,1ESL100,4,3.0,1.0,0.0,E,ENERGY RESOURCES AND UTILIZATION-ESL100,RAMESH NARAYANAN , KAUSHIK SAHA
2025-26,1,ESL220,1ESL220,3,3.0,0.0,0.0,H,SEMICONDUCTORS FOR ENERGY SYSTEMS-ESL220,VAMSI KRISHNA KOMARALA , SUPRAVAT KARAK
2025-26,1,ESL260,1ESL260,3,2.0,1.0,0.0,D,NETWORK ANALYSIS-ESL260,SUBHENDU DUTTA
2025-26,1,ESL261,1ESL261,3,3.0,0.0,0.0,F,ANALOG AND DIGITAL ELECTRONICS-ESL261,SUMIT KUMAR CHATTOPADHYAY
2025-26,1,ESL263,1ESL263,3,3.0,0.0,0.0,A,POWER ELECTRONICS AND DRIVES FOR ENERGY ENGG.-ESL263,AVANISH TRIPATHI
2025-26,1,ESL280,1ESL280,4,3.0,0.0,2.0,F,INTRODUCTION TO PLASMA CONCEPTS-ESL280,BIBHUTI BHUSAN SAHU , SATYANANDA KAR
2025-26,1,ESL330,1ESL330,4,3.0,1.0,0.0,E,ENERGY, ECOLOGY AND ENVIRONMENT-ESL330,DEBAPRASAD SAHU
2025-26,1,ESL341,1ESL341,3,3.0,0.0,0.0,E,ENERGY STORAGE-ESL341,VIPIN KUMAR , RAHUL GOYAL
2025-26,1,ESL370,1ESL370,3,3.0,0.0,0.0,H,CONTROL SYSTEMS AND AUTOMATION-ESL370,AVANISH TRIPATHI , SUJEET YADAV
2025-26,1,ESL372,1ESL372,3,3.0,0.0,0.0,C,INTELLIGENT TECHNIQUES FOR ENERGY SYSTEM ANALYSIS-ESL372,ARIHANT BHANDARI
2025-26,1,ESL390,1ESL390,3,3.0,0.0,0.0,B,ENERGY ECONOMICS-ESL390,K.A. SUBRAMANIAN
2025-26,1,ESL400,1ESL400,3,3.0,0.0,0.0,D,ENERGY EFFICIENCY-ESL400,SUJEET YADAV , SUMIT KUMAR CHATTOPADHYAY
2025-26,1,ESL711,1ESL711,3,3.0,0.0,0.0,B,FUEL TECHNOLOGY-ESL711,SNEHASISH PANIGRAHY
2025-26,1,ESL7127,1ESL7127,3,3.0,0.0,0.0,J,ENERGY AND ENVIRONMENT-ESL7127,SATYANANDA KAR
2025-26,1,ESL715,1ESL715,3,3.0,0.0,0.0,E,ELECTRICAL ENERGY MANAGEMENT-ESL715,RABINDRA MOHANTY
2025-26,1,ESL7211,1ESL7211,3,3.0,0.0,0.0,B,FUEL TECHNOLOGY-ESL7211,SNEHASISH PANIGRAHY
2025-26,1,ESL727,1ESL727,3,3.0,0.0,0.0,J,ENERGY AND ENVIRONMENT-ESL727,SATYANANDA KAR
2025-26,1,ESL7339,1ESL7339,3,3.0,0.0,0.0,B,BIOENERGY: RESOURCES, TECHNOLOGIES AND APPLICATIONS-ESL7339,S K TYAGI
2025-26,1,ESL7340,1ESL7340,3,3.0,0.0,0.0,H,NON-CONVENTIONAL SOURCES OF ENERGY-ESL7340,BIBHUTI BHUSAN SAHU
2025-26,1,ESL7346,1ESL7346,3,3.0,0.0,0.0,M,HYDROGEN ENERGY-ESL7346,K.A. SUBRAMANIAN
2025-26,1,ESL7355,1ESL7355,3,3.0,0.0,0.0,E,SOLAR PHOTOVOLTAIC DEVICES AND SYSTEMS-ESL7355,SUPRAVAT KARAK
2025-26,1,ESL7365,1ESL7365,3,3.0,0.0,0.0,AB,SOLAR THERMAL AND PHOTOVOLTAIC TECHNOLOGIES-ESL7365,TRILOK SINGH , KAUSHIK SAHA
2025-26,1,ESL7368,1ESL7368,3,3.0,0.0,0.0,AC,WIND AND SMALL HYDRO ENERGY SYSTEMS-ESL7368,RAHUL GOYAL
2025-26,1,ESL737,1ESL737,3,3.0,0.0,0.0,D,PLASMA BASED MATERIALS PROCESSING-ESL737,DEBAPRASAD SAHU
2025-26,1,ESL739,1ESL739,3,3.0,0.0,0.0,B,BIOENERGY: RESOURCES, TECHNOLOGIES AND APPLICATIONS-ESL739,S K TYAGI
2025-26,1,ESL740,1ESL740,3,3.0,0.0,0.0,H,NON-CONVENTIONAL SOURCES OF ENERGY-ESL740,BIBHUTI BHUSAN SAHU
2025-26,1,ESL7415,1ESL7415,3,3.0,0.0,0.0,E,ELECTRICAL ENERGY MANAGEMENT SYSTEMS-ESL7415,RABINDRA MOHANTY
2025-26,1,ESL742,1ESL742,3,3.0,0.0,0.0,A,ECO.& FIN.OF RENEWABLE ENERGY SYSTEMS-ESL742,RAMESH NARAYANAN
2025-26,1,ESL746,1ESL746,3,3.0,0.0,0.0,M,HYDROGEN ENERGY-ESL746,K.A. SUBRAMANIAN
2025-26,1,ESL753,1ESL753,3,3.0,0.0,0.0,AB,SOLAR THERMAL TECHNOLOGIES AND APPLICATIONS-ESL753,TRILOK SINGH , KAUSHIK SAHA
2025-26,1,ESL7537,1ESL7537,3,3.0,0.0,0.0,D,PLASMA BASED MATERIALS PROCESSING-ESL7537,DEBAPRASAD SAHU
2025-26,1,ESL755,1ESL755,3,3.0,0.0,0.0,E,SOLAR PHOTOVOLTAIC DEVICES AND SYSTEMS-ESL755,SUPRAVAT KARAK
2025-26,1,ESL7672,1ESL7672,3,3.0,0.0,0.0,AD,ENERGY STORAGE-ESL7672,VIPIN KUMAR , TRILOK SINGH
2025-26,1,ESL768,1ESL768,3,3.0,0.0,0.0,AC,WIND & SMALL HYDRO ENERGY SYSTEMS-ESL768,RAHUL GOYAL
2025-26,1,ESL772,1ESL772,3,3.0,0.0,0.0,AD,ENERGY STORAGE-ESL772,VIPIN KUMAR , TRILOK SINGH
2025-26,1,ESL7742,1ESL7742,3,3.0,0.0,0.0,A,ECONOMICS AND FINANCING OF RENEWABLE ENERGY SYSTEMS-ESL7742,RAMESH NARAYANAN
2025-26,1,ESN7004,1ESN7004,1,1.0,0.0,0.0,K1,BASIC THERMAL ENGINEERING-ESN7004,SUJEET YADAV
2025-26,1,ESN704,1ESN704,1,1.0,0.0,0.0,K1,BASIC THERMAL ENGG.-ESN704,SUJEET YADAV
2025-26,1,ESN712,1ESN712,1,1.0,0.0,0.0,K2,BASIC ELECTRICAL ENGG.-ESN712,SUBHENDU DUTTA
2025-26,1,ESN7412,1ESN7412,1,1.0,0.0,0.0,K2,BASIC ELECTRICAL ENGINEERING-ESN7412,SUBHENDU DUTTA
2025-26,1,ESN7891,1ESN7891,1,1.0,0.0,0.0,H,APPLIED MATHEMATICS AND COMPUTATIONAL METHODS-ESN7891,ARIHANT BHANDARI
2025-26,1,ESN7899,1ESN7899,4,0.0,0.0,8.0,X,TEACHING/RESEARCH PRACTICUM-ESN7899,SATYANANDA KAR
2025-26,1,ESN791,1ESN791,1,1.0,0.0,0.0,H,APPLIED MATHEMATICS AND COMPUTATIONAL METHODS-ESN791,ARIHANT BHANDARI
2025-26,1,ESS801,1ESS801,3,0.0,3.0,0.0,P,INDEPENDENT STUDY [ESN]-ESS801,SATYANANDA KAR
2025-26,1,ESS851,1ESS851,3,0.0,3.0,0.0,P,INDEPENDENT STUDY [ESR]-ESS851,SNEHASISH PANIGRAHY
2025-26,1,HSD621,1HSD621,6,0.0,0.0,12.0,X,COGNITIVE SCIENCE PROJECT I-HSD621,VARSHA SINGH
2025-26,1,HSD623,1HSD623,2,0.0,0.0,4.0,X,MINI PROJECT IN COGNITIVE SCIENCE-HSD623,SUMITASH JANA
2025-26,1,HSD691,1HSD691,4,0.0,0.0,8.0,X,RESEARCH PROJECT PART - II-HSD691,TSERING NURBOO
2025-26,1,HSD700,1HSD700,3,0.0,0.0,6.0,X,SEMINAR (CASE MATERIAL-BASED)MINOR PROJECT-HSD700,SAMAR HUSAIN
2025-26,1,HSD8200,1HSD8200,3,0.0,0.0,6.0,X,MINOR PROJECT IN HUMANITIES AND SOCIAL SCIENCES-HSD8200,SAMAR HUSAIN
2025-26,1,HSL384,1HSL384,3,3.0,0.0,0.0,M,CODEX TO HYPERTEXT-HSL384,ARJUN GHOSH
2025-26,1,HSL5001,1HSL5001,3,3.0,0.0,0.0,B,THEORY &AMP; METHODS IN HUMANITIES AND SOCIAL SCIENCES-HSL5001,SAVYASAACHI
2025-26,1,HSL5002,1HSL5002,3,3.0,0.0,0.0,AB,LITERARY THEORY-HSL5002,DICKENS LEONARD M
2025-26,1,HSL5003,1HSL5003,3,3.0,0.0,0.0,J,PHILOSOPHICAL THINKING-HSL5003,ARUDRA VENKATA BURRA
2025-26,1,HSL5011,1HSL5011,4,3.0,1.0,0.0,AA,MICROECONOMICS I-HSL5011,RAKESH CHATURVEDI
2025-26,1,HSL5012,1HSL5012,4,3.0,1.0,0.0,AB,MACROECONOMICS I-HSL5012,JAYAN JOSE THOMAS
2025-26,1,HSL5013,1HSL5013,4,3.0,0.0,2.0,H,PROBABILITY AND STATISTICS FOR ECONOMICS-HSL5013,SISIR DEBNATH
2025-26,1,HSL5014,1HSL5014,4,3.0,1.0,0.0,AC,MATHEMATICS FOR ECONOMICS-HSL5014,ABHIJIT BANERJI
2025-26,1,HSL5015,1HSL5015,4,3.0,0.0,2.0,AD,ALGORITHMS, DATA STRUCTURES AND PROGRAMMING IN ECONOMICS-HSL5015,SOURABH BIKAS PAUL
2025-26,1,HSL5060,1HSL5060,4,3.0,0.0,2.0,B,INTRODUCTION TO COGNITIVE SCIENCE-HSL5060,SAMAR HUSAIN
2025-26,1,HSL5061,1HSL5061,4,3.0,1.0,0.0,AA,LANGUAGE IN THE MIND-HSL5061,DEEPAK ALOK
2025-26,1,HSL5062,1HSL5062,4,3.0,0.0,2.0,AB,COGNITIVE PROCESSES-HSL5062,SUMITAVA MUKHERJEE
2025-26,1,HSL5063,1HSL5063,3,1.0,0.0,4.0,M,RESEARCH METHODS IN COGNITIVE SCIENCE-HSL5063,SUMITASH JANA
2025-26,1,HSL515,1HSL515,3,3.0,0.0,0.0,AA,INDIAN ECONOMY-HSL515,ISHAN ANAND
2025-26,1,HSL5200,1HSL5200,2,1.0,0.0,2.0,D,BASICS OF PROGRAMMING FOR DIGITAL HUMANITIES-HSL5200,ARJUN GHOSH
2025-26,1,HSL5204,1HSL5204,2,2.0,0.0,0.0,H,NARRATIVE MATTERS-HSL5204,DIVYA DWIVEDI
2025-26,1,HSL572,1HSL572,2,1.0,0.0,2.0,D,BASICS OF PROGRAMMING FOR DIGITAL HUMANITIES-HSL572,ARJUN GHOSH
2025-26,1,HSL573,1HSL573,2,2.0,0.0,0.0,H,NARRATIVE MATTERS-HSL573,DIVYA DWIVEDI
2025-26,1,HSL575,1HSL575,2,2.0,0.0,0.0,X,FIELDWORK METHODS-HSL575,MAHUYA BANDYOPADHYAY
2025-26,1,HSL6204,1HSL6204,3,3.0,0.0,0.0,AD,IDEAS OF FREEDOM-HSL6204,SUNNY KUMAR
2025-26,1,HSL6210,1HSL6210,3,3.0,0.0,0.0,X,INTRODUCTION TO HEALTH HUMANITIES-HSL6210,SANIL V.
2025-26,1,HSL6211,1HSL6211,3,3.0,0.0,0.0,E,FOUNDATIONS IN DIGITAL HUMANITIES-HSL6211,ARJUN GHOSH
2025-26,1,HSL6405,1HSL6405,3,3.0,0.0,0.0,M,THE CITY AND ITS LITERATURES-HSL6405,STUTI KHANNA
2025-26,1,HSL6501,1HSL6501,3,3.0,0.0,0.0,AC,PRINCIPLES OF RATIONALISM AND EMPIRICISM-HSL6501,TSERING NURBOO
2025-26,1,HSL653,1HSL653,3,3.0,0.0,0.0,AC,PRINCIPLES OF RATIONALISM AND EMPIRICISM-HSL653,TSERING NURBOO
2025-26,1,HSL654,1HSL654,3,3.0,0.0,0.0,AD,IDEAS OF FREEDOM-HSL654,SUNNY KUMAR
2025-26,1,HSL6607,1HSL6607,3,3.0,0.0,0.0,AA,EDUCATION AND SOCIETY-HSL6607,MADHULIKA SONKAR
2025-26,1,HSL674,1HSL674,3,3.0,0.0,0.0,M,The City and its Literatures-HSL674,STUTI KHANNA
2025-26,1,HSL675,1HSL675,3,3.0,0.0,0.0,AA,EDUCATION AND SOCIETY-HSL675,MADHULIKA SONKAR
2025-26,1,HSL686,1HSL686,3,3.0,0.0,0.0,E,FOUNDATIONS IN THE DIGITAL HUMANITIES-HSL686,ARJUN GHOSH
2025-26,1,HSL687,1HSL687,3,3.0,0.0,0.0,X,INTRODUCTION TO MEDICAL HUMANITIES-HSL687,SANIL V.
2025-26,1,HSL7011,1HSL7011,3,3.0,0.0,0.0,X,ADVANCED MICROECONOMICS-HSL7011,RAKESH CHATURVEDI
2025-26,1,HSL711,1HSL711,3,3.0,0.0,0.0,M,MACRO DEVELOPMENT ECONOMICS-HSL711,JAYAN JOSE THOMAS
2025-26,1,HSL7111,1HSL7111,3,3.0,0.0,0.0,M,MACRO DEVELOPMENT ECONOMICS-HSL7111,JAYAN JOSE THOMAS
2025-26,1,HSL7114,1HSL7114,3,3.0,0.0,0.0,B,INTERNATIONAL TRADE-HSL7114,DEBASIS MONDAL
2025-26,1,HSL7115,1HSL7115,3,3.0,0.0,0.0,AB,TIME SERIES ECONOMETRICS AND FORECASTING-HSL7115,SOURABH BIKAS PAUL
2025-26,1,HSL7117,1HSL7117,3,3.0,0.0,0.0,X,GAME THEORY-HSL7117,SAPTARSHI MUKHERJEE
2025-26,1,HSL714,1HSL714,3,3.0,0.0,0.0,B,INTERNATIONAL ECONOMICS-HSL714,DEBASIS MONDAL
2025-26,1,HSL715,1HSL715,3,3.0,0.0,0.0,AB,TIME SERIES ECONOMETRICS AND FORECASTING-HSL715,SOURABH BIKAS PAUL
2025-26,1,HSL731,1HSL731,3,3.0,0.0,0.0,X,WHAT IS A TEXT-HSL731,SIMONA SAWHNEY
2025-26,1,HSL733,1HSL733,3,3.0,0.0,0.0,X,STUDY OF AN AUTHOR/WRITER IN FOCUS-HSL733,MILIND WAKANKAR
2025-26,1,HSL7431,1HSL7431,3,3.0,0.0,0.0,X,WHAT IS A TEXT-HSL7431,SIMONA SAWHNEY
2025-26,1,HSL747,1HSL747,3,3.0,0.0,0.0,AB,LANGUAGE COMPUTATIONS AND MENTAL ARCHITECTURE-HSL747,PRITHA CHANDRA
2025-26,1,HSL750,1HSL750,3,2.0,0.0,2.0,X,ACOUSTIC PHONETICS-HSL750,SAHIINII LEMAINA VEIKHO
2025-26,1,HSL7520,1HSL7520,3,3.0,0.0,0.0,AD,PHILOSOPHY OF SCIENCE-HSL7520,DON WALLACE FREEMAN DCRUZ
2025-26,1,HSL7649,1HSL7649,3,3.0,0.0,0.0,X,SOCIOLOGICAL THEORY-HSL7649,SARBESWAR SAHOO
2025-26,1,HSL768,1HSL768,3,3.0,0.0,0.0,X,JUDGMENT AND DECISION MAKING-HSL768,SUMITAVA MUKHERJEE
2025-26,1,HSL7701,1HSL7701,3,2.0,0.0,2.0,X,ACOUSTIC PHONETICS-HSL7701,SAHIINII LEMAINA VEIKHO
2025-26,1,HSL780,1HSL780,3,3.0,0.0,0.0,X,SOCIAL AND CULTURAL CONSTRUCTION OF EMOTIONS-HSL780,YASHPAL ASHOKRAO JOGDAND
2025-26,1,HSL7880,1HSL7880,3,3.0,0.0,0.0,X,SOCIAL AND CULTURAL CONSTRUCTION OF EMOTIONS-HSL7880,YASHPAL ASHOKRAO JOGDAND
2025-26,1,HSL800,1HSL800,3,3.0,0.0,0.0,M,RESEARCH WRITING-HSL800,KAMLESH SINGH
2025-26,1,HSL8101,1HSL8101,3,3.0,0.0,0.0,X,POLITICAL ECONOMY OF OFFICIAL STATISTICS-HSL8101,ANKUSH AGRAWAL
2025-26,1,HSL816,1HSL816,3,3.0,0.0,0.0,X,GAME THEORY-HSL816,SAPTARSHI MUKHERJEE
2025-26,1,HSL820,1HSL820,3,3.0,0.0,0.0,X,ADVANCED TOPICS IN ECONOMICS-HSL820,ANKUSH AGRAWAL
2025-26,1,HSL850,1HSL850,3,3.0,0.0,0.0,X,ADVANCED TOPICS IN LINGUISTICS-HSL850,DEEPAK ALOK
2025-26,1,HSL8500,1HSL8500,3,3.0,0.0,0.0,X,ADVANCED TOPICS IN PHILOSOPHY-HSL8500,TSERING NURBOO
2025-26,1,HSL860,1HSL860,3,3.0,0.0,0.0,X,ADVANCED TOPICS IN PHILOSOPHY-HSL860,TSERING NURBOO
2025-26,1,HSL8680,1HSL8680,3,3.0,0.0,0.0,AD,ADVANCED TOPICS IN SOCIOLOGY-HSL8680,FARHANA IBRAHIM
2025-26,1,HSL8700,1HSL8700,3,3.0,0.0,0.0,X,ADVANCED TOPICS IN LINGUISTICS-HSL8700,DEEPAK ALOK
2025-26,1,HSL880,1HSL880,3,3.0,0.0,0.0,AD,ADVANCED TOPICS IN SOCIOLOGY-HSL880,FARHANA IBRAHIM
2025-26,1,HSN5000,1HSN5000,1,0.0,1.0,0.0,X,RESEARCH ETHICS-HSN5000,SUMITASH JANA
2025-26,1,HSN5001,1HSN5001,1,0.0,1.0,0.0,X,INTERDISCIPLINARY READING BOOTCAMP: CULTURE, SOCIETY, THOUGHT-HSN5001,DIVYA DWIVEDI
2025-26,1,HSN590,1HSN590,4,1.0,0.0,6.0,X,WRITING WORKSHOP-HSN590,DIVYA DWIVEDI
2025-26,1,HSP5064,1HSP5064,2,0.0,2.0,0.0,AC,SCIENTIFIC WRITING-HSP5064,ASHWINI J VAIDYA
2025-26,1,HSP520,1HSP520,3,0.0,0.0,6.0,X,RESEARCH PROJECT IN ECONOMICS I-HSP520,ANKUSH AGRAWAL
2025-26,1,HSP522,1HSP522,2,0.0,0.0,4.0,X,COGNITIVE SCIENCE LECTURE SERIES I-HSP522,DEEPAK ALOK
2025-26,1,HSP611,1HSP611,4,0.0,0.0,8.0,X,ADVANCED ECONOMICS LAB-HSP611,ROHIT KUMAR
2025-26,1,HSP612,1HSP612,3,1.0,0.0,4.0,X,RESEARCH SEMINAR IN ECONOMICS-HSP612,SNEHA LAMBA
2025-26,1,HSP700,1HSP700,2,0.0,2.0,0.0,AC,WORKSHOP ON SCIENTIFIC WRITING-HSP700,ASHWINI J VAIDYA
2025-26,1,HSQ503,1HSQ503,1,1.0,0.0,0.0,X,HSS COLLOQUIUM-III-HSQ503,TSERING NURBOO
2025-26,1,HSQ7432,1HSQ7432,3,3.0,0.0,0.0,X,STUDY OF AN AUTHOR/WRITER IN FOCUS-HSQ7432,MILIND WAKANKAR
2025-26,1,HUL211,1HUL211,4,3.0,1.0,0.0,M,INTRODUCTION TO ECONOMICS-HUL211,ANKUSH AGRAWAL
2025-26,1,HUL213,1HUL213,4,3.0,1.0,0.0,A,MACRO ECONOMICS-HUL213,ISHAN ANAND
2025-26,1,HUL231,1HUL231,4,3.0,1.0,0.0,A,AN INTRODUCTION TO LITERATURE-HUL231,MILIND WAKANKAR
2025-26,1,HUL232,1HUL232,4,3.0,1.0,0.0,A,MODERN INDIAN FICTION IN TRANSLATION-HUL232,DICKENS LEONARD M
2025-26,1,HUL236,1HUL236,4,3.0,1.0,0.0,M,AN INTRODUCTION TO DRAMA-HUL236,ANGELIE MULTANI
2025-26,1,HUL242,1HUL242,4,3.0,1.0,0.0,A,FUNDAMENTALS OF LANGUAGE SCIENCES-HUL242,PRITHA CHANDRA
2025-26,1,HUL242,1HUL242,4,3.0,1.0,0.0,M,FUNDAMENTALS OF LANGUAGE SCIENCES-HUL242,SAHIINII LEMAINA VEIKHO , PAROMA SANYAL
2025-26,1,HUL243,1HUL243,4,3.0,1.0,0.0,M,LANGUAGE AND COMMUNICATION-HUL243,ASHWINI J VAIDYA
2025-26,1,HUL258,1HUL258,4,3.0,1.0,0.0,A,SOCIAL AND POLITICAL PHILOSOPH-HUL258,BHARATI PURI
2025-26,1,HUL258,1HUL258,4,3.0,1.0,0.0,M,SOCIAL AND POLITICAL PHILOSOPH-HUL258,ARUDRA VENKATA BURRA
2025-26,1,HUL261,1HUL261,4,3.0,1.0,0.0,A,INTRODUCTION TO PSYCHOLOGY-HUL261,VARSHA SINGH
2025-26,1,HUL265,1HUL265,4,3.0,1.0,0.0,A,THEORIES OF PERSONALITY-HUL265,KAMLESH SINGH
2025-26,1,HUL272,1HUL272,4,3.0,1.0,0.0,M,INTRODUCTION TO THE SOCIOLOGY OF INDIA-HUL272,RAVINDER KAUR
2025-26,1,HUL290,1HUL290,4,3.0,1.0,0.0,M,TECHNOLOGY AND CULTURE-HUL290,NAVEEN THAYYIL KAMALUDDIN
2025-26,1,HUL312,1HUL312,3,3.0,0.0,0.0,A,DISTRIBUTION AND GROWTH-HUL312,JAYAN JOSE THOMAS
2025-26,1,HUL315,1HUL315,3,3.0,0.0,0.0,M,ECONOMETRIC METHODS-HUL315,SISIR DEBNATH
2025-26,1,HUL320,1HUL320,3,3.0,0.0,0.0,M,SELECTED TOPICS IN ECONOMICS-HUL320,REETIKA SUBHASH KHERA
2025-26,1,HUL357,1HUL357,3,3.0,0.0,0.0,M,PHILOSOPHY OF SCIENCE-HUL357,DON WALLACE FREEMAN DCRUZ
2025-26,1,HUL364,1HUL364,3,3.0,0.0,0.0,M,UNDERSTANDING THE SOCIAL BEING-HUL364,YASHPAL ASHOKRAO JOGDAND
2025-26,1,HUL370,1HUL370,3,3.0,0.0,0.0,M,SELECTED TOPICS IN PSYCHOLOGY-HUL370,SUMITAVA MUKHERJEE
2025-26,1,HUL380,1HUL380,3,3.0,0.0,0.0,H,SELECTED TOPICS IN SOCIOLOGY-HUL380,MADHULIKA SONKAR
2025-26,1,HUL380,1HUL380,3,3.0,0.0,0.0,SS2,SELECTED TOPICS IN SOCIOLOGY-HUL380,MADHULIKA SONKAR
2025-26,1,HUL707,1HUL707,3,2.0,1.0,0.0,B,SOCIAL PSYCHOLOGY-HUL707,PURNIMA SINGH
2025-26,1,HUL753,1HUL753,3,3.0,0.0,0.0,AD,PHILOSOPHY OF SCIENCE -HUL753,DON WALLACE FREEMAN DCRUZ
2025-26,1,MDL801,1MDL801,1.5,1.5,0.0,0.0,AD2,MANAGING DIGITAL TRANSFORMATION-MDL801,AGAM GUPTA
2025-26,1,MDL802,1MDL802,3,3.0,0.0,0.0,T,ENTREPRENEURIAL FINANCE-MDL802,SHVETA SINGH
2025-26,1,MDL805,1MDL805,1.5,1.5,0.0,0.0,S1,FINANCIAL TECHNOLOGY-MDL805,SONALI JAIN
2025-26,1,MDL807,1MDL807,3,3.0,0.0,0.0,D,BRAND MANAGEMENT-MDL807,MAHIM SAGAR
2025-26,1,MSC894,1MSC894,3,0.0,0.0,6.0,P,SEMINAR-MSC894,BISWAJITA PARIDA
2025-26,1,MSD308,1MSD308,1.5,0.0,0.0,3.0,P,PRODUCT VIABILITY & MARKET TRACTION-MSD308,HARISH CHAUDHRY
2025-26,1,MSL302,1MSL302,3,3.0,0.0,0.0,A,MANAGERIAL ACC. & FINAC. MGMT.-MSL302,SMITA KASHIRAMKA
2025-26,1,MSL304,1MSL304,3,3.0,0.0,0.0,M,MANAGING OPERATIONS-MSL304,PRASANNA R
2025-26,1,MSL305,1MSL305,3,2.0,0.0,2.0,K,NEW VENTURE CREATION-MSL305,GOURAV DWIVEDI
2025-26,1,MSL306,1MSL306,3,2.0,0.0,2.0,U,IDEATION AND PROTOYPING-MSL306,JITENDER MADAAN
2025-26,1,MSL310,1MSL310,3,3.0,0.0,0.0,T,FINANCIAL INSTITUTIONS AND MARKETS-MSL310,NEERU CHAUDHRY
2025-26,1,MSL405,1MSL405,3,3.0,0.0,0.0,R,FINANCIAL ACCOUNTING & COMPLIANCE FOR STARTUPS-MSL405,SHVETA SINGH
2025-26,1,MSL700,1MSL700,3,3.0,0.0,0.0,SS3,FUNDAMENTALS OF MANAGEMENT OF TECHNOLOGY-MSL700,SUSHIL
2025-26,1,MSL703,1MSL703,3,3.0,0.0,0.0,V,MANAGEMENT OF TECHNOLOGY TRANSFER ANDABSORPTION-MSL703,SANJAY DHIR
2025-26,1,MSL706,1MSL706,3,3.0,0.0,0.0,T,BUSINESS LAWS-MSL706,BISWAJITA PARIDA
2025-26,1,MSL707,1MSL707,3,3.0,0.0,0.0,A,MANAGEMENT ACCOUNTING-MSL707,NEERU CHAUDHRY
2025-26,1,MSL707,1MSL707,3,3.0,0.0,0.0,D,MANAGEMENT ACCOUNTING-MSL707,SONALI JAIN
2025-26,1,MSL707,1MSL707,3,3.0,0.0,0.0,U,MANAGEMENT ACCOUNTING-MSL707,SMITA KASHIRAMKA
2025-26,1,MSL709,1MSL709,1.5,1.5,0.0,0.0,AD2,BUSINESS RESEARCH METHODS-MSL709,P. VIGNESWARA ILAVARASAN
2025-26,1,MSL709,1MSL709,1.5,1.5,0.0,0.0,AC2,BUSINESS RESEARCH METHODS-MSL709,P. VIGNESWARA ILAVARASAN
2025-26,1,MSL709,1MSL709,1.5,1.5,0.0,0.0,S2,BUSINESS RESEARCH METHODS-MSL709,ARPAN KUMAR KAR
2025-26,1,MSL711,1MSL711,3,3.0,0.0,0.0,V,STRATEGIC MANAGEMENT-MSL711,SUSHIL
2025-26,1,MSL712,1MSL712,1.5,1.5,0.0,0.0,R2,ETHICS & VALUE BASED LEADERSH.-MSL712,KANIKA TANDON BHAL
2025-26,1,MSL712,1MSL712,1.5,1.5,0.0,0.0,AA1,ETHICS & VALUE BASED LEADERSH.-MSL712,KANIKA TANDON BHAL
2025-26,1,MSL712,1MSL712,1.5,1.5,0.0,0.0,AB1,ETHICS & VALUE BASED LEADERSH.-MSL712,KANIKA TANDON BHAL
2025-26,1,MSL719,1MSL719,3,3.0,0.0,0.0,B,STATISTICS FOR MANAGEMENT-MSL719,SEEMA SHARMA
2025-26,1,MSL719,1MSL719,3,3.0,0.0,0.0,F,STATISTICS FOR MANAGEMENT-MSL719,SEEMA SHARMA
2025-26,1,MSL719,1MSL719,3,3.0,0.0,0.0,T,STATISTICS FOR MANAGEMENT-MSL719,AMLENDU KUMAR DUBEY
2025-26,1,MSL724,1MSL724,1.5,1.5,0.0,0.0,AC1,BUSINESS COMMUNICATION-MSL724,VIVEK G NAIR
2025-26,1,MSL724,1MSL724,1.5,1.5,0.0,0.0,AD1,BUSINESS COMMUNICATION-MSL724,VIVEK G NAIR
2025-26,1,MSL724,1MSL724,1.5,1.5,0.0,0.0,S1,BUSINESS COMMUNICATION-MSL724,VIVEK G NAIR
2025-26,1,MSL727,1MSL727,1.5,1.5,0.0,0.0,SS1,INTERPERSONAL BEHAVIOR & TEAM DYNAMICS-MSL727,SHUCHI SINHA
2025-26,1,MSL729,1MSL729,1.5,1.5,0.0,0.0,S2,INDIVIDUAL BEHAVIOR IN ORGANIZATION-MSL729,VIVEK MISHRA
2025-26,1,MSL729,1MSL729,1.5,1.5,0.0,0.0,AD1,INDIVIDUAL BEHAVIOR IN ORGANIZATION-MSL729,SHUCHI SINHA
2025-26,1,MSL729,1MSL729,1.5,1.5,0.0,0.0,D1,INDIVIDUAL BEHAVIOR IN ORGANIZATION-MSL729,SHUCHI SINHA
2025-26,1,MSL740,1MSL740,3,3.0,0.0,0.0,A,QUANTITATIVE METHODS IN MGMT.-MSL740,SURYA PRAKASH SINGH
2025-26,1,MSL740,1MSL740,3,3.0,0.0,0.0,F,QUANTITATIVE METHODS IN MGMT.-MSL740,PRASANNA R
2025-26,1,MSL740,1MSL740,3,3.0,0.0,0.0,V,QUANTITATIVE METHODS IN MGMT.-MSL740,GOURAV DWIVEDI
2025-26,1,MSL760,1MSL760,3,3.0,0.0,0.0,B,MARKETING MANAGEMENT-MSL760,BISWAJITA PARIDA
2025-26,1,MSL760,1MSL760,3,3.0,0.0,0.0,K,MARKETING MANAGEMENT-MSL760,AVINASH JAIN
2025-26,1,MSL7709,1MSL7709,1.5,1.5,0.0,0.0,AC2,BUSINESS RESEARCH METHODS-MSL7709,P. VIGNESWARA ILAVARASAN
2025-26,1,MSL7711,1MSL7711,3,3.0,0.0,0.0,V,STRATEGIC MANAGEMENT-MSL7711,SUSHIL
2025-26,1,MSL7719,1MSL7719,3,3.0,0.0,0.0,T,STATISTICS FOR MANAGEMENT-MSL7719,AMLENDU KUMAR DUBEY
2025-26,1,MSL780,1MSL780,1.5,1.5,0.0,0.0,AA2,MANAGERIAL ECONOMICS-MSL780,ERI IKEDA
2025-26,1,MSL780,1MSL780,1.5,1.5,0.0,0.0,AB2,MANAGERIAL ECONOMICS-MSL780,ERI IKEDA
2025-26,1,MSL780,1MSL780,1.5,1.5,0.0,0.0,R1,MANAGERIAL ECONOMICS-MSL780,ERI IKEDA
2025-26,1,MSL7801,1MSL7801,1.5,1.5,0.0,0.0,AD2,MANAGING DIGITAL TRANSFORMATION-MSL7801,AGAM GUPTA
2025-26,1,MSL781,1MSL781,3,3.0,0.0,0.0,R,MACROECONOMIC DYNAMICS-MSL781,AMLENDU KUMAR DUBEY
2025-26,1,MSL802,1MSL802,3,3.0,0.0,0.0,U,MGMT. OF INTELLECTUAL PR. RIG.-MSL802,ERI IKEDA
2025-26,1,MSL814,1MSL814,1.5,1.5,0.0,0.0,S1,DATA VISUALIZATION-MSL814,AGAM GUPTA
2025-26,1,MSL829,1MSL829,3,3.0,0.0,0.0,U,CURRENT & EM. ISSUES IN ST. MG-MSL829,SANJAY DHIR
2025-26,1,MSL839,1MSL839,3,3.0,0.0,0.0,B,CURRENT & EM. ISS. IN ORG. MG.-MSL839,VIVEK MISHRA
2025-26,1,MSL840,1MSL840,3,3.0,0.0,0.0,U,MANUFACTURING STRATEGY-MSL840,SURYA PRAKASH SINGH
2025-26,1,MSL843,1MSL843,3,3.0,0.0,0.0,AA,SUPPLY CHAIN LOGISTICS MGMT.-MSL843,RAVI SHANKAR
2025-26,1,MSL843,1MSL843,3,3.0,0.0,0.0,R,SUPPLY CHAIN LOGISTICS MGMT.-MSL843,GOURAV DWIVEDI
2025-26,1,MSL845,1MSL845,3,3.0,0.0,0.0,S,TOTAL PROJECT SYSTEMS MGMT.-MSL845,JITENDER MADAAN
2025-26,1,MSL851,1MSL851,1.5,1.5,0.0,0.0,S2,STRATEGIC ALLIANCE-MSL851,SANJAY DHIR
2025-26,1,MSL861,1MSL861,3,3.0,0.0,0.0,T,MARKET RESEARCH-MSL861,AVINASH JAIN
2025-26,1,MSL862,1MSL862,3,3.0,0.0,0.0,U,PRODUCT MANAGEMENT-MSL862,HARISH CHAUDHRY
2025-26,1,MSL875,1MSL875,3,3.0,0.0,0.0,AC,INTERNATIONAL FINANCIAL MANAGEMENT-MSL875,SMITA KASHIRAMKA
2025-26,1,MSL8829,1MSL8829,3,3.0,0.0,0.0,U,CURRENT AND EMERGING ISSUES IN STRATEGIC MANAGEMENT-MSL8829,SANJAY DHIR
2025-26,1,MSL885,1MSL885,3,3.0,0.0,0.0,R,DIGITAL MARKETING-ANALYTICS & OPTIMIZATION-MSL885,ARPAN KUMAR KAR
2025-26,1,MSL887,1MSL887,3,3.0,0.0,0.0,AB,MOBILE COMMERCE-MSL887,AGAM GUPTA
2025-26,1,MSL892,1MSL892,1.5,1.5,0.0,0.0,S1,PREDICTIVE ANALYTICS-MSL892,ARPAN KUMAR KAR
2025-26,1,MST893,1MST893,2,0.0,0.0,4.0,P,CORPORATE SECTOR ATTACHMENT-MST893,VIVEK G NAIR
2025-26,1,MLD411,1MLD411,4,0.0,0.0,8.0,P,B.TECH PROJECT-BTP-I-MLD411,DIVYA NAYAR
2025-26,1,MLD801,1MLD801,9,0.0,0.0,18.0,P,MAJOR PROJECT-I-MLD801,SURYANARAYANA VIKRANT KARRA
2025-26,1,MLD811,1MLD811,6,0.0,0.0,12.0,P,MAJOR PROJECT PART-I-MLD811,BIJAY PRAKASH TRIPATHI
2025-26,1,MLD895,1MLD895,36,0.0,0.0,72.0,P,MS RESEARCH PROJECT-MLD895,SURYANARAYANA VIKRANT KARRA
2025-26,1,MLL100,1MLL100,4,3.0,0.0,2.0,E,INTRODUCTION TO MATERIALS SCIENCE AND ENGINEERING-MLL100,RAJESH PRASAD , ROHIT MALIK , DIBYAJYOTI GHOSH , ABHISHEK SARKAR
2025-26,1,MLL103,1MLL103,4,3.0,1.0,0.0,F,INTRODUCTION TO THE THERMODYNAMICS OF MATERIALS-MLL103,SANGEETA SANTRA
2025-26,1,MLL181,1MLL181,3,3.0,0.0,0.0,H,MATERIALS AND SUSTAINABLE DEVELOPMENT-MLL181,SAMPA SAHA
2025-26,1,MLL213,1MLL213,3,1.0,0.0,4.0,F,MATERIALS MODELLING-MLL213,GUNDA NAGA SRI HARSHA
2025-26,1,MLL251,1MLL251,4,3.0,1.0,0.0,A,MECHANICAL BEHAVIOUR OF MATERIALS-MLL251,AYAN BHOWMIK
2025-26,1,MLL253,1MLL253,3,3.0,0.0,0.0,E,ELECTRONIC, OPTICAL AND MAGNETIC PROPERTIES OF MATERIALS-MLL253,KRISHNA B BALASUBRAMANIAN
2025-26,1,MLL262,1MLL262,4,3.0,1.0,0.0,C,PRINCIPLES OF METAL EXTRACTION-MLL262,ABHISHEK SARKAR
2025-26,1,MLL264,1MLL264,2,2.0,0.0,0.0,SS3,GLASS AND CERAMICS-MLL264,ROHIT MALIK
2025-26,1,MLL366,1MLL366,3,2.0,0.0,2.0,J,HEAT TREATMENT AND SURFACE ENGINEERING-MLL366,SURYANARAYANA VIKRANT KARRA
2025-26,1,MLL371,1MLL371,3,2.0,0.0,2.0,B,MATERIALS PROCESSING-MLL371,JAYANT JAIN
2025-26,1,MLL7000,1MLL7000,3,3.0,0.0,0.0,B,STRUCTURE AND CHARACTERIZATION OF MATERIALS-MLL7000,NIRAT RAY
2025-26,1,MLL7001,1MLL7001,3,2.0,0.0,2.0,D,INTRODUCTION TO COMPUTATIONAL MATERIALS SCIENCE-MLL7001,DIBYAJYOTI GHOSH
2025-26,1,MLL7003,1MLL7003,1,1.0,0.0,0.0,C,MATERIALS FOR SUSTAINABLE DEVELOPMENT-MLL7003,BIJAY PRAKASH TRIPATHI
2025-26,1,MLL701,1MLL701,3,3.0,0.0,0.0,B,STRUCTURE AND CHARACTERISATION OF MATERIALS-MLL701,NIRAT RAY
2025-26,1,MLL7101,1MLL7101,3,3.0,0.0,0.0,M,POLYMER CHEMISTRY-MLL7101,BIJAY PRAKASH TRIPATHI
2025-26,1,MLL7102,1MLL7102,4,3.0,0.0,2.0,E,POLYMER ENGINEERING AND RHEOLOGY-MLL7102,SHIB SHANKAR BANERJEE
2025-26,1,MLL7111,1MLL7111,3,3.0,0.0,0.0,J,SMART POLYMERIC MATERIALS-MLL7111,JOSEMON JACOB
2025-26,1,MLL7113,1MLL7113,3,3.0,0.0,0.0,J,ADVANCED POLYMER CHARACTERIZATION-MLL7113,LEENA NEBHANI
2025-26,1,MLL713,1MLL713,3,3.0,0.0,0.0,M,PHASE TRANSFORMATIONS-MLL713,ANKUR GOSWAMI
2025-26,1,MLL719,1MLL719,3,3.0,0.0,0.0,M,POLYMER CHEMISTRY-MLL719,BIJAY PRAKASH TRIPATHI
2025-26,1,MLL7201,1MLL7201,3,3.0,0.0,0.0,M,PHASE EQUILIBRIA AND TRANSFORMATIONS-MLL7201,ANKUR GOSWAMI
2025-26,1,MLL7202,1MLL7202,4,3.0,0.0,2.0,E,MECHANICAL BEHAVIOUR OF MATERIALS-MLL7202,LAKSHMI NARAYAN RAMASUBRAMANIAN
2025-26,1,MLL7205,1MLL7205,3,3.0,0.0,0.0,H,POROUS MATERIALS-MLL7205,SURESH NEELAKANTAN
2025-26,1,MLL727,1MLL727,3,3.0,0.0,0.0,J,SMART POLYMERIC MATERIALS-MLL727,JOSEMON JACOB
2025-26,1,MLL7304,1MLL7304,3,2.0,0.0,2.0,B,MATERIALS SIMULATION METHODS USING HIGH PERFORMANCE COMPUTING-MLL7304,DIVYA NAYAR
2025-26,1,MLL732,1MLL732,3,3.0,0.0,0.0,H,POROUS MATERIALS-MLL732,SURESH NEELAKANTAN
2025-26,1,MLL760,1MLL760,3,2.0,0.0,2.0,B,MATERIALS SIMULATION METHODS USING HIGH PERFORMANCE COMPUTING-MLL760,DIVYA NAYAR
2025-26,1,MLN7001,1MLN7001,4,0.0,0.0,8.0,X,RESEARCH PRACTICUM (M.TECH. MATERIALS SCIENCE AND ENGINEERING)-MLN7001,NIRAT RAY
2025-26,1,MLP473,1MLP473,1.5,0.0,0.0,3.0,E,MATERIALS SELECTION AND DESIGN LAB-MLP473,SURESH NEELAKANTAN
2025-26,1,MLQ302,1MLQ302,1,0.0,0.0,2.0,X,MATERIALS SCIENCE AND ENGINEERING SEMINAR-MLQ302,ROHIT MALIK
2025-26,1,MTD350,1MTD350,3,0.0,0.0,6.0,X,MINI PROJECT-MTD350,ASHUTOSH RAI
2025-26,1,MTD701,1MTD701,5,0.0,0.0,10.0,X,PROJECT I-MTD701,ANANTA KUMAR MAJEE
2025-26,1,MTD851,1MTD851,6,0.0,0.0,12.0,X,MAJOR PROJECT PARTI-MTD851,VISWANATHAN PUTHAN VEEDU
2025-26,1,MTD852,1MTD852,12,0.0,0.0,24.0,X,MAJOR PROJECT PARTII-MTD852,VISWANATHAN PUTHAN VEEDU
2025-26,1,MTD853,1MTD853,4,0.0,0.0,8.0,X,MAJOR PROJECT PART-I-MTD853,VISWANATHAN PUTHAN VEEDU
2025-26,1,MTL100,1MTL100,4,3.0,1.0,0.0,AF,CALCULUS-MTL100,BISWAJYOTI SAHA
2025-26,1,MTL100,1MTL100,4,3.0,1.0,0.0,E,CALCULUS-MTL100,BISWAJYOTI SAHA
2025-26,1,MTL1001,1MTL1001,4,3.0,1.0,0.0,E,MATHEMATICS I CALCULUS-MTL1001,BISWAJYOTI SAHA , MANI MEHRA , BHAWANI SANKAR PANDA
2025-26,1,MTL1001,1MTL1001,4,3.0,1.0,0.0,X,MATHEMATICS I CALCULUS-MTL1001,BISWAJYOTI SAHA , PINAKINATH SAHA , SHIV PRAKASH PATEL , AMIT PRIYADARSHI , N.SHRAVAN KUMAR , KONIJETI SREENADH
2025-26,1,MTL101,1MTL101,4,3.0,1.0,0.0,SS2,LINEAR ALGEBRA & DIFFE. EQUA.-MTL101,APARNA MEHRA
2025-26,1,MTL102,1MTL102,3,3.0,0.0,0.0,SS1,DIFFERENTIAL EQUATIONS-MTL102,ANANTA KUMAR MAJEE
2025-26,1,MTL104,1MTL104,3,3.0,0.0,0.0,D,LINEAR ALGEBRA & APPLICATIONS-MTL104,VISWANATHAN PUTHAN VEEDU
2025-26,1,MTL105,1MTL105,3,3.0,0.0,0.0,B,ALGEBRA-MTL105,VIVEK MUKUNDAN
2025-26,1,MTL106,1MTL106,4,3.0,1.0,0.0,D,PROBABILITY & STOCHASTIC PRO.-MTL106,BIPLAB PAUL , VIKAS VIKRAM SINGH
2025-26,1,MTL107,1MTL107,3,3.0,0.0,0.0,H,NUMERICAL METHODS & COMPUTATIONS-MTL107,VIJAYANANDA KALYANA SRINIVAS KUMAR VASANA
2025-26,1,MTL108,1MTL108,4,3.0,1.0,0.0,S1,INTRODUCTION TO STATISTICS-MTL108,NEERAJ JOSHI
2025-26,1,MTL146,1MTL146,3,3.0,0.0,0.0,AB,COMBINATORICS-MTL146,AMITABHA TRIPATHI
2025-26,1,MTL180,1MTL180,4,3.0,1.0,0.0,B,DISCRETE MATHEMATICAL STRUC.-MTL180,BIPLAB BASAK
2025-26,1,MTL342,1MTL342,4,3.0,1.0,0.0,F,ANALYSIS & DESIGN OF ALGORITHMS-MTL342,ASHUTOSH RAI
2025-26,1,MTL411,1MTL411,3,3.0,0.0,0.0,SS1,FUNCTIONAL ANALYSIS-MTL411,DALU JACOB
2025-26,1,MTL458,1MTL458,4,3.0,0.0,2.0,F,OPERATING SYSTEMS-MTL458,DALU JACOB
2025-26,1,MTL5001,1MTL5001,4,3.0,1.0,0.0,E,ALGEBRA-MTL5001,EKATA SAHA
2025-26,1,MTL5002,1MTL5002,4,3.0,1.0,0.0,K,LINEAR ALGEBRA-MTL5002,SURJEET KOUR
2025-26,1,MTL5003,1MTL5003,4,3.0,1.0,0.0,F,REAL ANALYSIS-MTL5003,APARAJITA DASGUPTA
2025-26,1,MTL5004,1MTL5004,4,3.0,0.0,2.0,H,INTRODUCTION TO COMPUTER PROGRAMMING-MTL5004,NEERAJ JOSHI
2025-26,1,MTL5005,1MTL5005,4,3.0,1.0,0.0,AD,INTRODUCTION TO PROBABILITY-MTL5005,S.DHARMARAJA
2025-26,1,MTL501,1MTL501,4,3.0,1.0,0.0,E,ALGEBRA-MTL501,EKATA SAHA
2025-26,1,MTL502,1MTL502,4,3.0,1.0,0.0,K,LINEAR ALGEBRA-MTL502,SURJEET KOUR
2025-26,1,MTL503,1MTL503,4,3.0,1.0,0.0,F,REAL ANALYSIS-MTL503,APARAJITA DASGUPTA
2025-26,1,MTL505,1MTL505,4,3.0,1.0,0.0,H,COMPUTER PROGRAMMING-MTL505,NEERAJ JOSHI
2025-26,1,MTL601,1MTL601,4,3.0,1.0,0.0,J,PROBABILITY AND STATISTICS-MTL601,S.DHARMARAJA
2025-26,1,MTL602,1MTL602,4,3.0,1.0,0.0,D,FUNCTIONAL ANALYSIS-MTL602,SIVANANTHAN SAMPATH
2025-26,1,MTL603,1MTL603,4,3.0,1.0,0.0,M,PARTIAL DIFFERENTIAL EQUATIONS-MTL603,ANANTA KUMAR MAJEE
2025-26,1,MTL7012,1MTL7012,4,3.0,0.0,2.0,D,COMPUTATIONAL METHODS FOR DIFFERENTIAL EQUATIONS-MTL7012,S.CHANDRA SEKHARA RAO
2025-26,1,MTL712,1MTL712,4,3.0,0.0,2.0,D,COMP. METHODS FOR DIFFER. EQU.-MTL712,S.CHANDRA SEKHARA RAO
2025-26,1,MTL717,1MTL717,3,3.0,0.0,0.0,AB,FUZZY SETS AND APPLICATIONS-MTL717,NILADRI CHATTERJEE
2025-26,1,MTL7181,1MTL7181,3,3.0,0.0,0.0,F,FINITE ELEMENT THEORY AND APPLICATIONS-MTL7181,KAMANA PORWAL
2025-26,1,MTL7257,1MTL7257,3,3.0,0.0,0.0,AA,INTRODUCTION TO ALGEBRAIC TOPOLOGY-MTL7257,BIPLAB BASAK
2025-26,1,MTL730,1MTL730,3,3.0,0.0,0.0,K,CRYPTOGRAPHY-MTL730,RITUMONI SARMA
2025-26,1,MTL732,1MTL732,3,3.0,0.0,0.0,AD,FINANCIAL MATHEMATICS-MTL732,APARNA MEHRA
2025-26,1,MTL736,1MTL736,3,3.0,0.0,0.0,AD,ANALYTIC NUMBER THEORY-MTL736,EKATA SAHA
2025-26,1,MTL738,1MTL738,3,3.0,0.0,0.0,AB,COMMUTATIVE ALGEBRA-MTL738,VIVEK MUKUNDAN
2025-26,1,MTL757,1MTL757,3,3.0,0.0,0.0,AA,INTRO. TO ALGEBRAIC TOPOLOGY-MTL757,BIPLAB BASAK
2025-26,1,MTL763,1MTL763,3,3.0,0.0,0.0,AC,INTRODUCTION TO GAME THEORY-MTL763,VIKAS VIKRAM SINGH
2025-26,1,MTL766,1MTL766,3,3.0,0.0,0.0,E,MULTIVARIATE STATISTICAL METH.-MTL766,APARNA MEHRA
2025-26,1,MTL7717,1MTL7717,4,3.0,0.0,2.0,AB,FUZZY SETS AND APPLICATIONS-MTL7717,NILADRI CHATTERJEE
2025-26,1,MTL7732,1MTL7732,4,3.0,0.0,2.0,AD,FINANCIAL MATHEMATICS-MTL7732,APARNA MEHRA
2025-26,1,MTL7736,1MTL7736,3,3.0,0.0,0.0,AD,ANALYTIC NUMBER THEORY-MTL7736,EKATA SAHA
2025-26,1,MTL7738,1MTL7738,3,3.0,0.0,0.0,AB,COMMUTATIVE ALGEBRA-MTL7738,VIVEK MUKUNDAN
2025-26,1,MTL7763,1MTL7763,3,3.0,0.0,0.0,AC,INTRODUCTION TO GAME THEORY-MTL7763,VIKAS VIKRAM SINGH
2025-26,1,MTL7766,1MTL7766,3,3.0,0.0,0.0,E,MULTIVARIATE STATISTICAL ANALYSIS-MTL7766,APARNA MEHRA
2025-26,1,MTL7783,1MTL7783,4,3.0,1.0,0.0,A,THEORY OF COMPUTATION-MTL7783,MINATI DE
2025-26,1,MTL781,1MTL781,3,3.0,0.0,0.0,F,FINITE ELEMENT THEORY & APPLI.-MTL781,KAMANA PORWAL
2025-26,1,MTL783,1MTL783,3,3.0,0.0,0.0,A,THEORY OF COMPUTATION-MTL783,MINATI DE
2025-26,1,MTL7860,1MTL7860,3,3.0,0.0,0.0,H,LINEAR ALGEBRA II-MTL7860,ANIMA NAGAR
2025-26,1,MTL850,1MTL850,3,3.0,0.0,0.0,M,ABSTRACT HARMONIC ANALYSIS-MTL850,N.SHRAVAN KUMAR
2025-26,1,MTL860,1MTL860,3,3.0,0.0,0.0,H,LINEAR ALGEBRA-MTL860,ANIMA NAGAR
2025-26,1,MTQ312,1MTQ312,0,0.0,0.0,0.0,X,SEMINAR COURSE - XII-MTQ312,APARAJITA DASGUPTA
2025-26,1,MTQ313,1MTQ313,0,0.0,0.0,0.0,X,SEMINAR COURSE - XIII-MTQ313,KAMANA PORWAL
2025-26,1,MTQ314,1MTQ314,0,0.0,0.0,0.0,X,SEMINAR COURSE - XIV-MTQ314,ANIMA NAGAR
2025-26,1,MTQ315,1MTQ315,0,0.0,0.0,0.0,X,SEMINAR COURSE - XV-MTQ315,VISWANATHAN PUTHAN VEEDU
2025-26,1,MTQ316,1MTQ316,0,0.0,0.0,0.0,X,SEMINAR COURSE - XVI-MTQ316,SIVANANTHAN SAMPATH
2025-26,1,JRL302,1JRL302,4,3.0,0.0,2.0,X,ROBOTICS TECHNOLOGY-JRL302,SATINDER PAUL SINGH
2025-26,1,MCD310,1MCD310,3,0.0,0.0,6.0,X,MINI PROJECT-MCD310,ANURAG GOYAL
2025-26,1,MCD411,1MCD411,4,0.0,0.0,8.0,X,B.TECH.PROJECT-MCD411,AMIT GUPTA , AMBER SRIVASTAVA , ARPAN GUPTA , SAGAR SARKAR
2025-26,1,MCD811,1MCD811,8,0.0,0.0,16.0,X,MAJOR PROJECT PART I (THERMAL ENGINEERING)-MCD811,PRATIK DAS
2025-26,1,MCD812,1MCD812,12,0.0,0.0,24.0,X,MAJOR PROJECT PART II (THERMALENGINEERING)-MCD812,PRATIK DAS
2025-26,1,MCD831,1MCD831,6,0.0,0.0,12.0,X,MAJOR PROJECT PART-I-MCD831,RAMA KRISHNA K
2025-26,1,MCD832,1MCD832,12,0.0,0.0,24.0,X,MAJOR PROJECT PART II-MCD832,RAMA KRISHNA K
2025-26,1,MCD861,1MCD861,12,0.0,0.0,24.0,X,M TECH. PROJECT PART-I-MCD861,PRASHANT PALKAR
2025-26,1,MCD862,1MCD862,12,0.0,0.0,24.0,X,MAJOR PROJECT PART-II-MCD862,PRASHANT PALKAR
2025-26,1,MCD881,1MCD881,6,0.0,0.0,12.0,X,MAJOR PROJECT PART-1-MCD881,SAGAR SARKAR
2025-26,1,MCD882,1MCD882,12,0.0,0.0,24.0,X,MAJOR PROJECT PART-2-MCD882,SAGAR SARKAR
2025-26,1,MCD895,1MCD895,36,0.0,0.0,72.0,X,MAJOR PROJECT (MSR)-MCD895,DEBABRATA DASGUPTA
2025-26,1,MCL104,1MCL104,4,3.0,1.0,0.0,F,SOLID MECHANICS-MCL104,NARESH VARMA DATLA , KAUSHIK MUKHERJEE
2025-26,1,MCL106,1MCL106,4,3.0,1.0,0.0,D,FLUID MECHANICS-MCL106,P.M.V.SUBBARAO
2025-26,1,MCL111,1MCL111,4,3.0,0.0,2.0,B,KINEMATICS & DY. OF MACHINES-MCL111,JITENDRA PRASAD KHATAIT , SUDIPTO MUKHERJEE
2025-26,1,MCL134,1MCL134,3.5,3.0,0.0,1.0,B,METROLOGY & QUALITY ASSURANCE-MCL134,SAGAR SARKAR
2025-26,1,MCL135,1MCL135,3,3.0,0.0,0.0,F,WELDING AND ALLIED PROCESSES-MCL135,ABHISHEK DAS
2025-26,1,MCL135,1MCL135,3,3.0,0.0,0.0,SS3,WELDING AND ALLIED PROCESSES-MCL135,ABHISHEK DAS
2025-26,1,MCL140,1MCL140,4,3.0,1.0,0.0,C,ENGINEERING THERMODYNAMICS-MCL140,BAHNI RAY , DEBABRATA DASGUPTA
2025-26,1,MCL141,1MCL141,4,3.0,1.0,0.0,D,THERMAL SC. FOR MANUFACTURING-MCL141,SUBHRA DATTA
2025-26,1,MCL141,1MCL141,4,3.0,1.0,0.0,S2,THERMAL SC. FOR MANUFACTURING-MCL141,SUBHRA DATTA
2025-26,1,MCL211,1MCL211,4,3.0,0.0,2.0,C,DESIGN OF MACHINES-MCL211,RAJ KUMAR PANDEY , ARPAN GUPTA
2025-26,1,MCL212,1MCL212,4,3.0,0.0,2.0,SS1,CONTROL THEORY & APPLICATIONS-MCL212,SUBODH VASANT MODAK
2025-26,1,MCL231,1MCL231,3,3.0,0.0,0.0,F,MANUFACTURING PROCESSES II-MCL231,SUDARSAN GHOSH
2025-26,1,MCL242,1MCL242,4,3.0,1.0,0.0,B,HEAT AND MASS TRANSFER-MCL242,ANURAG GOYAL
2025-26,1,MCL242,1MCL242,4,3.0,1.0,0.0,SS3,HEAT AND MASS TRANSFER-MCL242,ANURAG GOYAL
2025-26,1,MCL261,1MCL261,3,3.0,0.0,0.0,E,INTRO TO OPERATIONS RESEARCH-MCL261,VARUN RAMAMOHAN
2025-26,1,MCL262,1MCL262,3,3.0,0.0,0.0,A,STOCHASTIC MODELLING & SIMULA.-MCL262,NOMESH BHOJKUMAR BOLIA
2025-26,1,MCL316,1MCL316,4,3.0,0.0,2.0,F,VIBRATION ENGINEERING-MCL316,RAJAN PRASAD
2025-26,1,MCL343,1MCL343,3,3.0,0.0,0.0,J,INTRODUCTION TO COMBUSTION-MCL343,M.R. RAVI
2025-26,1,MCL346,1MCL346,4,3.0,0.0,2.0,F,TURBOMACHINERY-MCL346,P.M.V.SUBBARAO
2025-26,1,MCL431,1MCL431,3,2.0,0.0,2.0,D,CAM AND AUTOMATION-MCL431,SUNIL JHA
2025-26,1,MCL431,1MCL431,3,2.0,0.0,2.0,SS1,CAM AND AUTOMATION-MCL431,SUNIL JHA
2025-26,1,MCL443,1MCL443,3,3.0,0.0,0.0,F,ELECTROCHEMICAL ENERGY SYSTEMS-MCL443,AMIT GUPTA
2025-26,1,MCL704,1MCL704,3,3.0,0.0,0.0,J,APPLIED MATHEMATICS FOR THERMO-MCL704,PRATIK DAS
2025-26,1,MCL714,1MCL714,3,2.0,0.0,2.0,E,ORTHOPEDIC BIOMECHANICS AND IMPLANT DESIGN-MCL714,KAUSHIK MUKHERJEE
2025-26,1,MCL727,1MCL727,3,2.0,0.0,2.0,X,COMBUSTION KINETICS-MCL727,PAVAN PRAKASH DUVVURI
2025-26,1,MCL733,1MCL733,4,3.0,0.0,2.0,C,VIBRATIONS AND NOISE ENGINEERING-MCL733,ASHISH KAMALAKAR DARPE
2025-26,1,MCL740,1MCL740,3,3.0,0.0,0.0,H,LUBRICATION-MCL740,SUJEET KUMAR SINHA
2025-26,1,MCL756,1MCL756,3,3.0,0.0,0.0,K,SUPPLY CHAIN MANAGEMENT-MCL756,MINAKSHI KUMARI
2025-26,1,MCL761,1MCL761,3,3.0,0.0,0.0,AA,PROBABILITY AND STATISTICS-MCL761,AMBER SRIVASTAVA
2025-26,1,MCL765,1MCL765,3,3.0,0.0,0.0,AB,OPERATIONS RESEARCH-MCL765,PRASHANT PALKAR
2025-26,1,MCL781,1MCL781,4,3.0,0.0,2.0,C,MACHINING PROCESSES AND ANALYS-MCL781,PRITHVIRAJ MUKHOPADHYAY
2025-26,1,MCL787,1MCL787,4,3.0,0.0,2.0,A,WELDING SCIENCE AND TECHNOLOGY-MCL787,SIVANANDAM ARAVINDAN
2025-26,1,MCL791,1MCL791,4,3.0,0.0,2.0,A,PROCESSING AND MECHANICS OF CO-MCL791,NARESH BHATNAGAR
2025-26,1,MCL796,1MCL796,4,3.0,0.0,2.0,B,ADDITIVE MANUFACTURING-MCL796,PULAK MOHAN PANDEY
2025-26,1,MCL812,1MCL812,3,3.0,0.0,0.0,H,COMBUSTION-MCL812,ANJAN RAY
2025-26,1,MCL821,1MCL821,3,3.0,0.0,0.0,F,RADIATION HEAT TRANSFER-MCL821,PRABAL TALUKDAR
2025-26,1,MCL839,1MCL839,3,2.0,0.0,2.0,B,ROTOR DYNAMICS-MCL839,ASHISH KAMALAKAR DARPE
2025-26,1,MCL840,1MCL840,3,2.0,0.0,2.0,E,EXPERIMENTAL MODAL ANALYSIS AND DYNAMIC DESIGN-MCL840,SUBODH VASANT MODAK
2025-26,1,MCP231,1MCP231,1,0.0,0.0,2.0,E,MANUFACTURING LABORATORY I-MCP231,SIVANANDAM ARAVINDAN , SUDARSAN GHOSH
2025-26,1,MCP232,1MCP232,1,0.0,0.0,2.0,F,PRODUCTION ENGINEERING LAB I-MCP232,SUDARSAN GHOSH
2025-26,1,MCP361,1MCP361,1,0.0,0.0,2.0,C,INDUSTRIAL ENGINEERING LAB- II-MCP361,MINAKSHI KUMARI
2025-26,1,MCP401,1MCP401,2,0.0,0.0,4.0,E,MECHANICAL ENGINEERING LAB -II-MCP401,SUJEET KUMAR SINHA , ARPAN GUPTA , JITENDRA PRASAD KHATAIT , SUBIR KUMAR SAHA
2025-26,1,MCQ301,1MCQ301,1,0.0,0.0,2.0,X,SEMINAR COURSE - I-MCQ301,JAYANTA KUMAR DUTT
2025-26,1,MCQ302,1MCQ302,1,0.0,0.0,2.0,X,SEMINAR COURSE - II-MCQ302,PAVAN PRAKASH DUVVURI
2025-26,1,MCQ303,1MCQ303,1,0.0,0.0,2.0,X,SEMINAR COURSE - III-MCQ303,SAGAR SARKAR
2025-26,1,MCV849,1MCV849,1,1.0,0.0,0.0,X,SPECIAL MODULE IN SYSTEM DESIGN-MCV849,SUBODH VASANT MODAK
2025-26,1,MEL1140,1MEL1140,4,3.0,0.0,2.0,X,THERMODYNAMICS-MEL1140,SANGEETA KOHLI
2025-26,1,MEL7101,1MEL7101,3,3.0,0.0,0.0,AB,MATHEMATICAL PROGRAMMING-MEL7101,PRASHANT PALKAR
2025-26,1,MEL7102,1MEL7102,3,3.0,0.0,0.0,AA,PROBABILITY AND STATISTICS-MEL7102,AMBER SRIVASTAVA
2025-26,1,MEL7103,1MEL7103,3,3.0,0.0,0.0,J,OPERATIONS PLANNING AND CONTROL-MEL7103,SHAURYA SHRIYAM
2025-26,1,MEL7201,1MEL7201,3,3.0,0.0,0.0,A,ADVANCED SOLID MECHANICS-MEL7201,SATINDER PAUL SINGH
2025-26,1,MEL7202,1MEL7202,3,2.0,0.0,2.0,D,MECHANICAL SYSTEM DESIGN-MEL7202,RAMA KRISHNA K
2025-26,1,MEL7203,1MEL7203,3,2.0,0.0,2.0,E,OPTIMUM DESIGN-MEL7203,ANOOP CHAWLA
2025-26,1,MEL7204,1MEL7204,3,2.0,0.0,2.0,C,VIBRATION ENGINEERING-MEL7204,ASHISH KAMALAKAR DARPE
2025-26,1,MEL7205,1MEL7205,3,3.0,0.0,0.0,J,DYNAMICS AND CONTROL-MEL7205,SUBIR KUMAR SAHA
2025-26,1,MEL7301,1MEL7301,4,3.0,0.0,2.0,D,METAL FORMING TECHNOLOGY-MEL7301,DIGAVALLI RAVI KUMAR
2025-26,1,MEL7302,1MEL7302,4,3.0,0.0,2.0,C,MACHINING SCIENCE AND TECHNOLOGY-MEL7302,PRITHVIRAJ MUKHOPADHYAY
2025-26,1,MEL7303,1MEL7303,4,3.0,0.0,2.0,A,WELDING SCIENCE AND TECHNOLOGY-MEL7303,SIVANANDAM ARAVINDAN
2025-26,1,MEL7305,1MEL7305,3,2.0,0.0,2.0,J,COMPUTATIONAL METHODS-MEL7305,B. PREMACHANDRAN
2025-26,1,MEL7306,1MEL7306,4,3.0,0.0,2.0,B,ADDITIVE MANUFACTURING-MEL7306,PULAK MOHAN PANDEY
2025-26,1,MEL7331,1MEL7331,4,3.0,0.0,2.0,A,PROCESSING AND MECHANICS OF COMPOSITE MATERIALS-MEL7331,NARESH BHATNAGAR
2025-26,1,MEL7401,1MEL7401,3,3.0,0.0,0.0,C,ADVANCED THERMODYNAMICS-MEL7401,SUPREET SINGH BAHGA
2025-26,1,MEL7402,1MEL7402,3,3.0,0.0,0.0,H,ADVANCED FLUID MECHANICS-MEL7402,MAYANK KUMAR
2025-26,1,MEL7403,1MEL7403,3,3.0,0.0,0.0,J,APPLIED MATHEMATICS FOR THERMOFLUIDS-MEL7403,PRATIK DAS
2025-26,1,MEL7404,1MEL7404,3,2.0,0.0,2.0,A,EXPERIMENTAL METHODS FOR THERMOFLUIDS-MEL7404,PRABAL TALUKDAR
2025-26,1,MEL7428,1MEL7428,3,2.0,0.0,2.0,X,COMBUSTION KINETICS-MEL7428,PAVAN PRAKASH DUVVURI
2025-26,1,MEL8262,1MEL8262,3,2.0,0.0,2.0,B,ROTOR DYNAMICS-MEL8262,ASHISH KAMALAKAR DARPE
2025-26,1,MEL8263,1MEL8263,3,2.0,0.0,2.0,E,EXPERIMENTAL MODAL ANALYSIS-MEL8263,SUBODH VASANT MODAK
2025-26,1,MEN7002,1MEN7002,4,0.0,0.0,8.0,X,TEACHING AND RESEARCH PRACTICUM-MEN7002,DEBABRATA DASGUPTA
2025-26,1,MEP1000,1MEP1000,2,0.5,0.0,3.0,P,ENGINEERING VISUALIZATION-MEP1000,DEVENDRA KUMAR DUBEY , RAJAN PRASAD , RAMA KRISHNA K
2025-26,1,MEP1001,1MEP1001,2,0.5,0.0,3.0,P,MANUFACTURING FOR PRODUCT INNOVATION-MEP1001,SUNIL JHA
2025-26,1,VLM101,1VLM101,1,1.0,0.0,0.0,X,INDUSTRIAL SAFETY AND HAZARDS-VLM101,BHUPINDER GODARA
2025-26,1,VLM102,1VLM102,0.5,0.0,0.0,1.0,X,ENERGY MANAGEMENT IN MANUFACTURING-VLM102,PRABAL TALUKDAR
2025-26,1,VLM103,1VLM103,0.5,0.0,0.0,1.0,X,MACHINING TECHNOLOGY-VLM103,SUDARSAN GHOSH
2025-26,1,VLM104,1VLM104,0.5,0.0,0.0,1.0,X,MACHINE TOOLS AND TOOL DESIGN-VLM104,SUDARSAN GHOSH
2025-26,1,VLM105,1VLM105,1,1.0,0.0,0.0,X,PROCESS ENGINEERING-VLM105,PRITHVIRAJ MUKHOPADHYAY
2025-26,1,VLM106,1VLM106,0.5,0.0,0.0,1.0,X,ENGINEERING MEASUREMENT-VLM106,P.VENKATESWARA RAO
2025-26,1,VLM107,1VLM107,1,0.5,0.0,1.0,X,MICRO AND NANO FABRICATION-VLM107,SUPREET SINGH BAHGA , SIVANANDAM ARAVINDAN
2025-26,1,VLM108,1VLM108,1.5,1.0,0.0,1.0,X,CAD/CAM AND NUMERICAL CONTROL-VLM108,NARESH VARMA DATLA , SAGAR SARKAR
2025-26,1,VLM109,1VLM109,1.5,0.5,0.0,2.0,X,ADDITIVE MANUFACTURING-VLM109,PULAK MOHAN PANDEY
2025-26,1,VLM110,1VLM110,1.5,0.5,0.0,2.0,X,AUTOMATION AND SMART MANUFACTURING-VLM110,SUNIL JHA , MINAKSHI KUMARI
2025-26,1,VLM111,1VLM111,1,1.0,0.0,0.0,X,ROBOTICS-VLM111,SHAURYA SHRIYAM
2025-26,1,VLM112,1VLM112,0.5,0.0,0.0,1.0,X,ADVANCES IN MATERIALS-VLM112,JAYANT JAIN , RAJESH PRASAD
2025-26,1,VLM113,1VLM113,0.5,0.0,0.0,1.0,X,CASTING-VLM113,KUSUM MEENA
2025-26,1,VLM114,1VLM114,0.5,0.0,0.0,1.0,X,WELDING-VLM114,ABHISHEK DAS
2025-26,1,VLM115,1VLM115,0.5,0.0,0.0,1.0,X,FORMING-VLM115,DIGAVALLI RAVI KUMAR
2025-26,1,VLM116,1VLM116,1,1.0,0.0,0.0,X,PROCESSING OF POLYMERS AND COMPOSITES-VLM116,KUSUM MEENA , NARESH BHATNAGAR
2025-26,1,VLM117,1VLM117,1,0.5,0.0,1.0,X,STATISTICS FOR MANUFACTURING MANAGEMENT-VLM117,SANJEEV GOVINDRAO DESHMUKH , MINAKSHI KUMARI
2025-26,1,VLM118,1VLM118,1.5,1.0,0.0,1.0,X,ARTIFICIAL INTELLIGENCE AND MACHINE LEARNING FOR MANUFACTURING MANAGEMENT-VLM118,PRASHANT PALKAR , AMBER SRIVASTAVA
2025-26,1,VLM119,1VLM119,1.5,1.0,0.0,1.0,X,EXPERIMENTAL AND COMPUTATIONAL TOOLS FOR MANUFACTURING MANAGEMENT-VLM119,PULAK MOHAN PANDEY , DIPAYAN DAS
2025-26,1,VLM120,1VLM120,0.5,0.0,0.0,1.0,X,LEADERSHIP TALKS-VLM120,SUSHIL
2025-26,1,JRD892,1JRD892,6,0.0,0.0,12.0,X,MTECH PROJECT PART I-JRD892,RAMA KRISHNA K
2025-26,1,VEL700,1VEL700,3,2.0,1.0,0.0,M,HUMAN VALUES AND TECHNOLOGY-VEL700,SANGEETA KOHLI , M.R. RAVI
2025-26,1,VEL7100,1VEL7100,3,3.0,0.0,0.0,M,HUMAN VALUES AND TECHNOLOGY-VEL7100,SANGEETA KOHLI
2025-26,1,VEQ8000,1VEQ8000,0.5,0.0,0.0,1.0,X,RESEARCH COMMUNICATIONS AND ETHICS-VEQ8000,RAHUL GARG , JAMES GOMES
2025-26,1,VEV7030,1VEV7030,1,0.5,0.0,1.0,X,SPECIAL MODULE ON INNER DEVELOPMENT-1-VEV7030,JYOTI KUMAR
2025-26,1,VEV7031,1VEV7031,1,0.5,0.0,1.0,K,SPECIAL MODULE ON INNER DEVELOPMENT-2-VEV7031,RAHUL GARG
2025-26,1,VEV7032,1VEV7032,1,0.5,0.0,1.0,X,SPECIAL MODULE ON INNER DEVELOPMENT-3-VEV7032,SANGEETA KOHLI
2025-26,1,VEV7035,1VEV7035,1,1.0,0.0,0.0,X,SPECIAL MODULE ON SUSTAINABILITY-1-VEV7035,JAY DHARIWAL
2025-26,1,VEV7037,1VEV7037,1,1.0,0.0,0.0,X,SPECIAL MODULE ON CIVILIZATION - 1-VEV7037,NOMESH BHOJKUMAR BOLIA
2025-26,1,VEV731,1VEV731,1,1.0,0.0,0.0,X,SPECIAL MODULE ON INNER DEVELOPMENT 1-VEV731,JYOTI KUMAR
2025-26,1,VEV732,1VEV732,1,1.0,0.0,0.0,K,SPECIAL MODULE ON INNER DEVELOPMENT-II-VEV732,RAHUL GARG
2025-26,1,VEV735,1VEV735,1,1.0,0.0,0.0,X,SPECIAL MODULE ON SUSTAINABILITY 1-VEV735,JAY DHARIWAL
2025-26,1,VEV737,1VEV737,1,0.5,0.0,1.0,X,SPECIAL MODULE ON CIVILIZATION-I-VEV737,NOMESH BHOJKUMAR BOLIA
2025-26,1,VEV741,1VEV741,1,1.0,0.0,0.0,X,SPECIAL MODULE ON INNER DEVELOPMENT-3-VEV741,SANGEETA KOHLI
2025-26,1,OPD710,1OPD710,3,0.0,0.0,6.0,X,MINI PROJECT IN OPTICS AND PHOTONICS-OPD710,P.SENTHILKUMARAN
2025-26,1,OPL700,1OPL700,3,3.0,0.0,0.0,H,OPTICS AND PHOTONICS FOR ENGINEERS & SCIENTISTS-OPL700,P.SENTHILKUMARAN , AADHI A
2025-26,1,OPL7014,1OPL7014,3,3.0,0.0,0.0,J,INTEGRATED PHOTONICS-OPL7014,AWANISH PANDEY
2025-26,1,OPL7100,1OPL7100,3,3.0,0.0,0.0,H,OPTICS AND PHOTONICS FOR ENGINEERS AND SCIENTISTS-OPL7100,P.SENTHILKUMARAN , AADHI A
2025-26,1,OPL711,1OPL711,3,3.0,0.0,0.0,E,PRINCIPLES OF LASERS-OPL711,SAURABH MANI TRIPATHI
2025-26,1,OPL712,1OPL712,3,3.0,0.0,0.0,K,PHOTONIC MATERIALS AND APPLICATIONS-OPL712,DHEERAJ PRATAP
2025-26,1,OPL7120,1OPL7120,3,3.0,0.0,0.0,K,PHOTONIC MATERIALS AND APPLICATIONS-OPL7120,DHEERAJ PRATAP
2025-26,1,OPL714,1OPL714,3,3.0,0.0,0.0,J,INTEGRATED PHOTONICS-OPL714,AWANISH PANDEY
2025-26,1,OPL715,1OPL715,3,3.0,0.0,0.0,H,NANOPHOTONICS-OPL715,RITWICK DAS
2025-26,1,OPL716,1OPL716,3,3.0,0.0,0.0,J,INTRODUCTION TO QUANTUM PHOTONICS-OPL716,PARVENDRA KUMAR
2025-26,1,OPL7160,1OPL7160,3,3.0,0.0,0.0,J,INTRODUCTION TO QUANTUM PHOTONICS-OPL7160,PARVENDRA KUMAR
2025-26,1,OPL7711,1OPL7711,3,3.0,0.0,0.0,E,LASER SCIENCE AND TECHNOLOGY-OPL7711,SAURABH MANI TRIPATHI
2025-26,1,OPL7715,1OPL7715,3,3.0,0.0,0.0,H,NANOPHOTONICS-OPL7715,RITWICK DAS
2025-26,1,OPP7010,1OPP7010,3,0.0,0.0,6.0,X,PHOTONICS LABORATORY - 1-OPP7010,KEDAR BHALCHANDRA KHARE
2025-26,1,JOD801,1JOD801,6,0.0,0.0,12.0,P,MAJOR PROJECT PART-I-JOD801,AMARTYA SENGUPTA
2025-26,1,JOD802,1JOD802,12,0.0,0.0,24.0,P,MAJOR PROJECT PART-II-JOD802,AMARTYA SENGUPTA
2025-26,1,JOP7091,1JOP7091,3,0.0,0.0,6.0,P,FIBER OPTICS LAB/OPTICAL COMMUNICATION LAB-JOP7091,AMARTYA SENGUPTA
2025-26,1,PYD411,1PYD411,4,0.0,0.0,8.0,Q,PROJECT-I-PYD411,PRADIPTA GHOSH
2025-26,1,PYD561,1PYD561,3,0.0,0.0,6.0,Q,PROJECT I-PYD561,RAHUL SURESH MARATHE
2025-26,1,PYD658,1PYD658,3,0.0,0.0,6.0,P,MINI PROJECT-PYD658,SASWATA BHATTACHARYA
2025-26,1,PYD801,1PYD801,6,0.0,0.0,12.0,Q,MAJOR PROJECT PART-I-PYD801,RAJENDRA SINGH DHAKA
2025-26,1,PYD851,1PYD851,6,0.0,0.0,12.0,Q,MAJOR PROJECT PART-I-PYD851,SUNIL KUMAR
2025-26,1,PYL1001,1PYL1001,3,2.0,1.0,0.0,X,INTRODUCTION TO ELECTRODYNAMICS-PYL1001,BRAJESH KUMAR MANI , NITIN YADAV , ROHIT NARULA
2025-26,1,PYL1002,1PYL1002,3,2.0,1.0,0.0,X,WAVES AND OSCILLATIONS-PYL1002,RAHUL SURESH MARATHE
2025-26,1,PYL1003,1PYL1003,3,2.0,1.0,0.0,X,MECHANICS AND SPECIAL THEORY OF RELATIVITY-PYL1003,PRADIPTA GHOSH
2025-26,1,PYL102,1PYL102,3,3.0,0.0,0.0,H,PRINCIPLES OF ELECT. MATERIALS-PYL102,PANKAJ SRIVASTAVA , KAUSTUV MANNA
2025-26,1,PYL121,1PYL121,4,3.0,1.0,0.0,E,MATHEMATICAL PHYSICS - I-PYL121,ABHISHEK MURALIDHAR IYER
2025-26,1,PYL123,1PYL123,4,3.0,1.0,0.0,D,OPTICS AND PHOTONICS - I-PYL123,ADITYA NARAIN AGNIHOTRI
2025-26,1,PYL125,1PYL125,4,3.0,1.0,0.0,F,SOLID STATE PHYSICS - I-PYL125,PINTU DAS
2025-26,1,PYL127,1PYL127,4,3.0,1.0,0.0,B,CLASSICAL MECHANICS & RELATIVITY-PYL127,SUPRIT SINGH
2025-26,1,PYL205,1PYL205,4,3.0,1.0,0.0,B,ELECTRODYNAMICS-PYL205,HITENDRA KUMAR MALIK
2025-26,1,PYL209,1PYL209,3,3.0,0.0,0.0,C,OPTICS AND PHOTONICS II-PYL209,AMARTYA SENGUPTA , JOYEE GHOSH
2025-26,1,PYL304,1PYL304,3,3.0,0.0,0.0,K,SUPERCONDUCTIVITY & APPLICAT.-PYL304,SUJIT MANNA
2025-26,1,PYL435,1PYL435,3,2.0,1.0,0.0,J,ADVANCED COMPUTATIONAL PHYSICS-PYL435,SUJIN B.BABU
2025-26,1,PYL5051,1PYL5051,4,3.0,1.0,0.0,D,CLASSICAL MECHANICS-PYL5051,DEEPAK KUMAR
2025-26,1,PYL5053,1PYL5053,4,3.0,1.0,0.0,E,MATHEMATICAL PHYSICS-PYL5053,AMITA DAS
2025-26,1,PYL5055,1PYL5055,4,3.0,1.0,0.0,A,QUANTUM MECHANICS-I-PYL5055,GARGEE GIRISH SHARMA
2025-26,1,PYL5057,1PYL5057,3,3.0,0.0,0.0,C,ELECTRONICS-PYL5057,HEMANTA KUMAR KUNDU
2025-26,1,PYL551,1PYL551,4,3.0,1.0,0.0,D,CLASSICAL MECHANICS-PYL551,DEEPAK KUMAR
2025-26,1,PYL553,1PYL553,4,3.0,1.0,0.0,E,MATHEMATICAL PHYSICS-PYL553,AMITA DAS
2025-26,1,PYL555,1PYL555,4,3.0,1.0,0.0,A,QUANTUM MECHANICS I-PYL555,GARGEE GIRISH SHARMA
2025-26,1,PYL557,1PYL557,4,3.0,1.0,0.0,C,ELECTRONICS-PYL557,HEMANTA KUMAR KUNDU
2025-26,1,PYL567,1PYL567,3,3.0,0.0,0.0,H,ATOMIC AND MOLECULAR PHYSICS-PYL567,NAVENDU MONDAL
2025-26,1,PYL569,1PYL569,3,3.0,0.0,0.0,B,NUCLEAR AND PARTICLE PHYSICS-PYL569,AMRUTA MISHRA
2025-26,1,PYL7001,1PYL7001,3,3.0,0.0,0.0,D,PHYSICAL FOUNDATIONS OF MATERIALS SCIENCE-PYL7001,RAJENDRA SINGH
2025-26,1,PYL7002,1PYL7002,3,3.0,0.0,0.0,K,PHYSICS OF SEMICONDUCTOR DEVICES-PYL7002,PRANABA KISHOR MUDULI
2025-26,1,PYL7003,1PYL7003,3,3.0,0.0,0.0,J,ELECTRONIC PROPERTIES OF MATERIALS-PYL7003,SASWATA BHATTACHARYA
2025-26,1,PYL701,1PYL701,3,3.0,0.0,0.0,D,PHYSICAL FOUNDATIONS OF MATERIALS SCIENCE-PYL701,RAJENDRA SINGH
2025-26,1,PYL702,1PYL702,3,3.0,0.0,0.0,K,PHYSICS OF SEMICONDUCTOR DEVICES-PYL702,PRANABA KISHOR MUDULI
2025-26,1,PYL703,1PYL703,3,3.0,0.0,0.0,J,ELECTRONIC PROPERTIES OF MATERIALS-PYL703,SASWATA BHATTACHARYA
2025-26,1,PYL7047,1PYL7047,3,3.0,0.0,0.0,B,NONLINEAR OPTICS-PYL7047,SUNIL KUMAR
2025-26,1,PYL7049,1PYL7049,3,3.0,0.0,0.0,M,QUANTUM INFORMATION AND COMPUTATION-PYL7049,SARTHAK PARIKH
2025-26,1,PYL7051,1PYL7051,3,3.0,0.0,0.0,H,OPTICAL SOURCES, PHOTOMETRY AND METROLOGY-PYL7051,BHASKAR KANSERI
2025-26,1,PYL7053,1PYL7053,3,2.0,0.0,2.0,J,OPTICAL SYSTEM DESIGN-PYL7053,DALIP SINGH MEHTA
2025-26,1,PYL7055,1PYL7055,3,3.0,0.0,0.0,K,BASIC OPTICS AND OPTICAL INSTRUMENTATION-PYL7055,BODHADITYA SANTRA
2025-26,1,PYL707,1PYL707,3,3.0,0.0,0.0,H,CHARACTERISATION TEC. FOR MAT.-PYL707,SANTANU GHOSH
2025-26,1,PYL7070,1PYL7070,3,3.0,0.0,0.0,C,ULTRAFAST OPTICS AND APPLICATIONS-PYL7070,ALOKA SINHA
2025-26,1,PYL7091,1PYL7091,3,3.0,0.0,0.0,E,FIBER OPTICS-PYL7091,R.K. VARSHNEY
2025-26,1,PYL7093,1PYL7093,3,3.0,0.0,0.0,D,PHOTONIC DEVICES-PYL7093,AMARTYA SENGUPTA
2025-26,1,PYL7107,1PYL7107,3,3.0,0.0,0.0,H,CHARACTERISATION TECHNIQUES FOR MATERIALS-PYL7107,SANTANU GHOSH
2025-26,1,PYL7123,1PYL7123,3,3.0,0.0,0.0,A,VACUUM SCIENCE AND CRYOGENICS-PYL7123,SUJEET CHAUDHARY , NEERAJ KHARE
2025-26,1,PYL7125,1PYL7125,3,3.0,0.0,0.0,C,SURFACE PHYSICS AND ANALYSIS-PYL7125,MARSHAL
2025-26,1,PYL7130,1PYL7130,3,3.0,0.0,0.0,F,PLASMA THEORY AND SIMULATIONS-PYL7130,VIKRANT SAXENA
2025-26,1,PYL7140,1PYL7140,3,3.0,0.0,0.0,A,ADVANCED THEORY OF CONDENSED MATTER-PYL7140,SANKALPA GHOSH
2025-26,1,PYL7141,1PYL7141,3,3.0,0.0,0.0,F,QUANTUM FIELD THEORY 1-PYL7141,TARUN SHARMA
2025-26,1,PYL7185,1PYL7185,3,3.0,0.0,0.0,E,ADVANCED STATISTICAL MECHANICS-PYL7185,VARSHA BANERJEE
2025-26,1,PYL7195,1PYL7195,3,3.0,0.0,0.0,J,OPTICS AND LASER ENGINEERING-PYL7195,GADDAM VIJAYA PRAKASH
2025-26,1,PYL723,1PYL723,3,3.0,0.0,0.0,A,VACUUM SCIENCE AND CRYOGENICS-PYL723,SUJEET CHAUDHARY , NEERAJ KHARE
2025-26,1,PYL725,1PYL725,3,3.0,0.0,0.0,C,SURFACE PHYSICS AND ANALYSIS-PYL725,MARSHAL
2025-26,1,PYL730,1PYL730,3,3.0,0.0,0.0,F,PLASMA THEORY AND SIMULATIONS-PYL730,VIKRANT SAXENA
2025-26,1,PYL740,1PYL740,3,3.0,0.0,0.0,A,ADVAN. CONDENSED MATTER THEORY-PYL740,SANKALPA GHOSH
2025-26,1,PYL741,1PYL741,3,3.0,0.0,0.0,F,FIELD THEORY & QUANTUM ELECTR.-PYL741,TARUN SHARMA
2025-26,1,PYL745,1PYL745,3,3.0,0.0,0.0,E,ADVANCED STATISTICAL MECHANICS-PYL745,VARSHA BANERJEE
2025-26,1,PYL749,1PYL749,3,3.0,0.0,0.0,M,QUANTUM INFORMATION & COMPUTA.-PYL749,SARTHAK PARIKH
2025-26,1,PYL759,1PYL759,3,3.0,0.0,0.0,K,COMPUTATIONAL OPTICAL IMAGING-PYL759,KEDAR BHALCHANDRA KHARE
2025-26,1,PYL7590,1PYL7590,3,3.0,0.0,0.0,K,COMPUTATIONAL OPTICAL IMAGING-PYL7590,KEDAR BHALCHANDRA KHARE
2025-26,1,PYL770,1PYL770,3,3.0,0.0,0.0,C,ULTRA-FAST OPTICS & APPLICATI.-PYL770,ALOKA SINHA
2025-26,1,PYL791,1PYL791,3,3.0,0.0,0.0,E,FIBER OPTICS-PYL791,R.K. VARSHNEY
2025-26,1,PYL793,1PYL793,3,3.0,0.0,0.0,D,PHOTONIC DEVICES-PYL793,AMARTYA SENGUPTA
2025-26,1,PYL795,1PYL795,3,3.0,0.0,0.0,J,OPTICS AND LASERS-PYL795,GADDAM VIJAYA PRAKASH
2025-26,1,PYL800,1PYL800,3,3.0,0.0,0.0,K,NUM. & COMP. METH. IN RESEARCH-PYL800,RANA NANDI
2025-26,1,PYL8000,1PYL8000,4,3.0,0.0,2.0,K,NUMERICAL AND COMPUTATIONAL METHODS IN RESEARCH-PYL8000,RANA NANDI
2025-26,1,PYP1000,1PYP1000,2,0.0,0.0,4.0,P,PHYSICS LABORATORY-PYP1000,SUJIT MANNA , RANA NANDI , NITIN YADAV , HITENDRA KUMAR MALIK , SUPRIT SINGH , PRADIPTA GHOSH , BRAJESH KUMAR MANI , ROHIT NARULA , AMRUTA MISHRA , MARSHAL , VIKRANT SAXENA , SUJIN B.BABU , GARGEE GIRISH SHARMA , NAHID VASIM , BODHADITYA SANTRA , RAHUL SURESH MARATHE , SANKALPA GHOSH , VARSHA BANERJEE
2025-26,1,PYP111,1PYP111,3,0.0,0.0,6.0,P,ENGINEERING PHYSICS LAB-I-PYP111,SUNIL KUMAR
2025-26,1,PYP223,1PYP223,3,0.0,0.0,6.0,D,ENGINEERING PHYSICS LABORATORY-III-PYP223,PINTU DAS
2025-26,1,PYP5061,1PYP5061,4,0.0,0.0,8.0,P,MSC PHYSICS LABORATORY - I-PYP5061,DEEPAK KUMAR
2025-26,1,PYP561,1PYP561,4,0.0,0.0,8.0,P,LABORATORY I-PYP561,DEEPAK KUMAR , HEMANTA KUMAR KUNDU , SARTHAK PARIKH , SASWATA BHATTACHARYA , RAHUL SURESH MARATHE , RAJENDRA SINGH DHAKA , JITENDRA PRATAP SINGH
2025-26,1,PYP563,1PYP563,4,0.0,0.0,8.0,P,ADVANCED LABORATORY-PYP563,DEEPAK KUMAR , HEMANTA KUMAR KUNDU , SARTHAK PARIKH , SASWATA BHATTACHARYA , RAHUL SURESH MARATHE , RAJENDRA SINGH DHAKA , JITENDRA PRATAP SINGH
2025-26,1,PYP7001,1PYP7001,3,0.0,0.0,6.0,P,SOLID STATE MATERIALS LABORATORY-PYP7001,KAUSTUV MANNA
2025-26,1,PYP7061,1PYP7061,3,0.0,0.0,6.0,P,OPTICAL FABRICATION AND METROLOGY LABORATORY-PYP7061,BHASKAR KANSERI
2025-26,1,PYQ301,1PYQ301,1,0.0,0.0,2.0,X,SEMINAR COURSE - I-PYQ301,NEERAJ KHARE
2025-26,1,AID710,1AID710,3,0.0,0.0,6.0,P,MINI PROJECT IN ARTIFICIAL INTELLIGENCE-AID710,SOUVIK CHAKRABORTY
2025-26,1,AID799,1AID799,3,0.0,0.0,6.0,P,MINOR PROJECT-AID799,SUDIPAN SAHA
2025-26,1,AID891,1AID891,6,0.0,0.0,12.0,P,M.TECH. PROJECT PART-I-AID891,SUDIPAN SAHA
2025-26,1,AID892,1AID892,12,0.0,0.0,24.0,P,M.TECH. PROJECT PART-II-AID892,SUDIPAN SAHA
2025-26,1,AID895,1AID895,36,0.0,0.0,72.0,P,MS RESEARCH PROJECT-AID895,SOUVIK CHAKRABORTY
2025-26,1,AIL7001,1AIL7001,3,3.0,0.0,0.0,AA,MATHEMATICAL FOUNDATIONS OF MINDS-AIL7001,SUDIPAN SAHA
2025-26,1,AIL7002,1AIL7002,4,3.0,0.0,2.0,AD,DATA STRUCTURES AND ALGORITHMS-AIL7002,SUMEET AGARWAL
2025-26,1,AIL701,1AIL701,3,3.0,0.0,0.0,AA,MATHEMATICAL FOUNDATIONS OF MINDS-AIL701,SUDIPAN SAHA
2025-26,1,AIL7014,1AIL7014,3,3.0,0.0,0.0,J,INTRODUCTION TO OPTIMIZATION-AIL7014,BHASKAR PRATIM MUKHOTY
2025-26,1,AIL7022,1AIL7022,4,3.0,0.0,2.0,AC,REINFORCEMENT LEARNING-AIL7022,RAUNAK PUSHPAK BHATTACHARYYA
2025-26,1,AIL7024,1AIL7024,4,3.0,0.0,2.0,A,MACHINE LEARNING-AIL7024,TANMOY CHAKRABORTY
2025-26,1,AIL7025,1AIL7025,4,3.0,0.0,2.0,F,INTRODUCTION TO ARTIFICIAL INTELLIGENCE-AIL7025,MAUSAM
2025-26,1,AIL722,1AIL722,3,3.0,0.0,0.0,AC,REINFORCEMENT LEARNING-AIL722,RAUNAK PUSHPAK BHATTACHARYYA
2025-26,1,AIL8027,1AIL8027,4,3.0,0.0,2.0,AB,ADVANCED REINFORCEMENT LEARNING-AIL8027,ARAMBAM JAMES SINGH
2025-26,1,AIL821,1AIL821,3,3.0,0.0,0.0,AB,SPECIAL TOPICS IN MACHINE LEARNING-AIL821,ARAMBAM JAMES SINGH
2025-26,1,AIL861,1AIL861,3,3.0,0.0,0.0,H,SPECIAL TOPICS IN APPLICATIONS -AIL861,TANMOY CHAKRABORTY
2025-26,1,AIN7091,1AIN7091,4,0.0,0.0,8.0,P,TEACHING/RESEARCH PRACTICUM-AIN7091,SUDIPAN SAHA
2025-26,1,AIS710,1AIS710,3,0.0,3.0,0.0,P,INDEPENDENT STUDY IN ARTIFICIAL INTELLIGENCE-AIS710,SOUVIK CHAKRABORTY
2025-26,1,SBC795,1SBC795,1,0.0,0.0,2.0,P,GRADUATE STUDENT RESEARCH SEMINAR-SBC795,ANITA ROY
2025-26,1,SBD601,1SBD601,6,0.0,0.0,12.0,P,MINOR PROJECT-SBD601,MANOJ BALAKRISHNA MENON
2025-26,1,SBL100,1SBL100,4,3.0,0.0,2.0,C,INTRO. TO BIOLOGY FOR ENGINEER-SBL100,TAPAN KUMAR NAYAK , CHINMOY SANKAR DEY , TAPAN KUMAR CHAUDHURI
2025-26,1,SBL5000,1SBL5000,4,3.0,0.0,2.0,M,MOLECULAR CELL BIOLOGY &AMP; GENETICS-SBL5000,SHILPI MINOCHA , SARAN KUMAR
2025-26,1,SBL5010,1SBL5010,4,3.0,0.0,2.0,A,MATHEMATICAL AND STATISTICAL BIOLOGY-SBL5010,ADITYA MITTAL , TAPAN KUMAR NAYAK
2025-26,1,SBL5020,1SBL5020,4,3.0,0.0,2.0,AD,BIOCHEMISTRY-SBL5020,SANTANU MONDAL , BISHWAJIT KUNDU
2025-26,1,SBL5030,1SBL5030,4,3.0,0.0,2.0,K,BIOLOGY OF MICROBES-SBL5030,PARUL MEHROTRA , MANIDIPA BANERJEE
2025-26,1,SBL5040,1SBL5040,4,3.0,0.0,2.0,AB,EXPERIMENTAL METHODS IN BIOLOGY-SBL5040,SAURABH RAJ , ASHOK KUMAR PATEL
2025-26,1,SBL7001,1SBL7001,3,3.0,0.0,0.0,M,BIOMETRY-SBL7001,ADITYA MITTAL
2025-26,1,SBL7006,1SBL7006,3,3.0,0.0,0.0,AD,BIOLOGICS-SBL7006,ARCHANA CHUGH
2025-26,1,SBL7008,1SBL7008,3,3.0,0.0,0.0,E,EPIGENETICS IN HUMAN HEALTH AND DISEASE-SBL7008,VIVEKANANDAN PERUMAL
2025-26,1,SBL701,1SBL701,3,3.0,0.0,0.0,M,BIOMETRY-SBL701,ADITYA MITTAL
2025-26,1,SBL7013,1SBL7013,3,3.0,0.0,0.0,M,INTRODUCTION TO STRUCTURAL BIOLOGY-SBL7013,MANIDIPA BANERJEE
2025-26,1,SBL7024,1SBL7024,3,3.0,0.0,0.0,H,DECODING PROTEIN MODIFICATIONS IN BIOLOGY-SBL7024,MANOJ BALAKRISHNA MENON
2025-26,1,SBL7032,1SBL7032,3,3.0,0.0,0.0,J,CONCEPTS IN 3-DIMENSION CELL CULTURE-SBL7032,DEEPTI ABBEY
2025-26,1,SBL7033,1SBL7033,3,3.0,0.0,0.0,M,INTRODUCTION AND TECHNIQUES: IMMUNOMETABOLISM-SBL7033,PARUL MEHROTRA
2025-26,1,SBL706,1SBL706,3,3.0,0.0,0.0,AD,BIOLOGICS-SBL706,ARCHANA CHUGH
2025-26,1,SBL708,1SBL708,3,3.0,0.0,0.0,E,EPIGENETICS IN HUMAN HEALTH AND DISEASE-SBL708,VIVEKANANDAN PERUMAL
2025-26,1,SBL713,1SBL713,3,3.0,0.0,0.0,M,INTRO. TO STRUCTURAL BIOLOGY-SBL713,MANIDIPA BANERJEE
2025-26,1,SBL724,1SBL724,3,3.0,0.0,0.0,H,DECODING PROTEIN MODIFICATIONS IN BIOLOGY-SBL724,MANOJ BALAKRISHNA MENON
2025-26,1,SBL732,1SBL732,3,3.0,0.0,0.0,J,CONCEPTS IN THREE-DIMENSIONAL CELL CULTURE-SBL732,DEEPTI ABBEY
2025-26,1,SBL733,1SBL733,3,3.0,0.0,0.0,M,INTRODUCTION AND TECHNIQUES: IMMUNOMETABOLISM-SBL733,PARUL MEHROTRA
2025-26,1,SBP200,1SBP200,2,0.0,0.0,4.0,E,INTRODUCTION TO PRACTICAL MODERN BIOLOGY-SBP200,ASHOK KUMAR PATEL
2025-26,1,SBQ601,1SBQ601,1,0.0,1.0,0.0,P,SEMINARS IN BIOLOGICAL SCIENCES-SBQ601,MANOJ BALAKRISHNA MENON
2025-26,1,SBR7010,1SBR7010,2,0.0,2.0,0.0,P,RESEARCH COMMUNICATION &AMP; BIOETHICS-SBR7010,SHILPI MINOCHA
2025-26,1,SBV8084,1SBV8084,1,1.0,0.0,0.0,K,ELEMENTS OF NEUROSCIENCE-SBV8084,JAMES GOMES
2025-26,1,SBV8096,1SBV8096,1,1.0,0.0,0.0,K,SINGLE MOLECULE BIOPHYSICS-SBV8096,SAURABH RAJ
2025-26,1,SBV884,1SBV884,1,1.0,0.0,0.0,K,ELEMENTS OF NEUROSCIENCE-SBV884,JAMES GOMES
2025-26,1,SBV896,1SBV896,1,1.0,0.0,0.0,K,SINGLE MOLECULE BIOPHYSICS-SBV896,SAURABH RAJ
2025-26,1,JCP7181,1JCP7181,2,0.0,0.0,4.0,X,ADVANCED DATA STRUCTURE AND ALGORITHMS LAB-JCP7181,ASHOK KUMAR BHATEJA
2025-26,1,SID890,1SID890,36,0.0,0.0,72.0,P,MS RESEARCH PROJECT-SID890,SRIKANTA BEDATHUR JAGANNATH
2025-26,1,SIL7159,1SIL7159,3,3.0,0.0,0.0,A,CRYPTOGRAPHY AND CRYPTANALYSIS-SIL7159,ASHOK KUMAR BHATEJA
2025-26,1,SIL8123,1SIL8123,3,3.0,0.0,0.0,AB,SPECIAL TOPICS IN ARTIFICIAL INTELLIGENCE FOR CYBER SECURITY-SIL8123,VIRESHWAR KUMAR
2025-26,1,SIN8000,1SIN8000,3,0.0,0.0,6.0,P,TEACHING PRACTICUM IN INFORMATION TECHNOLOGY-SIN8000,SRIKANTA BEDATHUR JAGANNATH
2025-26,1,SIN8001,1SIN8001,3,0.0,0.0,6.0,P,RESEARCH PRACTICUM IN INFORMATION TECHNOLOGY-SIN8001,SRIKANTA BEDATHUR JAGANNATH
2025-26,1,SIV8064,1SIV8064,1,1.0,0.0,0.0,X,SPECIAL MODULE ON MEDIA PROCESSING &AMP; COMMUNICATION-SIV8064,HUZUR SARAN
2025-26,1,SIV810,1SIV810,1.5,1.0,0.0,1.0,X,SPECIAL MODULE IN CYBER SECURITY-SIV810,SANJIVA PRASAD
2025-26,1,SIV8110,1SIV8110,1.5,1.0,0.0,1.0,X,SPECIAL MODULE IN CYBER SECURITY-SIV8110,SANJIVA PRASAD
2025-26,1,SIV8112,1SIV8112,1.5,1.0,0.0,1.0,X,SPECIAL MODULE IN COMPUTER FORENSICS-SIV8112,VIRESHWAR KUMAR
2025-26,1,SIV812,1SIV812,1.5,1.0,0.0,1.0,X,SPECIAL MODULE IN COMPUTER FORENSICS-SIV812,VIRESHWAR KUMAR
2025-26,1,SIV864,1SIV864,1,1.0,0.0,0.0,X,SPECIAL MODULE ON MEDIA PROCESSING & COMMUNICATION-SIV864,HUZUR SARAN
2025-26,1,JRL7000,1JRL7000,2,1.0,0.0,2.0,K,ROBOTICS LABORATORY-JRL7000,SUNIL JHA
2025-26,1,JRN7099,1JRN7099,4,0.0,0.0,8.0,X,TEACHING/RESEARCH PRACTICUM-JRN7099,RAMA KRISHNA K
2025-26,1,SPD881,1SPD881,4,0.0,0.0,8.0,X,MPP MAJOR PROJECT - I-SPD881,SOUTRIK BASU
2025-26,1,SPL361,1SPL361,4,3.0,0.0,2.0,M,INFORMATION & COMMUNICATION TECHNOLOGIES AND SOCIETY-SPL361,RATHIN BISWAS
2025-26,1,SPL704,1SPL704,3,3.0,0.0,0.0,A,INTRODUCTION TO PUBLIC POLICY AND STI-SPL704,SURAJIT CHAKRAVARTY
2025-26,1,SPL705,1SPL705,3,3.0,0.0,0.0,AD,PUBLIC INSTITUTIONS IN INDIA: THEORY AND PRACTICE-SPL705,ANSHU OGRA , ROHIT CHANDRA
2025-26,1,SPL706,1SPL706,3,3.0,0.0,0.0,M,SCIENCE, TECHNOLOGY, INNOVATION AND SUSTAINABLE DEVELOPMENT-SPL706,SOUTRIK BASU
2025-26,1,SPL708,1SPL708,3,3.0,0.0,0.0,B,STATISTICS FOR PUBLIC POLICY-SPL708,TIESTA THAKUR
2025-26,1,SPL719,1SPL719,3,3.0,0.0,0.0,H,PUBLIC INTEREST TECHNOLOGIES-SPL719,DEBANANDA MISRA
2025-26,1,SPL720,1SPL720,3,3.0,0.0,0.0,D,ENERGY AND INFRASTRUCTURE FINANCE: A PUBLIC POLICY LENS-SPL720,ROHIT CHANDRA
2025-26,1,SPL724,1SPL724,3,3.0,0.0,0.0,AC,ELECTRICITY SECTOR REFORMS IN THE RENEWABLES ERA-SPL724,KAVERI K IYCHETTIRA , SANJAY MITRA
2025-26,1,SPL750,1SPL750,3,3.0,0.0,0.0,AA,QUALITATIVE RESEARCH METHODS FOR PUBLIC POLICY-SPL750,ANSHU OGRA , DEBANANDA MISRA
2025-26,1,SPL754,1SPL754,3,2.0,0.0,2.0,AB,GEOGRAPHICAL INFORMATION SYSTEMS (GIS) FOR PUBLIC POLICY-SPL754,RAJARSHI DASGUPTA
2025-26,1,SPL7704,1SPL7704,4,3.0,0.0,2.0,A,INTRODUCTION TO PUBLIC POLICY AND STI-SPL7704,SURAJIT CHAKRAVARTY
2025-26,1,SPL7705,1SPL7705,4,3.0,0.0,2.0,AD,PUBLIC INSTITUTIONS IN INDIA: THEORY AND PRACTICE-SPL7705,ROHIT CHANDRA
2025-26,1,SPL7706,1SPL7706,4,3.0,0.0,2.0,M,SCIENCE, TECHNOLOGY, INNOVATION (STI) AND SUSTAINABLE DEVELOPMENT-SPL7706,SOUTRIK BASU
2025-26,1,SPL7708,1SPL7708,4,3.0,0.0,2.0,B,STATISTICS FOR PUBLIC POLICY-SPL7708,TIESTA THAKUR
2025-26,1,SPL7719,1SPL7719,4,3.0,0.0,2.0,H,PUBLIC INTEREST TECHNOLOGIES-SPL7719,DEBANANDA MISRA
2025-26,1,SPL7720,1SPL7720,3,3.0,0.0,0.0,D,ENERGY AND INFRASTRUCTURE FINANCE: A PUBLIC POLICY LENS-SPL7720,ROHIT CHANDRA
2025-26,1,SPL7724,1SPL7724,3,3.0,0.0,0.0,AC,ELECTRICITY SECTOR REFORMS IN THE RENEWABLES ERA-SPL7724,KAVERI K IYCHETTIRA
2025-26,1,SPL7750,1SPL7750,4,3.0,0.0,2.0,AA,QUALITATIVE RESEARCH METHODS-SPL7750,DEBANANDA MISRA
2025-26,1,SPL7754,1SPL7754,4,3.0,0.0,2.0,AB,GEOGRAPHICAL INFORMATION SYSTEMS (GIS) FOR PUBLIC POLICY-SPL7754,RAJARSHI DASGUPTA
2025-26,1,SPL7797,1SPL7797,1.5,1.0,0.0,1.0,J,SCENARIO DESIGN FOR MANAGING UNCERTAINTY-SPL7797,KAVERI K IYCHETTIRA
2025-26,1,SPV399,1SPV399,1,1.0,0.0,0.0,J,SPECIAL MODULE IS POLICY STUDIES-SPV399,UPASNA SHARMA , SANJAY MITRA
2025-26,1,SPV797,1SPV797,1,1.0,0.0,0.0,J,SCENARIO DESIGN FOR MANAGING UNCERTAINTY-SPV797,KAVERI K IYCHETTIRA
2025-26,1,DSD801,1DSD801,6,0.0,0.0,12.0,P,MAJOR PROJECT PART-I-DSD801,JASLEEN LUGANI
2025-26,1,DSD802,1DSD802,12,0.0,0.0,24.0,P,MAJOR PROJECT PART-II-DSD802,JASLEEN LUGANI
2025-26,1,DSD895,1DSD895,36,0.0,0.0,72.0,X,MAJOR PROJECT (MSR)-DSD895,JASLEEN LUGANI
2025-26,1,DSL601,1DSL601,3,3.0,0.0,0.0,J,ELECTRO. COMPONENTS & CIRCUITS-DSL601,SHAHID MALIK
2025-26,1,DSL603,1DSL603,3,3.0,0.0,0.0,J,MATERIAL & MECHANICAL DESIGN-DSL603,RAVIBABU MULAVEESALA , SATINDER PAUL SINGH , JOLLY XAVIER P.
2025-26,1,DSL6601,1DSL6601,2,2.0,0.0,0.0,J,ELECTRONIC COMPONENTS AND CIRCUITS-DSL6601,SHAHID MALIK
2025-26,1,DSL6603,1DSL6603,2,2.0,0.0,0.0,J,MATERIAL AND MECHANICAL DESIGN-DSL6603,RAVIBABU MULAVEESALA , SATINDER PAUL SINGH , JOLLY XAVIER P.
2025-26,1,DSL711,1DSL711,3,3.0,0.0,0.0,E,SENSORS AND TRANSDUCERS-DSL711,RAVIBABU MULAVEESALA
2025-26,1,DSL722,1DSL722,3,3.0,0.0,0.0,M,PRECISION MEASUREMENTS SYSTEMS-DSL722,JOLLY XAVIER P. , GUFRAN SAYEED KHAN
2025-26,1,DSL731,1DSL731,3,3.0,0.0,0.0,H,OPTICAL COMPONENTS & BASIC IN.-DSL731,MANISH KUMAR , GUFRAN SAYEED KHAN
2025-26,1,DSL742,1DSL742,3,3.0,0.0,0.0,X,INTEGRATED QUANTUM PHOTONICS-DSL742,JASLEEN LUGANI
2025-26,1,DSL755,1DSL755,3,3.0,0.0,0.0,X,SENSING AND IMAGING TECHNIQUES-DSL755,HARI BABU SRIVASTAVA , RAVIBABU MULAVEESALA , SATISH KUMAR DUBEY
2025-26,1,DSL7711,1DSL7711,3,3.0,0.0,0.0,E,SENSORS AND TRANSDUCERS-DSL7711,RAVIBABU MULAVEESALA
2025-26,1,DSL7722,1DSL7722,3,3.0,0.0,0.0,M,PRECISION MEASUREMENT SYSTEMS-DSL7722,JOLLY XAVIER P. , GUFRAN SAYEED KHAN
2025-26,1,DSL7731,1DSL7731,3,3.0,0.0,0.0,H,OPTICAL COMPONENTS AND BASIC INSTRUMENTS-DSL7731,MANISH KUMAR , GUFRAN SAYEED KHAN
2025-26,1,DSL7742,1DSL7742,3,3.0,0.0,0.0,X,INTEGRATED QUANTUM PHOTONICS-DSL7742,JASLEEN LUGANI
2025-26,1,DSL7755,1DSL7755,3,3.0,0.0,0.0,X,SENSING AND IMAGING TECHNIQUES-DSL7755,SATISH KUMAR DUBEY , HARI BABU SRIVASTAVA , RAVIBABU MULAVEESALA
2025-26,1,DSN7701,1DSN7701,4,0.0,0.0,8.0,X,M.TECH. TEACHING/RESEARCH PRACTICUM-DSN7701,SATISH KUMAR DUBEY
2025-26,1,DSP703,1DSP703,3,0.0,0.0,6.0,P,INSTRUMENT TECHNOLOGY LAB 1-DSP703,GUFRAN SAYEED KHAN , SATISH KUMAR DUBEY , SHAHID MALIK
2025-26,1,DSP7703,1DSP7703,3,0.0,0.0,6.0,X,INSTRUMENT TECHNOLOGY LABORATORY I-DSP7703,GUFRAN SAYEED KHAN
2025-26,1,TXD401,1TXD401,4,0.0,0.0,8.0,P,MAJOR PROJECT PART I-TXD401,SUMIT SINHA RAY
2025-26,1,TXD402,1TXD402,8,0.0,0.0,16.0,P,MAJOR PROJECT PART II-TXD402,SUMIT SINHA RAY
2025-26,1,TXD801,1TXD801,6,0.0,0.0,12.0,P,MAJOR PROJECT PART-I (TXE)-TXD801,BIPIN KUMAR
2025-26,1,TXD802,1TXD802,6,0.0,0.0,12.0,P,MAJOR PROJECT PART-I (TXF)-TXD802,BHANU NANDAN
2025-26,1,TXD804,1TXD804,12,0.0,0.0,24.0,P,MAJOR PROJECT PART II-TXD804,BHANU NANDAN
2025-26,1,TXD805,1TXD805,6,0.0,0.0,12.0,P,MAJOR PROJECT PART-I-TXD805,MD. S. WAZED ALI
2025-26,1,TXL111,1TXL111,3,2.0,0.0,2.0,D,TEXTILE FIBRES-TXL111,JAVED NABIBAKSHA SHEIKH
2025-26,1,TXL130,1TXL130,3,3.0,0.0,0.0,B,POLYMER CHEMISTRY-TXL130,ARCHANA SAMANTA
2025-26,1,TXL212,1TXL212,3,3.0,0.0,0.0,E,MANUFACTURED FIBRE TECHNOLOGY-TXL212,SOURABH GHOSH
2025-26,1,TXL222,1TXL222,3,3.0,0.0,0.0,B,YARN MANUFACTURE II-TXL222,SOHEL RANA
2025-26,1,TXL232,1TXL232,3,3.0,0.0,0.0,D,FABRIC MANUFACTURE II-TXL232,BIPIN KUMAR
2025-26,1,TXL242,1TXL242,3,3.0,0.0,0.0,F,TECH. OF TEXTILE COLORATION-TXL242,HARUN VENKATESAN , MD. S. WAZED ALI
2025-26,1,TXL710,1TXL710,3,3.0,0.0,0.0,F,H.P. AND SPECIALTY FIBRES-TXL710,MANJEET JASSAL
2025-26,1,TXL7101,1TXL7101,3,2.0,0.0,2.0,B,POLYMER AND FIBRE PHYSICS-TXL7101,MANGALA JOSHI
2025-26,1,TXL7102,1TXL7102,3,2.0,0.0,2.0,AD,POLYMER AND FIBRE CHEMISTRY-TXL7102,RAJIV K. SRIVASTAVA
2025-26,1,TXL7103,1TXL7103,3,3.0,0.0,0.0,E,ENGINEERING OF MELT SPUN FIBERS-TXL7103,ASHWINI K. AGRAWAL
2025-26,1,TXL7151,1TXL7151,3,3.0,0.0,0.0,F,HIGH PERFORMANCE AND SPECIALTY FIBRES-TXL7151,MANJEET JASSAL
2025-26,1,TXL719,1TXL719,3,3.0,0.0,0.0,AD,FUNCTIONAL AND SMART TEXTILES-TXL719,BHANU NANDAN
2025-26,1,TXL7201,1TXL7201,3,3.0,0.0,0.0,E,THEORY OF YARN STRUCTURE-TXL7201,R.ALAGIRUSAMY
2025-26,1,TXL7202,1TXL7202,3,3.0,0.0,0.0,AB,MECHANICS OF YARN FORMATION-TXL7202,DIPAYAN DAS
2025-26,1,TXL721,1TXL721,3,3.0,0.0,0.0,E,THEORY OF YARN STRUCTURE-TXL721,R.ALAGIRUSAMY
2025-26,1,TXL722,1TXL722,3,3.0,0.0,0.0,AB,MECHANICS OF SPINNING PROCESSE-TXL722,DIPAYAN DAS
2025-26,1,TXL7301,1TXL7301,3,3.0,0.0,0.0,F,THEORY OF FABRIC STRUCTURE-TXL7301,VIJAYKUMAR NARAYANDAS BAHETI
2025-26,1,TXL7302,1TXL7302,3,3.0,0.0,0.0,B,ADVANCED FABRIC MANUFACTURING TECHNOLOGIES-TXL7302,ABHIJIT MAJUMDAR
2025-26,1,TXL732,1TXL732,3,3.0,0.0,0.0,B,ADVANCED FABRIC MANUFACTURING-TXL732,ABHIJIT MAJUMDAR
2025-26,1,TXL734,1TXL734,3,3.0,0.0,0.0,E,NONWOVEN SCIENCE & ENGINEERING-TXL734,SUMIT SINHA RAY , VIJAYKUMAR NARAYANDAS BAHETI
2025-26,1,TXL7351,1TXL7351,3,3.0,0.0,0.0,E,NONWOVEN PROCESSES AND PRODUCTS-TXL7351,VIJAYKUMAR NARAYANDAS BAHETI
2025-26,1,TXL7402,1TXL7402,3,3.0,0.0,0.0,F,THEORY AND PRACTICE OF COLORATION-TXL7402,BHUPENDRA SINGH BUTOLA
2025-26,1,TXL7452,1TXL7452,3,3.0,0.0,0.0,AB,COLOUR SCIENCE-TXL7452,SAMRAT MUKHOPADHYAY
2025-26,1,TXL747,1TXL747,3,3.0,0.0,0.0,AB,COLOUR SCIENCE-TXL747,SAMRAT MUKHOPADHYAY
2025-26,1,TXL749,1TXL749,3,3.0,0.0,0.0,F,THEORY AND PRACTICE OFDYEING-TXL749,BHUPENDRA SINGH BUTOLA
2025-26,1,TXL750,1TXL750,3,3.0,0.0,0.0,D,SCIENCE OF CLOTHING COMFORT-TXL750,APURBA DAS
2025-26,1,TXL752,1TXL752,3,3.0,0.0,0.0,J,DESIGN OF FUNCTIONAL CLOTHING-TXL752,DEEPTI GUPTA
2025-26,1,TXL7552,1TXL7552,3,3.0,0.0,0.0,D,SCIENCE OF CLOTHING COMFORT-TXL7552,APURBA DAS
2025-26,1,TXL7558,1TXL7558,3,3.0,0.0,0.0,AB,HEAT AND MASS TRANSPORT IN FIBROUS MATERIALS-TXL7558,SUMIT SINHA RAY
2025-26,1,TXL7562,1TXL7562,3,3.0,0.0,0.0,AD,FUNCTIONAL AND SMART TEXTILES-TXL7562,BHANU NANDAN
2025-26,1,TXL7566,1TXL7566,3,3.0,0.0,0.0,J,DESIGN OF FUNCTIONAL CLOTHING-TXL7566,DEEPTI GUPTA
2025-26,1,TXL785,1TXL785,3,3.0,0.0,0.0,AB,HEAT AND MASS TRANSPORT IN FIBROUS MATERIALS-TXL785,SUMIT SINHA RAY
2025-26,1,TXN7501,1TXN7501,4,0.0,0.0,8.0,X,TEACHING PRACTICUM (M.TECH. TEXTILE ENGINEERING)-TXN7501,BIPIN KUMAR
2025-26,1,TXN7502,1TXN7502,4,0.0,0.0,8.0,X,RESEARCH PRACTICUM (M.TECH. TEXTILE ENGINEERING)-TXN7502,BIPIN KUMAR
2025-26,1,TXN7503,1TXN7503,4,0.0,0.0,8.0,X,TEACHING PRACTICUM (M.TECH. IN FIBRE ENGINEERING AND TEXTILE CHEMICAL PROCESSING)-TXN7503,BHUPENDRA SINGH BUTOLA
2025-26,1,TXN7504,1TXN7504,4,0.0,0.0,8.0,P,RESEARCH PRACTICUM (M.TECH. IN FIBRE ENGINEERING AND TEXTILE CHEMICAL PROCESSING)-TXN7504,MD. S. WAZED ALI
2025-26,1,TXP222,1TXP222,1,0.0,0.0,2.0,B,YARN MANUFACTURE LAB II-TXP222,SOHEL RANA
2025-26,1,TXP232,1TXP232,1,0.0,0.0,2.0,D,FABRIC MANUFACTURE LAB II-TXP232,VIJAYKUMAR NARAYANDAS BAHETI
2025-26,1,TXP242,1TXP242,1.5,0.0,0.0,3.0,E,TECH OF TEXTILE COLORATION LAB-TXP242,MD. S. WAZED ALI , HARUN VENKATESAN , JAVED NABIBAKSHA SHEIKH , SAMRAT MUKHOPADHYAY
2025-26,1,TXP7401,1TXP7401,1,0.0,0.0,2.0,P,TEXTILE COLORATION AND FINISHING LAB-TXP7401,BHUPENDRA SINGH BUTOLA
2025-26,1,TXP7501,1TXP7501,1,0.0,0.0,2.0,C,EVALUATION OF TEXTILE MATERIALS-TXP7501,APURBA DAS
2025-26,1,TXQ301,1TXQ301,1,0.0,0.0,2.0,P,SEMINAR COURSE 1-TXQ301,APURBA DAS
2025-26,1,TXS751,1TXS751,1,0.0,0.0,2.0,P,RESEARCH SEMINAR-TXS751,MD. S. WAZED ALI
2025-26,1,TXT800,1TXT800,0,0.0,0.0,0.0,P,INDUSTRIAL SUMMER TRAINING-TXT800,MD. S. WAZED ALI
2025-26,1,TRD895,1TRD895,36,0.0,0.0,72.0,X,MS RESEARCH PROJECT-TRD895,DEEPTY JAIN
2025-26,1,TRL702,1TRL702,3,3.0,0.0,0.0,H,TRANSPORT AND HEALTH-TRL702,RAHUL GOEL
2025-26,1,TRL7100,1TRL7100,3,3.0,0.0,0.0,AB,MATHEMATICAL METHODS IN ROAD SAFETY-TRL7100,CHAKKA MOHANA NAGA SAI CHAND
2025-26,1,TRL7101,1TRL7101,3,3.0,0.0,0.0,K,TRANSPORTATION SAFETY AND INJURY PREVENTION PRINCIPLES-TRL7101,GEETAM TIWARI
2025-26,1,TRL7200,1TRL7200,3,3.0,0.0,0.0,H,TRANSPORT AND HEALTH-TRL7200,RAHUL GOEL
2025-26,1,TRL7202,1TRL7202,3,2.0,1.0,0.0,B,SUSTAINABLE, RESILIENT AND JUST TRANSPORT-TRL7202,DEEPTY JAIN
2025-26,1,TRL7203,1TRL7203,2,2.0,0.0,0.0,AC,TRANSPORT LAW &AMP; POLICY-TRL7203,GIRISH AGRAWAL
2025-26,1,TRL7500,1TRL7500,3,3.0,0.0,0.0,AD,THE CITY: A MULTIPLE PERSPECTIVE CONSTRUCT-TRL7500,GIRISH AGRAWAL
2025-26,1,TRL851C,1TRL851C,3,3.0,0.0,0.0,A,SPECIAL TOPICS IN MOBILITY AND TRAFFIC SAFETY-TRL851C,GIRISH AGRAWAL
2025-26,1,TRP7001,1TRP7001,1,0.0,0.0,2.0,J,ROAD SAFETY AUDIT METHODS-TRP7001,DEEPTY JAIN
2025-26,1,TRV7002,1TRV7002,1,1.0,0.0,0.0,A,COST OF TRANSPORTATION EXTERNALITIES-TRV7002,GEETAM TIWARI
2025-26,1,TRV753,1TRV753,1,1.0,0.0,0.0,X,NET ZERO TRANSPORTATION-TRV753,DEEPTY JAIN
2025-26,2,AMD5050,2AMD5050,4,0.0,0.0,8.0,X,MINOR PROJECT-AMD5050,ROHIT S NAIR
2025-26,2,AMD7100,2AMD7100,3,0.0,0.0,6.0,X,M.TECH. CORNERSTONE PROJECT-AMD7100,ARJUN SHARMA
2025-26,2,AMD8021,2AMD8021,42,0.0,0.0,84.0,X,M.S.(R) THESIS-AMD8021,RITABRATA THAKUR
2025-26,2,AMD812,2AMD812,12,0.0,0.0,24.0,X,MAJOR PROJECT PART-II-AMD812,ARJUN SHARMA
2025-26,2,AML1050,2AML1050,4,3.0,1.0,0.0,X,ENGINEERING THERMODYNAMICS-AML1050,ANUPAM DEWAN
2025-26,2,AML5060,2AML5060,3,3.0,0.0,0.0,X,SUBMARINE DESIGN-AML5060,KIRAN RAMESH
2025-26,2,AML5080,2AML5080,3,3.0,0.0,0.0,X,STRUCTURAL DESIGN OF SHIPS-AML5080,ROHIT S NAIR
2025-26,2,AML7050,2AML7050,3,2.0,0.0,2.0,B,EXPERIMENTAL METHODS FOR SOLIDS &AMP; FLUIDS-AML7050,VIKRANT TIWARI
2025-26,2,AML7060,2AML7060,3,3.0,0.0,0.0,F,ADVANCED DYNAMICS-AML7060,RAJDIP NAYEK
2025-26,2,AML7070,2AML7070,4,3.0,0.0,2.0,D,FINITE ELEMENT METHOD-AML7070,BADRI PRASAD PATEL
2025-26,2,AML7080,2AML7080,4,3.0,0.0,2.0,E,COMPUTATIONAL FLUID DYNAMICS-AML7080,SAWAN SUMAN SINHA
2025-26,2,AML7090,2AML7090,3,1.0,0.0,4.0,B,SYSTEMS ENGINEERING AND DESIGN-AML7090,VAMSI KRISHNA CHALAMALLA
2025-26,2,AML7210,2AML7210,3,3.0,0.0,0.0,J,THEORY OF PLATES AND SHELLS-AML7210,NIKHIL WALANI
2025-26,2,AML7220,2AML7220,3,3.0,0.0,0.0,H,STABILITY OF STRUCTURES-AML7220,MALOY KUMAR SINGHA
2025-26,2,AML7270,2AML7270,3,3.0,0.0,0.0,H,FATIGUE FAILURE AND DESIGN-AML7270,RITWIK BANDYOPADHYAY
2025-26,2,AML7400,2AML7400,3,3.0,0.0,0.0,X,ENVIRONMENTAL FLUID DYNAMICS-AML7400,RITABRATA THAKUR
2025-26,2,AML7410,2AML7410,3,3.0,0.0,0.0,X,PHYSICS OF TURBULENT FLOWS-AML7410,S.V. VEERAVALLI
2025-26,2,AML7420,2AML7420,3,3.0,0.0,0.0,J,TURBULENCE AND ITS MODELING-AML7420,GAURAV CHOPRA
2025-26,2,AML7440,2AML7440,3,3.0,0.0,0.0,X,HYDRODYNAMIC STABILITY-AML7440,SANJEEV SANGHI
2025-26,2,AML7600,2AML7600,3,3.0,0.0,0.0,X,CONTINUUM MECHANICS-AML7600,ARJUN SHARMA
2025-26,2,AML7610,2AML7610,3,3.0,0.0,0.0,H,FLUID STRUCTURE INTERACTION-AML7610,NARSING KUMAR JHA
2025-26,2,AML7650,2AML7650,3,3.0,0.0,0.0,X,SPECIAL TOPICS IN ENGINEERING MECHANICS-AML7650,S.V. VEERAVALLI
2025-26,2,AML7830,2AML7830,4,3.0,0.0,2.0,C,DIGITAL TWINS-AML7830,SOUVIK CHAKRABORTY
2025-26,2,AML7840,2AML7840,4,3.0,0.0,2.0,A,PARALLEL AND HIGH PERFORMANCE COMPUTING FOR MECHANICS-AML7840,PRAPANCH NAIR
2025-26,2,AML7870,2AML7870,3,3.0,0.0,0.0,A,TOPOLOGY AND SHAPE OPTIMIZATION-AML7870,PRATEEK GUPTA
2025-26,2,AML820,2AML820,3,3.0,0.0,0.0,X,ADVANCES IN FLUID ENGINEERING-AML820,S.V. VEERAVALLI
2025-26,2,AML8200,2AML8200,3,3.0,0.0,0.0,X,PLASTICITY-AML8200,SABYASACHI CHATTERJEE
2025-26,2,AML833,2AML833,3,3.0,0.0,0.0,X,APPLIED PLASTICITY-AML833,SABYASACHI CHATTERJEE
2025-26,2,AML834,2AML834,3,3.0,0.0,0.0,H,STRUCTURAL STABILITY-AML834,MALOY KUMAR SINGHA
2025-26,2,AML840,2AML840,3,3.0,0.0,0.0,X,ADVANCES IN SOLID MECHANICS-AML840,S.V. VEERAVALLI
2025-26,2,AMN8010,2AMN8010,4,0.0,0.0,8.0,X,M.TECH. TEACHING PRACTICUM-AMN8010,SABYASACHI CHATTERJEE
2025-26,2,AMN8011,2AMN8011,4,0.0,0.0,8.0,X,M.S.(R) TEACHING PRACTICUM-AMN8011,RITABRATA THAKUR
2025-26,2,AMN8012,2AMN8012,4,0.0,0.0,8.0,X,PH.D. TEACHING PRACTICUM-AMN8012,RITABRATA THAKUR
2025-26,2,AMN8020,2AMN8020,4,0.0,0.0,8.0,X,M.TECH. RESEARCH PRACTICUM-AMN8020,SABYASACHI CHATTERJEE
2025-26,2,AMN8021,2AMN8021,4,0.0,0.0,8.0,X,M.S.(R) RESEARCH PRACTICUM-AMN8021,RITWIK BANDYOPADHYAY
2025-26,2,AMN8022,2AMN8022,4,0.0,0.0,8.0,X,PH.D. RESEARCH PRACTICUM-AMN8022,RITWIK BANDYOPADHYAY
2025-26,2,AMP7100,2AMP7100,1,0.0,0.0,2.0,X,RESEARCH COMMUNICATION AND PROFESSIONAL ETHICS IN MECHANICS-AMP7100,NIKHIL WALANI
2025-26,2,AMT5090,2AMT5090,2,0.0,0.0,4.0,X,INDUSTRIAL ATTACHMENT-AMT5090,KIRAN RAMESH
2025-26,2,APD412,2APD412,6,0.0,0.0,12.0,X,B.TECH PROJECT II-APD412,PRATEEK GUPTA
2025-26,2,APD811,2APD811,6,0.0,0.0,12.0,X,MAJOR PROJECT PART-I-APD811,ARJUN SHARMA
2025-26,2,APD895,2APD895,36,0.0,0.0,72.0,X,MS RESEARCH PROJECT-APD895,SITIKANTHA ROY
2025-26,2,APL103,2APL103,4,3.0,0.0,2.0,E,EXPERIMENTAL METHODS-APL103,MURALI RAMAN CHOLEMARI
2025-26,2,APL105,2APL105,4,3.0,1.0,0.0,A,MECHANICS OF SOLIDS AND FLUIDS-APL105,SRIHARI SANKARASARMA VEMURI , SUSHMA SANTAPURI
2025-26,2,APL109,2APL109,3,3.0,0.0,0.0,D,NUMERICAL METHODS & COMPUTATIONS-APL109,ARGHYA SAMANTA
2025-26,2,APL206,2APL206,2,2.0,0.0,0.0,H,ENGINEERING THERMODYNAMICS-APL206,GAURAV SINGH
2025-26,2,APL306,2APL306,3,3.0,0.0,0.0,F,VIBRATION-APL306,SANTOSH KAPURIA
2025-26,2,APL311,2APL311,4,3.0,0.0,2.0,C,INTRODUCTION TO FINITE ELEMENT METHOD-APL311,PUNEET MAHAJAN
2025-26,2,APL321,2APL321,4,3.0,0.0,2.0,D,INTRODUCTION TO COMPUTATIONAL FLUID DYNAMICS-APL321,AMITABH BHATTACHARYA
2025-26,2,APL331,2APL331,3,3.0,0.0,0.0,J,ADVANCED MECHANICS OF SOLIDS-APL331,AJEET KUMAR
2025-26,2,APL402,2APL402,3,3.0,0.0,0.0,H,FLUID SOLID INTERACTION-APL402,NARSING KUMAR JHA
2025-26,2,APL405,2APL405,3,2.0,0.0,2.0,F,MACHINE LEARNING IN MECHANICS-APL405,ARPIT KUMAR AGRAWAL
2025-26,2,APL424,2APL424,3,3.0,0.0,0.0,X,INTRODUCTION TO HYDRODYNAMICS STABILITY-APL424,SANJEEV SANGHI
2025-26,2,APL433,2APL433,3,3.0,0.0,0.0,J,INTRODUCTION TO PLATES AND SHELLS-APL433,NIKHIL WALANI
2025-26,2,APL440,2APL440,4,3.0,0.0,2.0,A,PARALLEL PROC. IN COMP. MECH.-APL440,PRAPANCH NAIR
2025-26,2,APL452,2APL452,3,2.0,0.0,2.0,C,INTRODUCTION TO DIGITAL TWINS-APL452,SOUVIK CHAKRABORTY
2025-26,2,APL701,2APL701,3,3.0,0.0,0.0,X,CONTINUUM MECHANICS-APL701,ARJUN SHARMA
2025-26,2,APL711,2APL711,3,3.0,0.0,0.0,J,ADVANCED FLUID MECHANICS-APL711,PRATEEK GUPTA
2025-26,2,APL713,2APL713,3,3.0,0.0,0.0,J,TURBULENCE AND ITS MODELING-APL713,GAURAV CHOPRA
2025-26,2,APL715,2APL715,3,3.0,0.0,0.0,X,PHYSICS OF TURBULENT FLOWS-APL715,S.V. VEERAVALLI
2025-26,2,APL746,2APL746,3,3.0,0.0,0.0,X,ENVIRONMENTAL FLUID DYNAMICS-APL746,RITABRATA THAKUR
2025-26,2,APL787,2APL787,3,3.0,0.0,0.0,H,FATIGUE FAILURE AND DESIGN-APL787,RITWIK BANDYOPADHYAY
2025-26,2,APL796,2APL796,3,3.0,0.0,0.0,H,ADVANCED SOLID MECHANICS-APL796,GAURAV SINGH
2025-26,2,BSD8095,2BSD8095,42,0.0,0.0,84.0,X,MS(R) RESEARCH PROJECT-BSD8095,MONIKA AGGARWAL
2025-26,2,BSD895,2BSD895,36,0.0,0.0,72.0,X,MAJOR PROJECT (MSR)-BSD895,MONIKA AGGARWAL
2025-26,2,BSN7010,2BSN7010,4,0.0,0.0,8.0,X,RESEARCH PRACTICUM-BSN7010,MONIKA AGGARWAL
2025-26,2,BSN7020,2BSN7020,4,0.0,0.0,8.0,X,TEACHING PRACTICUM-BSN7020,MONIKA AGGARWAL
2025-26,2,BSQ7091,2BSQ7091,1,1.0,0.0,0.0,X,RESEARCH COMMUNICATION-BSQ7091,ARPAN KUMAR KAR
2025-26,2,JTD802,2JTD802,12,0.0,0.0,24.0,X,MAJOR PROJECT PART-II-JTD802,MONIKA AGGARWAL
2025-26,2,BBD452,2BBD452,8,0.0,0.0,16.0,Q,MAJOR PROJECT PART 2 (BB1)-BBD452,KUMARI PRITI SINHA
2025-26,2,BBD8058,2BBD8058,3,0.0,0.0,6.0,Q,CORNERSTONE PROJECT-BBD8058,AMIT DAS
2025-26,2,BBD856,2BBD856,12,0.0,0.0,24.0,Q,MTP PART-II-BBD856,AMIT DAS
2025-26,2,BBD895,2BBD895,36,0.0,0.0,72.0,Q,MAJOR PROJECT (MSR)-BBD895,ASHISH MISRA
2025-26,2,BBL1201,2BBL1201,4,3.0,1.0,0.0,C,MASS AND ENERGY BALANCES IN BIOCHEMICAL ENGINEERING-BBL1201,ASHISH MISRA
2025-26,2,BBL342,2BBL342,3,2.0,1.0,0.0,H,PHYSICAL AND CHEMICAL PROPERTIES OF BIOMOLECULES-BBL342,AMIT DAS
2025-26,2,BBL431,2BBL431,2,2.0,0.0,0.0,E,BIOPROCESS TECHNOLOGY-BBL431,PREETI SRIVASTAVA , T.R.SREEKRISHNAN
2025-26,2,BBL432,2BBL432,2,2.0,0.0,0.0,H,FLUID SOLID SYSTEMS-BBL432,KUMARI PRITI SINHA
2025-26,2,BBL433,2BBL433,4,3.0,0.0,2.0,D,ENZYME SCIENCE AND ENGINEERING-BBL433,RAVI KRISHNAN ELANGOVAN
2025-26,2,BBL434,2BBL434,3,2.0,0.0,2.0,F,BIOINFORMATICS-BBL434,ISHAAN GUPTA
2025-26,2,BBL7031,2BBL7031,4.5,3.0,0.0,3.0,F,BIOSEPARATION ENGINEERING-BBL7031,KRISHNA JYOTI MUKHERJEE
2025-26,2,BBL7036,2BBL7036,3,3.0,0.0,0.0,J,DYNAMICS OF MICROBIAL SYSTEMS-BBL7036,ANJAN ROY
2025-26,2,BBL7074,2BBL7074,4,3.0,0.0,2.0,D,BIOMOLECULAR ENGINEERING-BBL7074,PREETI SRIVASTAVA
2025-26,2,BBL7075,2BBL7075,4.5,3.0,0.0,3.0,B,BIOREACTION ENGINEERING-BBL7075,ATUL NARANG
2025-26,2,BBL7142,2BBL7142,4,3.0,0.0,2.0,AB,BIOLOGICAL WASTE TREATMENT-BBL7142,SHAIKH ZIAUDDIN AHAMMAD
2025-26,2,BBL7149,2BBL7149,4,3.0,0.0,2.0,J,CANCER CELL BIOLOGY-BBL7149,RITU KULSHRESHTHA
2025-26,2,BBL7157,2BBL7157,3,3.0,0.0,0.0,AB,ELECTROMICROBIOLOGY AND BIOELECTROCHEMICAL SYSTEMS-BBL7157,LUCINDA ELIZABETH DOYLE
2025-26,2,BBL731,2BBL731,4.5,3.0,0.0,3.0,F,BIOSEPARATION ENGINEERING-BBL731,KRISHNA JYOTI MUKHERJEE
2025-26,2,BBL736,2BBL736,3,3.0,0.0,0.0,J,DYNAMICS OF MICROBIAL SYSTEMS-BBL736,ANJAN ROY
2025-26,2,BBL742,2BBL742,4,3.0,0.0,2.0,AB,BIOLOGICAL WASTE TREATMENT-BBL742,SHAIKH ZIAUDDIN AHAMMAD
2025-26,2,BBL746,2BBL746,3,3.0,0.0,0.0,H,CURRENT TOPICS IN BIOCHEMICALENGINEERING AND BIOTE-BBL746,JATIN PANWAR
2025-26,2,BBL747,2BBL747,3,3.0,0.0,0.0,J,BIONANOTECHNOLOGY-BBL747,PRASHANT MISHRA
2025-26,2,BBL749,2BBL749,4.5,3.0,0.0,3.0,J,CANCER CELL BIOLOGY-BBL749,RITU KULSHRESHTHA
2025-26,2,BBL757,2BBL757,3,3.0,0.0,0.0,AB,ELECTROMICROBIOLOGY AND BIOELECTROCHEMICAL SYSTEMS-BBL757,LUCINDA ELIZABETH DOYLE
2025-26,2,BBL774,2BBL774,4,3.0,0.0,2.0,D,BIOMOLECULAR ENGINEERING-BBL774,PREETI SRIVASTAVA
2025-26,2,BBL775,2BBL775,4.5,3.0,0.0,3.0,B,BIOREACTION ENGINEERING-BBL775,ATUL NARANG
2025-26,2,BBQ301,2BBQ301,1,0.0,0.0,2.0,P,SEMINAR COURSE - I-BBQ301,SUNIL NATH
2025-26,2,BBQ302,2BBQ302,1,0.0,0.0,2.0,P,SEMINAR COURSE - II-BBQ302,SUNIL NATH
2025-26,2,JCD891,2JCD891,3,0.0,0.0,6.0,P,MINOR PROJECT-JCD891,ASHOK KUMAR BHATEJA
2025-26,2,JCD892,2JCD892,6,0.0,0.0,12.0,P,M.TECH. PROJECT PART-I-JCD892,ASHOK KUMAR BHATEJA
2025-26,2,JCD893,2JCD893,12,0.0,0.0,24.0,P,M.TECH PROJECT PART-II-JCD893,ASHOK KUMAR BHATEJA
2025-26,2,CRD8022,2CRD8022,3,0.0,0.0,6.0,P,CORNERSTONE PROJECT-CRD8022,NEEL KANTH KUNDU
2025-26,2,CRD812,2CRD812,12,0.0,0.0,24.0,P,MAJOR PROJECT PART 2-CRD812,NEEL KANTH KUNDU
2025-26,2,CRL7002,2CRL7002,4,2.0,0.0,4.0,E,ARCHITECTURES AND ALGORITHMS FOR DSSP (DATA SCIENCE AND SIGNAL PROCESSING) SYSTEMS-CRL7002,ARUN KUMAR , MONIKA AGGARWAL
2025-26,2,CRL7004,2CRL7004,3,3.0,0.0,0.0,X,SENSOR ARRAY SIGNAL PROCESSING-CRL7004,NEEL KANTH KUNDU
2025-26,2,CRL7005,2CRL7005,3,2.0,0.0,2.0,X,MACHINE LEARNING FOR DATA SCIENCE AND SIGNAL PROCESSING-CRL7005,AAKASH ARORA , AAKASH JOHRY , PRABHU BABU
2025-26,2,CRL7008,2CRL7008,3,3.0,0.0,0.0,J,SONAR SYSTEM ENGINEERING-CRL7008,ARUN KUMAR
2025-26,2,CRL7012,2CRL7012,3,3.0,0.0,0.0,A,RF AND MICROWAVE ACTIVE CIRCUITS-CRL7012,VIGYANSHU MISHRA , ANANJAN BASU
2025-26,2,CRL7016,2CRL7016,3,3.0,0.0,0.0,X,MICROWAVE FILTERS FOR WIRELESS SYSTEM DESIGN-CRL7016,KIRTI DHWAJ
2025-26,2,CRL7024,2CRL7024,3,3.0,0.0,0.0,B,RF AND MICROWAVE MEASUREMENTS-CRL7024,VIKRANT KAIM , KIRILL KLIONOVSKI
2025-26,2,CRL7052,2CRL7052,3,2.0,0.0,2.0,X,QUANTUM COMPUTATIONS AND ALGORITHMS-CRL7052,MONIKA AGGARWAL
2025-26,2,CRL7071,2CRL7071,3,3.0,0.0,0.0,X,MICROELECTRONICS PACKAGING AND INTEGRATION-CRL7071,PUSHPAPRAJ SINGH
2025-26,2,CRL712,2CRL712,3,3.0,0.0,0.0,A,RF AND MICROWAVE ACTIVE CIRCUITS-CRL712,VIGYANSHU MISHRA , ANANJAN BASU
2025-26,2,CRL7525,2CRL7525,3,3.0,0.0,0.0,F,ADVANCED MEMORY TECHNOLOGIES-CRL7525,RAHUL MISHRA
2025-26,2,CRN7080,2CRN7080,4,0.0,0.0,8.0,P,TEACHING RESEARCH PRACTICUM-CRN7080,NEEL KANTH KUNDU
2025-26,2,CRP7023,2CRP7023,3,1.0,0.0,4.0,P,FABRICATION TECHNIQUES FOR RF AND MICROWAVE DEVICES-CRP7023,SAMARESH DAS
2025-26,2,CRP723,2CRP723,3,1.0,0.0,4.0,P,FABRICATION TECHNIQUES FOR RF & MICROWAVE DEVICES-CRP723,SAMARESH DAS
2025-26,2,ASD390,2ASD390,5,0.0,0.0,10.0,Q,MINOR AREA PROJECT-ASD390,RAVI KUMAR KUNCHALA
2025-26,2,ASD7100,2ASD7100,3,0.0,0.0,6.0,X,CORNERSTONE PROJECT (MTECH IN ATMOSPHERIC-OCEANIC SCIENCE AND TECHNOLOGY)-ASD7100,SAMIRAN MANDAL
2025-26,2,ASD882,2ASD882,12,0.0,0.0,24.0,Q,PROJECT-II-ASD882,SARVESH KUMAR DUBEY
2025-26,2,ASD895,2ASD895,36,0.0,0.0,72.0,X,MS RESEARCH PROJECT-ASD895,SARVESH KUMAR DUBEY
2025-26,2,ASL350,2ASL350,3,3.0,0.0,0.0,F,INTRODUCTION TOOCEANOGRAPHY-ASL350,VIMAL KOUL
2025-26,2,ASL380,2ASL380,3,3.0,0.0,0.0,M,CLIMATE MODELING-ASL380,SAROJ KANTA MISHRA
2025-26,2,ASL385,2ASL385,3,3.0,0.0,0.0,M,FUNDAMENTALS OF AIR POLLUTION SCIENCE-ASL385,SAJEEV PHILIP
2025-26,2,ASL735,2ASL735,3,3.0,0.0,0.0,D,ATMOSPHERIC CHEMISTRY AND AIR-ASL735,RAVI KUMAR KUNCHALA
2025-26,2,ASL7350,2ASL7350,3,3.0,0.0,0.0,D,ATMOSPHERIC CHEMISTRY AND AIR POLLUTION-ASL7350,RAVI KUMAR KUNCHALA
2025-26,2,ASL736,2ASL736,3,3.0,0.0,0.0,E,SCIENCE OF CLIMATE CHANGE-ASL736,SAURABH RATHORE
2025-26,2,ASL7360,2ASL7360,3,3.0,0.0,0.0,E,SCIENCE OF CLIMATE CHANGE-ASL7360,SAURABH RATHORE
2025-26,2,ASL737,2ASL737,3,3.0,0.0,0.0,M,PHYSICAL AND DYNAMICAL OCEANOGRAPHY-ASL737,SAMIRAN MANDAL
2025-26,2,ASL7370,2ASL7370,3,3.0,0.0,0.0,M,PHYSICAL AND DYNAMICAL OCEANOGRAPHY-ASL7370,SAMIRAN MANDAL
2025-26,2,ASL738,2ASL738,3,2.0,0.0,2.0,AA,NUMERICAL MODELING OF THE ATMOSPHERE AND OCEAN-ASL738,ABHISHEK SAVITA
2025-26,2,ASL7380,2ASL7380,3,2.0,0.0,2.0,AA,NUMERICAL MODELING OF THE ATMOSPHERE AND OCEAN-ASL7380,ABHISHEK SAVITA
2025-26,2,ASL753,2ASL753,3,3.0,0.0,0.0,B,ATMOSPHERIC AEROSOLS-ASL753,SHAHZAD GANI
2025-26,2,ASL7530,2ASL7530,3,3.0,0.0,0.0,B,ATMOSPHERIC AEROSOLS-ASL7530,SHAHZAD GANI
2025-26,2,ASL754,2ASL754,3,3.0,0.0,0.0,B,CLOUD PHYSICS-ASL754,DILIP GANGULY
2025-26,2,ASL7540,2ASL7540,3,3.0,0.0,0.0,B,CLOUD PHYSICS-ASL7540,DILIP GANGULY
2025-26,2,ASL757,2ASL757,3,3.0,0.0,0.0,H,TROPICAL WEATHER AND CLIMATE-ASL757,SANDEEP SUKUMARAN
2025-26,2,ASL7570,2ASL7570,3,3.0,0.0,0.0,H,TROPICAL WEATHER AND CLIMATE-ASL7570,SANDEEP SUKUMARAN
2025-26,2,ASL765,2ASL765,3,3.0,0.0,0.0,A,IMPACTS OF CLIMATE CHANGE AND AIR POLLUTION ON HUMAN HEALTH-ASL765,SAGNIK DEY
2025-26,2,ASL7650,2ASL7650,3,3.0,0.0,0.0,A,IMPACTS OF CLIMATE CHANGE AND AIR POLLUTION ON HUMAN HEALTH-ASL7650,SAGNIK DEY
2025-26,2,ASL7980,2ASL7980,1,1.0,0.0,0.0,AB,CLIMATE SCIENCE COMMUNICATION-ASL7980,SHAHZAD GANI
2025-26,2,ASL851,2ASL851,3,3.0,0.0,0.0,X,SPECIAL TOPICS IN CLIMATE-ASL851,YAMA DIXIT
2025-26,2,ASL8510,2ASL8510,3,3.0,0.0,0.0,X,SPECIAL TOPICS IN CLIMATE-ASL8510,YAMA DIXIT
2025-26,2,ASN7770,2ASN7770,4,0.0,0.0,8.0,Q,TEACHING AND RESEARCH PRACTICUM-ASN7770,SAURABH RATHORE
2025-26,2,ASP820,2ASP820,3,1.0,0.0,4.0,F,ADVANCED DATA ANALYSIS FOR WEATHER AND CLIMATE-ASP820,SARVESH KUMAR DUBEY
2025-26,2,CTD7005,2CTD7005,3,0.0,0.0,6.0,X,CORNERSTONE PROJECT-CTD7005,SANTANU KUMAR MISHRA
2025-26,2,CTD801,2CTD801,6,0.0,0.0,12.0,X,MAJOR PROJECT PART-I-CTD801,MANDEEP SINGH RANA
2025-26,2,CTD802,2CTD802,12,0.0,0.0,24.0,X,MAJOR PROJECT PART-II-CTD802,MANDEEP SINGH RANA
2025-26,2,CTD895,2CTD895,36,0.0,0.0,72.0,X,MS RESEARCH PROJECT-CTD895,SAURABH SAXENA
2025-26,2,CTL7008,2CTL7008,3,2.0,0.0,2.0,X,DESIGN AND CONTROL OF EV POWERTRAIN-CTL7008,KRISHNA RAJ RAMACHANDRAN POTTI
2025-26,2,CTL7011,2CTL7011,3,3.0,0.0,0.0,AC,EMBEDDED SYSTEMS FOR AUTOMOTIVE SECTOR-CTL7011,MANDEEP SINGH RANA
2025-26,2,CTL7013,2CTL7013,3,3.0,0.0,0.0,B,CONNECTED AND AUTONOMOUS VEHICLES-CTL7013,GOKULNATH THANDAVARAYAN
2025-26,2,CTL7027,2CTL7027,3,3.0,0.0,0.0,M,MATERIALS FOR ELECTRIC VEHICLE APPLICATIONS-CTL7027,DEEPAK KUMAR , SAPTARSHI BASAK
2025-26,2,CTL7031,2CTL7031,3,3.0,0.0,0.0,J,AUTOMOTIVE NOISE AND CONDITION MONITORING-CTL7031,SHAHAB FATIMA
2025-26,2,CTL7032,2CTL7032,3,3.0,0.0,0.0,AB,VEHICLE PROPULSION AND TRANSMISSIONS-CTL7032,HUSAIN KANCHWALA
2025-26,2,CTL7036,2CTL7036,3,3.0,0.0,0.0,K,DESIGN OF MOTORS FOR AUTOMOTIVE APPLICATION-CTL7036,SAPTARSHI BASAK
2025-26,2,CTL7050,2CTL7050,3,3.0,0.0,0.0,D,APPLIED MACHINE LEARNING FOR EV DIAGNOSTICS AND PROGNOSTICS-CTL7050,SAURABH SAXENA
2025-26,2,CTL7053,2CTL7053,3,3.0,0.0,0.0,E,FUNDAMENTALS OF EV ELECTRONICS-CTL7053,SANTANU KUMAR MISHRA
2025-26,2,CTL711,2CTL711,3,3.0,0.0,0.0,AC,EMBEDDED SYSTEMS FOR AUTOMOTIVE SECTOR-CTL711,MANDEEP SINGH RANA
2025-26,2,CTL713,2CTL713,3,3.0,0.0,0.0,B,CONNECTED AND AUTONOMOUS VEHICLES-CTL713,GOKULNATH THANDAVARAYAN
2025-26,2,CTL717,2CTL717,3,3.0,0.0,0.0,X,POWER ELECTRONICS AND DRIVES FOR ELECTRIC VEHICLES-CTL717,KRISHNA RAJ RAMACHANDRAN POTTI
2025-26,2,CTL727,2CTL727,3,3.0,0.0,0.0,M,MATERIALS FOR ELECTRIC VEHICLE APPLICATIONS-CTL727,DEEPAK KUMAR , SAPTARSHI BASAK
2025-26,2,CTL731,2CTL731,3,3.0,0.0,0.0,J,AUTOMOTIVE NOISE AND CONDITION MONITORING-CTL731,SHAHAB FATIMA
2025-26,2,CTL732,2CTL732,3,3.0,0.0,0.0,AB,ADVANCED VEHICLE PROPULSION-CTL732,HUSAIN KANCHWALA
2025-26,2,CTL736,2CTL736,3,3.0,0.0,0.0,K,DESIGN OF MOTORS FOR AUTOMOTIVE APPLICATION-CTL736,SAPTARSHI BASAK
2025-26,2,CTN7001,2CTN7001,4,0.0,0.0,8.0,X,TEACHING AND RESEARCH PRACTICUM-CTN7001,MANDEEP SINGH RANA
2025-26,2,CTN7003,2CTN7003,4,0.0,0.0,8.0,X,TEACHING AND RESEARCH PRACTICUM-CTN7003,SAURABH SAXENA
2025-26,2,CTP7006,2CTP7006,3,1.0,0.0,4.0,AA1,EV ELECTRICAL SYSTEM LAB.-CTP7006,MANDEEP SINGH RANA , GOKULNATH THANDAVARAYAN
2025-26,2,CTP7010,2CTP7010,3,1.0,0.0,4.0,AA1,EV MECHANICAL SYSTEMS LAB-CTP7010,HUSAIN KANCHWALA , GOKULNATH THANDAVARAYAN
2025-26,2,BMD7331,2BMD7331,3,0.0,0.0,6.0,X,CORNERSTONE PROJECT-BMD7331,PRADIPTA MUKHERJEE
2025-26,2,BMD801,2BMD801,9,0.0,0.0,18.0,X,MAJOR PROJECT-I-BMD801,AARAT PRATYAKSH KALRA
2025-26,2,BMD8010,2BMD8010,6,0.0,0.0,12.0,X,MAJOR PROJECT I-BMD8010,AARAT PRATYAKSH KALRA
2025-26,2,BMD802,2BMD802,12,0.0,0.0,24.0,X,MAJOR PROJECT-2-BMD802,PRADIPTA MUKHERJEE
2025-26,2,BMD8020,2BMD8020,12,0.0,0.0,24.0,X,MAJOR PROJECT II-BMD8020,PRADIPTA MUKHERJEE
2025-26,2,BMD895,2BMD895,36,0.0,0.0,72.0,X,MS RESEARCH PROJECT-BMD895,PRIYA VASHISTH , AARAT PRATYAKSH KALRA
2025-26,2,BMD8950,2BMD8950,36,0.0,0.0,72.0,X,MS RESEARCH PROJECT-BMD8950,PRIYA VASHISTH , AARAT PRATYAKSH KALRA
2025-26,2,BML706,2BML706,1,1.0,0.0,0.0,H,CHEMISTRY FOR HUMAN HEALTH: PRINCIPLES AND APPLICATIONS-BML706,AARAT PRATYAKSH KALRA
2025-26,2,BML707,2BML707,3,3.0,0.0,0.0,K,MOLECULAR BIOENGINEERING FOR HUMAN HEALTH-BML707,SARVESH KUMAR SRIVASTAVA
2025-26,2,BML7070,2BML7070,3,3.0,0.0,0.0,K,MOLECULAR BIOENGINEERING FOR HUMAN HEALTH-BML7070,SARVESH KUMAR SRIVASTAVA
2025-26,2,BML735,2BML735,3,2.0,0.0,2.0,AD,BIOMEDICAL SIGNAL AND IMAGE PR-BML735,ANUP SINGH
2025-26,2,BML7350,2BML7350,3,2.0,0.0,2.0,AD,BIOMEDICAL SIGNAL AND IMAGE PROCESSING-BML7350,ANUP SINGH , AMIT MEHNDIRATTA
2025-26,2,BML738,2BML738,3,3.0,0.0,0.0,E,BIOMEDICAL DATA ANALYSIS-BML738,PRADIPTA MUKHERJEE
2025-26,2,BML7380,2BML7380,3,3.0,0.0,0.0,E,BIOMEDICAL DATA ANALYSIS-BML7380,PRADIPTA MUKHERJEE
2025-26,2,BML740,2BML740,3,3.0,0.0,0.0,B,BIOMEDICAL INSTRUMENTATION-BML740,BISWARUP MUKHERJEE , DEEPAK JOSHI
2025-26,2,BML7400,2BML7400,3,3.0,0.0,0.0,B,BIOMEDICAL INSTRUMENTATION-BML7400,BISWARUP MUKHERJEE , DEEPAK JOSHI
2025-26,2,BML743,2BML743,3,3.0,0.0,0.0,M,SPECIAL TOPICS IN BIODESIGN-BML743,AARAT PRATYAKSH KALRA
2025-26,2,BML750,2BML750,3,3.0,0.0,0.0,K,POINT OF CARE MEDICAL DIAG DEV-BML750,SANDEEP KUMAR JHA
2025-26,2,BML7500,2BML7500,3,3.0,0.0,0.0,K,POINT OF CARE MEDICAL DIAGNOSTIC DEVICES-BML7500,SANDEEP KUMAR JHA
2025-26,2,BML760,2BML760,2,2.0,0.0,0.0,F,BIOMEDICAL ETHICS, SAFETY AND REGULATORY AFFAIRS-BML760,PRIYA VASHISTH , PRIYA VASHISTH , KISHORE KUMAR DEEPAK
2025-26,2,BML7600,2BML7600,2,2.0,0.0,0.0,F,BIOMEDICAL ETHICS, SAFETY AND REGULATORY AFFAIRS-BML7600,PRIYA VASHISTH , PRIYA VASHISTH , KISHORE KUMAR DEEPAK
2025-26,2,BML780,2BML780,3,2.0,0.0,2.0,J,COMPUTATIONAL PHYSIOLOGY-BML780,AAYUSH KANT
2025-26,2,BML781,2BML781,3,2.0,0.0,2.0,J,ORTHOPEDIC DEVICE DESIGN AND PROTOTYPING-BML781,DINESH KALYANASUNDARAM
2025-26,2,BML781,2BML781,3,2.0,0.0,2.0,AC,ORTHOPEDIC DEVICE DESIGN AND PROTOTYPING-BML781,DINESH KALYANASUNDARAM
2025-26,2,BML7810,2BML7810,3,2.0,0.0,2.0,AC,ORTHOPEDIC BIOMECHANICS: DESIGN AND PROTOTYPING-BML7810,DINESH KALYANASUNDARAM
2025-26,2,BML810,2BML810,3,3.0,0.0,0.0,J,TISSUE ENGINEERING-BML810,NEETU SINGH
2025-26,2,BML8100,2BML8100,3,3.0,0.0,0.0,J,TISSUE ENGINEERING-BML8100,NEETU SINGH
2025-26,2,BML820,2BML820,3,3.0,0.0,0.0,AC,BIOMATERIALS-BML820,JAYANTA BHATTACHARYYA , HARPAL SINGH
2025-26,2,BML8200,2BML8200,3,3.0,0.0,0.0,AC,BIOMATERIALS-BML8200,JAYANTA BHATTACHARYYA , HARPAL SINGH
2025-26,2,BML860,2BML860,3,3.0,0.0,0.0,AD,NANOMEDICINE-BML860,SACHIN KUMAR B
2025-26,2,BML8600,2BML8600,3,3.0,0.0,0.0,AD,NANOMEDICINE-BML8600,SACHIN KUMAR B
2025-26,2,BML890,2BML890,3,2.0,0.0,2.0,M,MICRO-NANODEVICES FOR HEALTHCARE TECHNOLOGY-BML890,NAVEEN KUMAR SINGH
2025-26,2,BML8900,2BML8900,3,2.0,0.0,2.0,M,MICRO-NANODEVICES FOR HEALTHCARE TECHNOLOGY-BML8900,NAVEEN KUMAR SINGH
2025-26,2,BMP743,2BMP743,2,0.0,0.0,4.0,P,BASIC BIOMEDICAL LABORATORY-BMP743,PRADIPTA MUKHERJEE , AAYUSH KANT , AARAT PRATYAKSH KALRA , SANDEEP KUMAR JHA
2025-26,2,BMP7430,2BMP7430,2,0.0,0.0,4.0,P,BASIC BIOMEDICAL LABORATORY-BMP7430,PRADIPTA MUKHERJEE , AAYUSH KANT , AARAT PRATYAKSH KALRA , SANDEEP KUMAR JHA
2025-26,2,BMP744,2BMP744,2,0.0,0.0,4.0,P,ADVANCE BIOMATERIALS LABORATORY-BMP744,SACHIN KUMAR B , PRIYA VASHISTH
2025-26,2,BMP7440,2BMP7440,2,0.0,0.0,4.0,P,ADVANCED BIOMATERIALS LABORATORY-BMP7440,SACHIN KUMAR B , PRIYA VASHISTH
2025-26,2,BMP745,2BMP745,3,1.0,0.0,4.0,P,ADVANCE LABORATORY IN BIOELECTRONICS & BIOSENSING-BMP745,NAVEEN KUMAR SINGH , BISWARUP MUKHERJEE
2025-26,2,BMP7450,2BMP7450,3,1.0,0.0,4.0,P,ADVANCED LABORATORY IN BIOELECTRONICS &AMP; BIOSENSING-BMP7450,NAVEEN KUMAR SINGH , BISWARUP MUKHERJEE
2025-26,2,BMP746,2BMP746,3,1.0,0.0,4.0,P,BIOMECHANICS, REHABILITATION ENGINEERING AND HAPTICS LAB-BMP746,ARNAB CHANDA , DEEPAK JOSHI
2025-26,2,BMP7460,2BMP7460,3,1.0,0.0,4.0,P,BIOMECHANICS, REHABILITATION ENGINEERING AND HAPTICS LAB-BMP7460,ARNAB CHANDA , DEEPAK JOSHI
2025-26,2,BMQ706,2BMQ706,1,0.0,0.0,2.0,X,GRADUATE STUDENT RESEARCH SEMINAR-BMQ706,SARVESH KUMAR SRIVASTAVA
2025-26,2,BMQ7060,2BMQ7060,1,0.0,0.0,2.0,X,GRADUATE STUDENT RESEARCH SEMINAR-BMQ7060,SARVESH KUMAR SRIVASTAVA
2025-26,2,BMT7440,2BMT7440,3,0.0,0.0,6.0,X,CLINICAL/INDUSTRIAL IMMERSION-BMT7440,PRIYA VASHISTH , AARAT PRATYAKSH KALRA
2025-26,2,BMV701,2BMV701,1,1.0,0.0,0.0,D,BASIC ELECTRONICS-BMV701,BISWARUP MUKHERJEE
2025-26,2,BMV7010,2BMV7010,1,1.0,0.0,0.0,D,BASIC ELECTRONICS-BMV7010,BISWARUP MUKHERJEE
2025-26,2,BMV702,2BMV702,1,1.0,0.0,0.0,X,BASIC MATHEMATICS FOR BIOLOGISTS-BMV702,AAYUSH KANT
2025-26,2,BMV7020,2BMV7020,1,1.0,0.0,0.0,X,BASIC ENGINEERING MATHEMATICS FOR BIOLOGISTS-BMV7020,AAYUSH KANT
2025-26,2,BMV705,2BMV705,1,1.0,0.0,0.0,X,MECHANICS OF BIOMATERIALS-BMV705,ARNAB CHANDA
2025-26,2,BMV7050,2BMV7050,1,1.0,0.0,0.0,X,MECHANICS OF BIOMATERIALS-BMV7050,ARNAB CHANDA
2025-26,2,BMV7060,2BMV7060,1,1.0,0.0,0.0,H,CHEMISTRY FOR HUMAN HEALTH: PRINCIPLES AND APPLICATIONS-BMV7060,AARAT PRATYAKSH KALRA
2025-26,2,RDL700,2RDL700,3,3.0,0.0,0.0,J,BIOMAS PRODUCTION-RDL700,HARIPRASAD P.
2025-26,2,RDL702,2RDL702,4,3.0,0.0,2.0,M,KARIGAR & TRADITIONAL INDUSTRIES-RDL702,VIJAYARAGHAVAN M. CHARIAR
2025-26,2,RDL710,2RDL710,3,3.0,0.0,0.0,A,RURAL INDIA AND PLANNING FOR DEVELOPMENT-RDL710,AJAY SAINI
2025-26,2,RDL722,2RDL722,3,3.0,0.0,0.0,F,RURAL ENERGY SYSTEMS-RDL722,VIRENDRA KUMAR VIJAY
2025-26,2,RDL725,2RDL725,3,3.0,0.0,0.0,AA,ECOLOGICAL PERSPECTIVE OF GROWTH AND DEVLOPMENT-RDL725,VIVEK KUMAR
2025-26,2,RDL727,2RDL727,4,3.0,0.0,2.0,AD,CONSERVATION AND RECYCLING PRACTICES IN RURAL AREAS-RDL727,POOJA GHOSH
2025-26,2,RDL728,2RDL728,3,3.0,0.0,0.0,K,RURAL ENERGY ASSESSMENT AND PLANNING-RDL728,PRIYANKA KAUSHAL
2025-26,2,RDL740,2RDL740,3,3.0,0.0,0.0,AA,TECHNOLOGY OF UTILIZATION OF WASTELANDS & WEEDS-RDL740,ANUSHREE MALIK
2025-26,2,RDL761,2RDL761,3,2.0,0.0,2.0,K,VALUE CHAIN IN AGRO-FOOD PROCESSING-RDL761,JATINDRA KUMAR SAHU
2025-26,2,RDL770,2RDL770,3,2.0,0.0,2.0,B,RURAL VALUE CHAIN FOR HOLISTIC DEVELOPMENT-RDL770,KAVYA DASHORA
2025-26,2,RDL771,2RDL771,3,3.0,0.0,0.0,F,NANOTECHNOLOGY FOR SAFE AND SUSTAINABLE AGRICULTURE-RDL771,KAVYA DASHORA
2025-26,2,RDQ305,2RDQ305,1,0.0,0.0,2.0,X,SEMINAR COURSE-V-RDQ305,KAVYA DASHORA
2025-26,2,CHD7801,2CHD7801,3,0.0,0.0,6.0,Q,CORNERSTONE PROJECT-CHD7801,MOHAN KUMAR SINGH VERMA
2025-26,2,CHD8895,2CHD8895,42,0.0,0.0,84.0,Q,MSR MAJOR PROJECT-CHD8895,MOHAN KUMAR SINGH VERMA
2025-26,2,CHL7002,2CHL7002,3,2.0,0.0,2.0,D,COMPUTATIONAL TECHNIQUES FOR CHEMICAL ENGINEERS-CHL7002,HARIPRASAD KODAMANA
2025-26,2,CHL7005,2CHL7005,3,3.0,0.0,0.0,H,ADVANCED CHEMICAL REACTION ENGINEERING-CHL7005,MANJESH KUMAR
2025-26,2,CHL7201,2CHL7201,3,3.0,0.0,0.0,AB,ADVANCED PROCESS DATA ANALYTICS-CHL7201,MANOJKUMAR CHARANDAS RAMTEKE
2025-26,2,CHL7204,2CHL7204,3,3.0,0.0,0.0,F,PROCESS OPTIMIZATION-CHL7204,OM PRAKASH
2025-26,2,CHL7207,2CHL7207,3,2.0,0.0,2.0,E,FUNDAMENTALS OF COMPUTATIONAL FLUID DYNAMICS-CHL7207,JAYATI SARKAR
2025-26,2,CHL7212,2CHL7212,3,3.0,0.0,0.0,B,MEMBRANE SCIENCE AND ENGINEERING-CHL7212,S.K. GUPTA
2025-26,2,CHL7301,2CHL7301,3,3.0,0.0,0.0,F,NANOSCALE ENGINEERING-CHL7301,ROUSAN DEBBARMA
2025-26,2,CHL7304,2CHL7304,3,3.0,0.0,0.0,E,HETEROGENEOUS CATALYSIS AND CATALYTIC REACTORS-CHL7304,SREEDEVI UPADHYAYULA
2025-26,2,CHL7311,2CHL7311,3,3.0,0.0,0.0,B,SAFETY AND HAZARDS IN PROCESS INDUSTRIES-CHL7311,ANIL KUMAR SAROHA
2025-26,2,CHL7401,2CHL7401,3,3.0,0.0,0.0,E,CCUS FOR SUSTAINABLE INDUSTRIAL AND ENERGY SYSTEMS-CHL7401,DIVESH BHATIA
2025-26,2,CHL7405,2CHL7405,3,3.0,0.0,0.0,AB,PRINCIPLES OF ELECTROCHEMICAL ENGINEERING-CHL7405,ANUPAM SHUKLA
2025-26,2,CHL7505,2CHL7505,3,3.0,0.0,0.0,B,RHEOLOGY OF COMPLEX FLUIDS-CHL7505,PARESH PRAVINCHANDRA CHOKSHI
2025-26,2,CHL7507,2CHL7507,3,3.0,0.0,0.0,F,INTERFACIAL ENGINEERING-CHL7507,ASHOK NIWRITTI BHASKARWAR
2025-26,2,CHL7903,2CHL7903,3,3.0,0.0,0.0,F,SELECTED TOPICS IN CHEMICAL ENGINEERING - III-CHL7903,RAJESH KHANNA
2025-26,2,CHN7704,2CHN7704,4,0.0,0.0,8.0,Q,TEACHING PRACTICUM-CHN7704,MOHAN KUMAR SINGH VERMA
2025-26,2,CHN8008,2CHN8008,1,0.0,0.0,2.0,Q,TECHNICAL COMMUNICATION FOR CHEMICAL ENGINEERS-CHN8008,SUDIP KUMAR PATTANAYEK
2025-26,2,CHN8703,2CHN8703,4,0.0,0.0,8.0,Q,TEACHING PRACTICUM-CHN8703,MOHAN KUMAR SINGH VERMA
2025-26,2,CLD411,2CLD411,4,0.0,0.0,8.0,Q,B. TECH. PROJECT-CLD411,VIKRANT
2025-26,2,CLD412,2CLD412,5,0.0,0.0,10.0,Q,MAJOR PROJECT IN ENERGY & ENV.-CLD412,VIKRANT
2025-26,2,CLD413,2CLD413,5,0.0,0.0,10.0,Q,MAJOR PROJECT IN COMPLEX FLUID-CLD413,VIKRANT
2025-26,2,CLD414,2CLD414,5,0.0,0.0,10.0,Q,MAJOR PROJ. IN P.E, MOD. & OP.-CLD414,VIKRANT
2025-26,2,CLD415,2CLD415,5,0.0,0.0,10.0,Q,MAJOR PROJ IN BIOP. & FINE CH.-CLD415,VIKRANT
2025-26,2,CLD771,2CLD771,3,0.0,0.0,6.0,Q,MINOR PROJECT-CLD771,MOHAN KUMAR SINGH VERMA
2025-26,2,CLD781,2CLD781,8,0.0,0.0,16.0,Q,MAJOR PROJECT - I-CLD781,MOHAN KUMAR SINGH VERMA
2025-26,2,CLD782,2CLD782,12,0.0,0.0,24.0,Q,MAJOR PROJECT - II-CLD782,MOHAN KUMAR SINGH VERMA
2025-26,2,CLD880,2CLD880,4,0.0,0.0,8.0,Q,MINOR PROJECT-CLD880,ABHIJEET RAJ
2025-26,2,CLD881,2CLD881,8,0.0,0.0,16.0,Q,MAJOR PROJECT PARTI-CLD881,ABHIJEET RAJ
2025-26,2,CLD882,2CLD882,12,0.0,0.0,24.0,Q,MAJOR PROJECT PARTII-CLD882,ABHIJEET RAJ
2025-26,2,CLD895,2CLD895,36,0.0,0.0,72.0,P,M.S.R. MAJOR PROJECT-CLD895,MOHAN KUMAR SINGH VERMA
2025-26,2,CLL121,2CLL121,4,3.0,1.0,0.0,F,CHEMICAL ENGG. THERMODYNAMICS-CLL121,GAURAV GOEL
2025-26,2,CLL122,2CLL122,4,3.0,1.0,0.0,D,CHEMICAL REACTION ENGG I-CLL122,AKSHI SINGLA
2025-26,2,CLL231,2CLL231,4,3.0,1.0,0.0,A,FLUID MECHS. FOR CHEM. ENGINEE-CLL231,SOMNATH GHOSH
2025-26,2,CLL231B,2CLL231B,4,3.0,1.0,0.0,A,FLUID MECHANICS FOR CHEMICAL ENGINEERS-CLL231B,GARIMA RANI
2025-26,2,CLL251,2CLL251,4,3.0,1.0,0.0,B,HEAT TRANSFER FOR CHEMICAL ENG-CLL251,MOHAN KUMAR SINGH VERMA
2025-26,2,CLL251B,2CLL251B,4,3.0,1.0,0.0,B,HEAT TRANSFER FOR CHEMICAL ENGINEERS-CLL251B,AUHIN KUMAR MAPARU
2025-26,2,CLL271,2CLL271,3,3.0,0.0,0.0,D,INTRO TO INDUSTRIAL BIOTECH.-CLL271,ANURAG SINGH RATHORE
2025-26,2,CLL352,2CLL352,4,3.0,1.0,0.0,B,MASS TRANSFER II-CLL352,ANIL VERMA
2025-26,2,CLL361,2CLL361,2.5,1.0,0.0,3.0,C,INSTRUMENTATION AND AUTOMATION-CLL361,HARIPRASAD KODAMANA
2025-26,2,CLL371,2CLL371,4,3.0,1.0,0.0,E,CHEM. PROCESS TECH.& ECONOMICS-CLL371,ABHIJEET RAJ
2025-26,2,CLL475,2CLL475,3,3.0,0.0,0.0,B,SAFETY & HAZARDS IN PROC. IND.-CLL475,ANIL KUMAR SAROHA
2025-26,2,CLL720,2CLL720,3,3.0,0.0,0.0,AB,PRINCIPLES OF ELECTROCH. ENGG.-CLL720,ANUPAM SHUKLA
2025-26,2,CLL727,2CLL727,3,3.0,0.0,0.0,E,HETERO. CATALYSIS & CATA. REA.-CLL727,SREEDEVI UPADHYAYULA
2025-26,2,CLL733,2CLL733,3,3.0,0.0,0.0,H,INDUSTRIAL MULTIPHASE REACTORS-CLL733,MANJESH KUMAR
2025-26,2,CLL766,2CLL766,3,3.0,0.0,0.0,F,INTERFACIAL ENGINEERING-CLL766,ASHOK NIWRITTI BHASKARWAR
2025-26,2,CLL768,2CLL768,3,2.0,0.0,2.0,E,FUNDAMENTALS OF COMP. FLUID DY-CLL768,JAYATI SARKAR
2025-26,2,CLL782,2CLL782,3,3.0,0.0,0.0,F,PROCESS OPTIMIZATION-CLL782,OM PRAKASH
2025-26,2,CLL788,2CLL788,3,3.0,0.0,0.0,AB,PROCESS DATA ANALYTICS-CLL788,MANOJKUMAR CHARANDAS RAMTEKE
2025-26,2,CLL793,2CLL793,3,3.0,0.0,0.0,B,MEMBRANE SCIENCE & ENGINEERING-CLL793,S.K. GUPTA
2025-26,2,CLL798,2CLL798,3,3.0,0.0,0.0,F,SEL. TOPICS IN CHEM. ENGG. - I-CLL798,RAJESH KHANNA
2025-26,2,CLL798B,2CLL798B,3,3.0,0.0,0.0,E,SELECTED TOPICS IN CHEMICAL ENGINEERING-I (CARBON CAPTURE, UTILIZATION, AND STORAGE)-CLL798B,DIVESH BHATIA
2025-26,2,CLL799,2CLL799,3,3.0,0.0,0.0,B,SEL. TOPICS IN CHEM. ENGG.- II-CLL799,PARESH PRAVINCHANDRA CHOKSHI
2025-26,2,#N/A,#N/A,3,3.0,0.0,0.0,F,SEL. TOPICS IN CHEM. ENGG.- II-CLL799(A),ROUSAN DEBBARMA
2025-26,2,CLP302,2CLP302,1.5,0.0,0.0,3.0,E,CHEMICAL ENGINEERING LAB - II-CLP302,PARESH PRAVINCHANDRA CHOKSHI
2025-26,2,CLP704,2CLP704,1,0.0,0.0,2.0,Q,TECHNICAL COMMUNICATION FOR CHEMICAL ENGINEERS-CLP704,SUDIP KUMAR PATTANAYEK
2025-26,2,CLQ301,2CLQ301,1,0.0,0.0,2.0,P,SEMINAR COURSE - I-CLQ301,VIKRAM SINGH
2025-26,2,CMD641,2CMD641,10,0.0,0.0,20.0,P,PROJECT PART II-CMD641,TARAK KARMAKAR
2025-26,2,CMD807,2CMD807,9,0.0,0.0,18.0,P,MAJOR PROJECT PART - II-CMD807,PRAVIN POPINAND INGOLE
2025-26,2,CML101,2CML101,4,3.0,1.0,0.0,C,INTRODUCTION TO CHEMISTRY-CML101,SAJESH P THOMAS , KUNTAL MANNA , NALIN PANT
2025-26,2,CML101,2CML101,4,3.0,1.0,0.0,AF,INTRODUCTION TO CHEMISTRY-CML101,SAJESH P THOMAS , KUNTAL MANNA , NALIN PANT
2025-26,2,CML5021,2CML5021,3,3.0,0.0,0.0,C,MOLECULAR THERMODYNAMICS &AMP; REACTION DYNAMICS-CML5021,SHASHANK DEEP
2025-26,2,CML5022,2CML5022,3,3.0,0.0,0.0,D,ORGANIC SYNTHESIS-CML5022,CHINMOY KUMAR HAZRA
2025-26,2,CML5023,2CML5023,3,3.0,0.0,0.0,F,TRANSITION AND INNER TRANSITION METAL CHEMISTRY-CML5023,BIJU BASUMATARY
2025-26,2,CML5024,2CML5024,3,3.0,0.0,0.0,B,BASIC ORGANOMETALLIC CHEMISTRY-CML5024,SUBRATA KUNDU
2025-26,2,CML5025,2CML5025,3,3.0,0.0,0.0,E,STRUCTURE AND FUNCTION OF CELLULAR BIOMOLECULES-CML5025,TANMAY DUTTA
2025-26,2,CML6065,2CML6065,3,3.0,0.0,0.0,AC,BIOPHYSICAL CHEMISTRY-CML6065,PRAMIT KUMAR CHOWDHURY
2025-26,2,CML6071,2CML6071,3,3.0,0.0,0.0,AC,SUPRAMOLECULAR CHEMISTRY-CML6071,V.HARIDAS
2025-26,2,CML6074,2CML6074,3,3.0,0.0,0.0,A,PERICYCLIC REACTIONS AND PHOTOCHEMISTRY-CML6074,JANAKIRAM VAITLA
2025-26,2,CML6075,2CML6075,3,3.0,0.0,0.0,AB,CHEMISTRY OF HETEROCYCLIC COMPOUNDS-CML6075,MUNTHA RAMU YADAV
2025-26,2,CML6082,2CML6082,3,3.0,0.0,0.0,E,INORGANIC POLYMERS-CML6082,RAVI SHANKAR
2025-26,2,CML6096,2CML6096,3,3.0,0.0,0.0,AD,PHYSICAL ORGANIC CHEMISTRY-CML6096,SUDIPTA RAHA ROY
2025-26,2,CML665,2CML665,3,3.0,0.0,0.0,AC,BIOPHYSICAL CHEMISTRY-CML665,PRAMIT KUMAR CHOWDHURY
2025-26,2,CML671,2CML671,3,3.0,0.0,0.0,AC,SUPRAMOLECULAR CHEMISTRY-CML671,V.HARIDAS
2025-26,2,CML672,2CML672,3,3.0,0.0,0.0,AA,RECENT TRENDS IN ORGANIC CHEMISTRY-CML672,RAVI P. SINGH
2025-26,2,CML675,2CML675,3,3.0,0.0,0.0,AB,CHEMISTRY OF HETEROCYCLIC COMPOUNDS-CML675,MUNTHA RAMU YADAV
2025-26,2,CML682,2CML682,3,3.0,0.0,0.0,E,INORGANIC POLYMERS-CML682,RAVI SHANKAR
2025-26,2,CML7022,2CML7022,3,3.0,0.0,0.0,D,CHEMICAL SEPARATION AND ELECTROANALYTICAL METHODS-CML7022,SAYANTAN PARIA , JAI DEO SINGH
2025-26,2,CML7029,2CML7029,3,3.0,0.0,0.0,K,MATERIALS CHARACTERIZATION-CML7029,SANDEEP KUMAR GUPTA , SAJESH P THOMAS
2025-26,2,CML7033,2CML7033,3,3.0,0.0,0.0,C,CHEMISTRY OF INDUSTRIAL CATALYSIS-CML7033,BISWARUP CHAKRABORTY
2025-26,2,CML7038,2CML7038,3,3.0,0.0,0.0,F,APPLICATIONS OF P-BLOCK ELEMENTS AND THEIR COMPOUNDS-CML7038,ANIL JACOB ELIAS
2025-26,2,CML7040,2CML7040,3,3.0,0.0,0.0,AB,CHEMISTRY OF HETEROCYCLIC COMPOUNDS-CML7040,MUNTHA RAMU YADAV
2025-26,2,CML7042,2CML7042,3,3.0,0.0,0.0,H,REAGENTS IN SYNTHETIC TRANSFORMATIONS-CML7042,N.G.RAMESH
2025-26,2,CML7044,2CML7044,3,3.0,0.0,0.0,AD,ADVANCE PHYSICAL ORGANIC CHEMISTRY-CML7044,SUDIPTA RAHA ROY
2025-26,2,CML7211,2CML7211,3,3.0,0.0,0.0,AA,MACHINE LEARNING FOR CHEMISTS-CML7211,TARAK KARMAKAR
2025-26,2,CML7234,2CML7234,3,3.0,0.0,0.0,J,CHEMISTRY OF NANOSTRUCTURED MATERIALS-CML7234,SAMEER SAPRA , PRAVIN POPINAND INGOLE
2025-26,2,CML729,2CML729,3,3.0,0.0,0.0,K,MATERIAL CHARACTERIZATION-CML729,SANDEEP KUMAR GUPTA , SAJESH P THOMAS
2025-26,2,CML731,2CML731,3,3.0,0.0,0.0,D,SEPARATION AND ELECTROANALYTIC-CML731,SAYANTAN PARIA , JAI DEO SINGH
2025-26,2,CML733,2CML733,3,3.0,0.0,0.0,C,CHEMISTRY OF INDUSTRIAL CATALY-CML733,BISWARUP CHAKRABORTY
2025-26,2,CML734,2CML734,3,3.0,0.0,0.0,J,CHEMISTRY OF NANOSTRUCTURED M-CML734,SAMEER SAPRA , PRAVIN POPINAND INGOLE
2025-26,2,CML738,2CML738,3,3.0,0.0,0.0,F,APPLICATIONS OF P-BLOCK ELEMEN-CML738,ANIL JACOB ELIAS
2025-26,2,CML740,2CML740,3,3.0,0.0,0.0,AB,CHEMISTRY OF HETEROCYCLIC COMP-CML740,MUNTHA RAMU YADAV
2025-26,2,CML742,2CML742,3,3.0,0.0,0.0,H,REAGENTS IN SYNTHETIC TRANSFOR-CML742,N.G.RAMESH
2025-26,2,CML760,2CML760,3,2.0,0.0,2.0,B,COMPUTATIONAL QUANTUM CHEMISTRY-CML760,HEMANT KUMAR KASHYAP
2025-26,2,CMN7099,2CMN7099,4,0.0,0.0,8.0,X,TEACHING/RESEARCH PRACTICUM-CMN7099,PRAVIN POPINAND INGOLE
2025-26,2,CMN8099,2CMN8099,4,0.0,0.0,8.0,X,TEACHING/RESEARCH PRACTICUM-CMN8099,RITU GUPTA
2025-26,2,CMN8100,2CMN8100,1,1.0,0.0,0.0,X,RESEARCH COMMUNICATION AND PROFESSIONAL ETHICS IN CHEMISTRY-CMN8100,RITU GUPTA
2025-26,2,CMP1000,2CMP1000,2,0.0,0.0,4.0,P,CHEMISTRY LABORATORY-CMP1000,BIJU BASUMATARY , BISWARUP CHAKRABORTY
2025-26,2,CMP5021,2CMP5021,2,0.0,0.0,4.0,P,LABORATORY 3: ORGANIC CHEMISTRY-CMP5021,SUDIPTA RAHA ROY , GHOLAP SHIVAJIRAO LAHU , RAVI P. SINGH , N.G.RAMESH
2025-26,2,CMP5022,2CMP5022,2,0.0,0.0,4.0,P,BIOCHEMISTRY LABORATORY-CMP5022,TANMAY DUTTA , SHASHANK DEEP , NALIN PANT
2025-26,2,CMP7028,2CMP7028,3,0.0,0.0,6.0,P,LAB ON INSTRUMENTATION IN MATERIAL CHARACTERIZATION-CMP7028,SAJESH P THOMAS , SANDEEP KUMAR GUPTA
2025-26,2,CVD411,2CVD411,4,0.0,0.0,8.0,X,BTECH PROJECT PART 1-CVD411,GAURAV TALUKDAR
2025-26,2,CVD412,2CVD412,6,0.0,0.0,12.0,X,BTECH PROJECT PART 2-CVD412,GAURAV TALUKDAR
2025-26,2,CVD700,2CVD700,3,0.0,0.0,6.0,X,MINOR PROJECT-CVD700,DEBAYAN BHATTACHARYA
2025-26,2,CVD710,2CVD710,3,0.0,0.0,6.0,X,MINOR PROJECT-CVD710,SUMEET KUMAR SINHA
2025-26,2,CVD720,2CVD720,6,0.0,0.0,12.0,X,MAJOR THESIS PART-I-CVD720,ARYA V
2025-26,2,CVD721,2CVD721,12,0.0,0.0,24.0,X,MAJOR THESIS PART-II-CVD721,ARYA V
2025-26,2,CVD726,2CVD726,3,0.0,0.0,6.0,X,MINOR PROJECT-CVD726,ARYA V
2025-26,2,CVD7290,2CVD7290,3,0.0,0.0,6.0,X,CORNERSTONE PROJECT-CVD7290,SUMEET KUMAR SINHA
2025-26,2,CVD7390,2CVD7390,3,0.0,0.0,6.0,X,CORNER STONE PROJECT IN CONSTRUCTION TECHNOLOGY AND MANAGEMENT-CVD7390,SUPRATIC GUPTA , ANN FRANCIS
2025-26,2,CVD7399,2CVD7399,3,0.0,0.0,6.0,X,CORNER STONE PROJECT IN CONSTRUCTION ENGINEERING AND MANAGEMENT-CVD7399,SUPRATIC GUPTA , SAHIL GARG
2025-26,2,CVD7491,2CVD7491,3,0.0,0.0,6.0,X,CORNERSTONE PROJECT IN STRUCTURAL ENGINEERING-CVD7491,SVETHA VENKATACHARI
2025-26,2,CVD758,2CVD758,9,0.0,0.0,18.0,X,MAJOR PROJECT PART-II (CES)-CVD758,SVETHA VENKATACHARI
2025-26,2,CVD7592,2CVD7592,5,0.0,0.0,10.0,X,CORNERSTONE PROJECT-CVD7592,MANOJ M
2025-26,2,CVD7690,2CVD7690,3,0.0,0.0,6.0,X,CORNERSTONE PROJECT-CVD7690,DEBAYAN BHATTACHARYA
2025-26,2,CVD773,2CVD773,12,0.0,0.0,24.0,X,MAJOR PROJECT PART-II (CEC)-CVD773,ANN FRANCIS
2025-26,2,CVD778,2CVD778,12,0.0,0.0,24.0,X,MAJOR PROJECT PART-II (CET)-CVD778,SAHIL GARG
2025-26,2,CVD7791,2CVD7791,3,0.0,0.0,6.0,X,CORNERSTONE PROJECT-CVD7791,ARYA V
2025-26,2,CVD7891,2CVD7891,3,0.0,0.0,6.0,X,CORNERSTONE PROJECT IN WATER RESOURCES ENGINEERING-CVD7891,SUMEDHA CHAKMA
2025-26,2,CVD801,2CVD801,12,0.0,0.0,24.0,X,MAJOR THESIS PART-II-CVD801,DEBAYAN BHATTACHARYA
2025-26,2,CVD811,2CVD811,12,0.0,0.0,24.0,X,MAJOR PROJECT PART-II (CEU)-CVD811,SUMEET KUMAR SINHA
2025-26,2,CVD831,2CVD831,6,0.0,0.0,12.0,X,MAJOR PROJECT PART-I-CVD831,SAUMAVA DEY
2025-26,2,CVD832,2CVD832,12,0.0,0.0,24.0,X,MAJOR PROJECT PART-II-CVD832,SAUMAVA DEY
2025-26,2,CVD853,2CVD853,9,0.0,0.0,18.0,X,MAJOR PROJECT PART-I-CVD853,MANOJ M
2025-26,2,CVD854,2CVD854,12,0.0,0.0,24.0,X,MAJOR PROJECT PART-II-CVD854,MANOJ M
2025-26,2,CVL100A,2CVL100A,2,2.0,0.0,0.0,C1,ENVIRONMENTAL SCIENCE-CVL100A,GAZALA HABIB
2025-26,2,CVL100B,2CVL100B,2,2.0,0.0,0.0,C2,ENVIRONMENTAL SCIENCE-CVL100B,ARYA V
2025-26,2,CVL212,2CVL212,4,3.0,0.0,2.0,B,ENVIRONMENTAL ENGINEERING-CVL212,SOVIK DAS
2025-26,2,CVL222,2CVL222,3,3.0,0.0,0.0,F,SOIL MECHANICS-CVL222,DEBAYAN BHATTACHARYA
2025-26,2,CVL242,2CVL242,3,3.0,0.0,0.0,D,STRUCTURAL ANALYSIS I-CVL242,SAIKAT SARKAR
2025-26,2,CVL244,2CVL244,2,2.0,0.0,0.0,C,CONSTRUCTION PRACTICES-CVL244,SAHIL GARG
2025-26,2,CVL261,2CVL261,3,3.0,0.0,0.0,B,INTRO. TO TRANSPORTATION ENGG.-CVL261,ARAVIND KRISHNA SWAMY
2025-26,2,CVL281,2CVL281,4,3.0,1.0,0.0,E,HYDRAULICS-CVL281,SUMEDHA CHAKMA
2025-26,2,CVL311,2CVL311,3,3.0,0.0,0.0,F,INDUSTRIAL WASTE MANAGEMENT-CVL311,ARUN KUMAR , BABU J.ALAPPAT
2025-26,2,CVL342,2CVL342,3,3.0,0.0,0.0,D,STEEL DESIGN-CVL342,SVETHA VENKATACHARI
2025-26,2,CVL381,2CVL381,4,3.0,0.0,2.0,E,DESIGN OF HYDRAULIC STRUCTURES-CVL381,MANABENDRA SAHARIA
2025-26,2,CVL382,2CVL382,2,2.0,0.0,0.0,H,GROUNDWATER-CVL382,BHAGU RAM CHAHAR
2025-26,2,CVL422,2CVL422,3,3.0,0.0,0.0,D,ROCK ENGINEERING-CVL422,SUMEET KUMAR SINHA
2025-26,2,CVL443,2CVL443,3,3.0,0.0,0.0,H,PRESTRESSED CON. & IND. STRUC.-CVL443,ALOK MADAN
2025-26,2,CVL7052,2CVL7052,3,2.0,0.0,2.0,B,TRANSPORTATION CYBERPHYSICAL SYSTEMS-CVL7052,PRAMESH KUMAR
2025-26,2,CVL7071,2CVL7071,3,2.0,0.0,2.0,C,ENVIRONMENTAL QUALITY MODELING-CVL7071,SRI HARSHA KOTA
2025-26,2,CVL7072,2CVL7072,3,3.0,0.0,0.0,A,ENVIRONMENTAL SYSTEMS ANALYSIS AND DECISION MAKING-CVL7072,ARVIND KUMAR NEMA
2025-26,2,CVL7203,2CVL7203,3,3.0,0.0,0.0,B,GROUND IMPROVEMENT AND GEOSYNTHETICS-CVL7203,PRASHANTH VANGLA
2025-26,2,CVL7204,2CVL7204,3,3.0,0.0,0.0,S,GEOENVIRONMENTAL ENGINEERING-CVL7204,VENKATA RAMANA GUNTURI
2025-26,2,CVL7205,2CVL7205,4,3.0,0.0,2.0,D,SOIL DYNAMICS AND EARTHQUAKE GEOTECHNICAL ENGINEERING-CVL7205,BAPPADITYA MANNA
2025-26,2,CVL723,2CVL723,3,3.0,0.0,0.0,E,WASTE WATER ENGINEERING-CVL723,ATUL KUMAR MITTAL
2025-26,2,CVL728,2CVL728,3,3.0,0.0,0.0,C,ENVIRONMENTAL QUALITY MODELING-CVL728,SRI HARSHA KOTA
2025-26,2,CVL735,2CVL735,3,3.0,0.0,0.0,H,FINITE ELEMENT IN WATER RESOU.-CVL735,SAUMAVA DEY
2025-26,2,CVL7374,2CVL7374,3,3.0,0.0,0.0,H,CONSTRUCTION CONTRACTS AND PROCUREMENT METHODS-CVL7374,KUMAR NEERAJ JHA
2025-26,2,CVL7375,2CVL7375,3,3.0,0.0,0.0,R,CONSTRUCTION ECONOMICS AND ACCOUNTS-CVL7375,KUMAR NEERAJ JHA
2025-26,2,CVL7421,2CVL7421,3,3.0,0.0,0.0,D,THEORY OF CONCRETE STRUCTURES-CVL7421,SAHIL BANSAL
2025-26,2,CVL7422,2CVL7422,3,3.0,0.0,0.0,A,THEORY OF STEEL STRUCTURES-CVL7422,DIPTI RANJAN SAHOO
2025-26,2,CVL7423,2CVL7423,3,3.0,0.0,0.0,E,EARTHQUAKE RESISTANT DESIGN OF STRUCTURES-CVL7423,SRINIVAS MOGILI
2025-26,2,CVL7460,2CVL7460,3,3.0,0.0,0.0,C,DESIGN OF TALL BUILDINGS-CVL7460,ARNAB BANERJEE
2025-26,2,CVL7542,2CVL7542,3,3.0,0.0,0.0,AD,TRANSPORTATION ECONOMICS-CVL7542,NEZAMUDDIN
2025-26,2,CVL760,2CVL760,3,3.0,0.0,0.0,D,THEORY OF CONCRETE STRUCTURES-CVL760,SAHIL BANSAL
2025-26,2,CVL7603,2CVL7603,4,3.0,0.0,2.0,B,ANALYSIS AND DESIGN OF TUNNELS-CVL7603,JAGDISH TELANGRAO SHAHU
2025-26,2,CVL7604,2CVL7604,3,3.0,0.0,0.0,C,SLOPES &AMP; FOUNDATIONS IN ROCKS-CVL7604,DEEPANSHU SHIROLE
2025-26,2,CVL761,2CVL761,3,3.0,0.0,0.0,A,THEORY OF STEEL STRUCTURES-CVL761,DIPTI RANJAN SAHOO
2025-26,2,CVL762,2CVL762,3,3.0,0.0,0.0,E,EARTHQUAKE ANALYSIS AND DESIGN-CVL762,SRINIVAS MOGILI
2025-26,2,CVL769,2CVL769,3,3.0,0.0,0.0,C,DESIGN OF TALL BUILDINGS-CVL769,ARNAB BANERJEE
2025-26,2,CVL7706,2CVL7706,3,3.0,0.0,0.0,E,WASTEWATER ENGINEERING AND MANAGEMENT-CVL7706,ATUL KUMAR MITTAL
2025-26,2,CVL7737,2CVL7737,3,3.0,0.0,0.0,A,BUILDING SCIENCES-CVL7737,ANN FRANCIS
2025-26,2,CVL774,2CVL774,3,3.0,0.0,0.0,H,CONSTRUCTION CONTRACT MGMT.-CVL774,KUMAR NEERAJ JHA
2025-26,2,CVL775,2CVL775,3,3.0,0.0,0.0,R,CONSTRUCTION ECONOMICS AND FI-CVL775,KUMAR NEERAJ JHA
2025-26,2,CVL776,2CVL776,3,3.0,0.0,0.0,M,CONSTRUCTION PRACTICES AND EQ-CVL776,KUMAR NEERAJ JHA
2025-26,2,CVL777,2CVL777,3,3.0,0.0,0.0,A,BUILDING SCIENCE-CVL777,ANN FRANCIS
2025-26,2,CVL7802,2CVL7802,3,3.0,0.0,0.0,J,ADVANCED HYDRAULICS-CVL7802,DEO RAJ KAUSHAL
2025-26,2,CVL7804,2CVL7804,3,3.0,0.0,0.0,H,COMPUTATIONAL METHODS IN WATER RESOURCES ENGINEERING-CVL7804,SAUMAVA DEY
2025-26,2,CVL7814,2CVL7814,3,3.0,0.0,0.0,F,GROUNDWATER FLOW AND POLLUTION MODELLING-CVL7814,A.K.KESHARI
2025-26,2,CVL7999,2CVL7999,3,3.0,0.0,0.0,M,LEAN CONSTRUCTION PRACTICES AND EQUIPMENT-CVL7999,KUMAR NEERAJ JHA
2025-26,2,CVL823,2CVL823,3,3.0,0.0,0.0,M,THERMAL TECHNIQUES FOR WASTE MANAGEMENT-CVL823,BABU J.ALAPPAT
2025-26,2,CVL845,2CVL845,3,3.0,0.0,0.0,M,VISCOELASTIC BEHAVIOR OF BITUM-CVL845,ARAVIND KRISHNA SWAMY
2025-26,2,CVL8454,2CVL8454,3,3.0,0.0,0.0,M,WAVES THROUGH PERIODIC STRUCTURES AND METAMATERIALS-CVL8454,ARNAB BANERJEE
2025-26,2,CVL8456,2CVL8456,3,2.0,0.0,2.0,H,STRUCTURAL HEALTH MONITORING-CVL8456,SURESH BHALLA
2025-26,2,CVL8459,2CVL8459,3,3.0,0.0,0.0,C,DURABILITY AND REPAIR OF CONCRETE STRUCTURES-CVL8459,DEEPAK KUMAR KAMDE
2025-26,2,CVL8460,2CVL8460,3,3.0,0.0,0.0,F,WIND-RESISTANT DESIGN OF STRUCTURES-CVL8460,ALLAN LAMBOR MARBANIANG , VASANT A. MATSAGAR
2025-26,2,CVL847,2CVL847,3,3.0,0.0,0.0,AD,TRANSPORTATION ECONOMICS-CVL847,NEZAMUDDIN
2025-26,2,CVL848,2CVL848,3,2.0,0.0,2.0,AA,DISCRETE CHOICE METHODS FOR TRAVEL DEMAND ANALYSIS-CVL848,MANOJ M
2025-26,2,CVL849,2CVL849,3,3.0,0.0,0.0,AB,TRAFFIC FLOW MODELLING-CVL849,RAMACHANDRA RAO KALAGA
2025-26,2,CVL8510,2CVL8510,3,3.0,0.0,0.0,M,VISCOELASTIC BEHAVIOR OF BITUMINOUS MATERIALS-CVL8510,ARAVIND KRISHNA SWAMY
2025-26,2,CVL8520,2CVL8520,3,2.0,0.0,2.0,AA,DISCRETE CHOICE METHODS FOR TRAVEL DEMAND ANALYSIS-CVL8520,MANOJ M
2025-26,2,CVL8530,2CVL8530,3,3.0,0.0,0.0,AB,TRAFFIC FLOW MODELLING-CVL8530,RAMACHANDRA RAO KALAGA
2025-26,2,CVL8601,2CVL8601,3,3.0,0.0,0.0,M,NUMERICAL AND COMPUTER METHODS IN GEOMECHANICS-CVL8601,TANUSREE CHAKRABORTY
2025-26,2,CVL864,2CVL864,3,3.0,0.0,0.0,H,STRUCTURAL HEALTH MONITORING-CVL864,SURESH BHALLA
2025-26,2,CVL866,2CVL866,3,3.0,0.0,0.0,F,WIND RESISTANT DESIGN OF STRU-CVL866,ALLAN LAMBOR MARBANIANG , VASANT A. MATSAGAR
2025-26,2,CVL868,2CVL868,3,3.0,0.0,0.0,M,WAVES THROUGH PERIODIC STRUCTURES AND METAMATERIALS-CVL868,ARNAB BANERJEE
2025-26,2,CVL871,2CVL871,3,3.0,0.0,0.0,C,DURABILITY AND REPAIR OF CONCR-CVL871,DEEPAK KUMAR KAMDE
2025-26,2,CVL8710,2CVL8710,3,3.0,0.0,0.0,M,THERMAL TREATMENT TECHNIQUES FOR WASTE MANAGEMENT-CVL8710,BABU J.ALAPPAT
2025-26,2,CVL8715,2CVL8715,3,2.0,0.0,2.0,K,RISK-BASED ENVIRONMENTAL PROJECT MANAGEMENT-CVL8715,ARUN KUMAR
2025-26,2,CVL8812,2CVL8812,3,2.0,0.0,2.0,A,ARTIFICIAL INTELLIGENCE AND MACHINE LEARNING FOR WATER AND CLIMATE-CVL8812,MANABENDRA SAHARIA
2025-26,2,CVL8814,2CVL8814,3,3.0,0.0,0.0,E,CLIMATE RESILIENT DESIGN AND MANAGEMENT IN WATER RESOURCES-CVL8814,ROHITH A N
2025-26,2,CVN7201,2CVN7201,4,0.0,0.0,8.0,X,TEACHING/RESEARCH PRACTICUM IN GEOTECHNICAL AND GEOENVIRONMENTAL ENGINEERING-CVN7201,DEBAYAN BHATTACHARYA
2025-26,2,CVN7395,2CVN7395,4,0.0,0.0,8.0,X,TEACHING/RESEARCH PRACTICUM IN CONSTRUCTION TECHNOLOGY AND MANAGEMENT-CVN7395,ANN FRANCIS
2025-26,2,CVN7396,2CVN7396,4,0.0,0.0,8.0,X,TEACHING AND RESEARCH PRACTICUM IN CONSTRUCTION ENGINEERING AND MANAGEMENT-CVN7396,SAHIL GARG
2025-26,2,CVN7401,2CVN7401,4,0.0,0.0,8.0,X,TEACHING/RESEARCH PRACTICUM IN STRUCTURAL ENGINEERING-CVN7401,SVETHA VENKATACHARI
2025-26,2,CVN7601,2CVN7601,4,0.0,0.0,8.0,X,TEACHING/RESEARCH PRACTICUM IN ROCK ENGINEERING AND UNDERGROUND STRUCTURES-CVN7601,SUMEET KUMAR SINHA
2025-26,2,CVN7701,2CVN7701,4,0.0,0.0,8.0,X,TEACHING AND RESEARCH PRACTICUM-CVN7701,ARYA V
2025-26,2,CVN7801,2CVN7801,4,0.0,0.0,8.0,X,TEACHING/RESEARCH PRACTICUM-CVN7801,SAUMAVA DEY
2025-26,2,CVP222,2CVP222,1,0.0,0.0,2.0,F,SOIL MECHANICS LABORATORY-CVP222,DEBAYAN BHATTACHARYA , SUMEET KUMAR SINHA , VENKATA RAMANA GUNTURI
2025-26,2,CVP242,2CVP242,1,0.0,0.0,2.0,D,STRUCTURAL ANALYSIS LABORATORY-CVP242,SAIKAT SARKAR , ALLAN LAMBOR MARBANIANG
2025-26,2,CVP261,2CVP261,1,0.0,0.0,2.0,B,TRANSPORTATION ENGG. LABORATOR-CVP261,ARAVIND KRISHNA SWAMY
2025-26,2,CVP281,2CVP281,1,0.0,0.0,2.0,E,HYDRAULICS LABORATORY-CVP281,DEO RAJ KAUSHAL
2025-26,2,CVP342,2CVP342,1,0.0,0.0,2.0,D,STRUCTURES & MATERIAL LAB-CVP342,SVETHA VENKATACHARI , SRINIVAS MOGILI , ALOK MADAN
2025-26,2,CVP730,2CVP730,1.5,0.0,0.0,3.0,X,SIMULATION LABORATORY-I-CVP730,SAUMAVA DEY
2025-26,2,CVP7421,2CVP7421,1.5,0.0,0.0,3.0,P,CONCRETE STRUCTURES LABORATORY-CVP7421,SAHIL BANSAL , DEEPAK KUMAR KAMDE
2025-26,2,CVP7702,2CVP7702,2,0.0,0.0,4.0,AD,ENVIRONMENTAL ENGINEERING LABORATORY II-CVP7702,JOSEPH VARGHESE PUTHUSSERY
2025-26,2,CVP7802,2CVP7802,3,1.0,0.0,4.0,K,HYDROLOGICAL SIMULATION LABORATORY-CVP7802,DHANYA C.T.
2025-26,2,CVP8201,2CVP8201,3,0.0,0.0,6.0,X,GEOENVIRONMENTAL AND GEOTECHNICAL ENGINEERING LAB-CVP8201,PRASHANTH VANGLA
2025-26,2,CVP8601,2CVP8601,3,0.0,0.0,6.0,X,ADVANCED ROCK MECHANICS LAB-CVP8601,DEEPANSHU SHIROLE , JAGDISH TELANGRAO SHAHU
2025-26,2,CVQ301,2CVQ301,1,0.0,0.0,2.0,X,CIVIL ENGINEERING SEMINAR-CVQ301,PRAMESH KUMAR
2025-26,2,CVQ7372,2CVQ7372,1,0.0,0.0,2.0,X,SEMINAR 2- CONSTRUCTION TECHNOLOGY AND MANAGEMENT-CVQ7372,KUMAR NEERAJ JHA
2025-26,2,CVR7297,2CVR7297,0.5,0.0,0.0,1.0,X,GEOTECHNICAL ENGINEERING PRACTICE AND OUTREACH-CVR7297,SUMEET KUMAR SINHA
2025-26,2,COD310,2COD310,3,0.0,0.0,6.0,X,MINI PROJECT-COD310,SUBODH VISHNU SHARMA
2025-26,2,COD492,2COD492,6,0.0,0.0,12.0,X,B.TECH PROJECT PART 1-COD492,SUBODH VISHNU SHARMA
2025-26,2,COD494,2COD494,8,0.0,0.0,16.0,X,B.TECH PROJECT PART 2-COD494,SUBODH VISHNU SHARMA
2025-26,2,COD7001,2COD7001,3,0.0,0.0,6.0,X,CORNERSTONE PROJECT-COD7001,KOLIN PAUL
2025-26,2,COD891,2COD891,3,0.0,0.0,6.0,X,MINOR PROJECT-COD891,NIKHIL BALAJI C R
2025-26,2,COD892,2COD892,7,0.0,0.0,14.0,X,M.TECH PROJECT PARTI-COD892,NIKHIL BALAJI C R
2025-26,2,COD893,2COD893,14,0.0,0.0,28.0,X,M.TECH PROJECT PARTII-COD893,NIKHIL BALAJI C R
2025-26,2,COD895,2COD895,36,0.0,0.0,72.0,X,MSR PROJECT-COD895,SAYAN RANU
2025-26,2,COL1000,2COL1000,4,3.0,0.0,2.0,AB,INTRODUCTION TO PROGRAMMING-COL1000,NAVEEN GARG
2025-26,2,COL1002,2COL1002,4,3.0,1.0,0.0,E,DISCRETE MATHEMATICAL STRUCTURES-COL1002,AMITABHA BAGCHI , ASHISH CHIPLUNKAR , NIKHIL BALAJI C R
2025-26,2,COL106,2COL106,5,3.0,0.0,4.0,F,DATA STRUCTURES AND ALGORITHMS-COL106,SRIKANTA BEDATHUR JAGANNATH , VIRESHWAR KUMAR
2025-26,2,COL216,2COL216,4,3.0,0.0,2.0,B,COMPUTER ARCHITECTURE-COL216,RIJUREKHA SEN
2025-26,2,COL226,2COL226,5,3.0,0.0,4.0,F,PROGRAMMING LANGUAGES-COL226,SANJIVA PRASAD
2025-26,2,COL331,2COL331,5,3.0,0.0,4.0,K,OPERATING SYSTEMS-COL331,ABHILASH JINDAL
2025-26,2,COL351,2COL351,4,3.0,1.0,0.0,A,ANALYSIS & DESIGN OF ALGORITHMS-COL351,AMIT KUMAR
2025-26,2,COL352,2COL352,3,3.0,0.0,0.0,H,INTRO TO AUTOMATA & TH. OF CO.-COL352,VAISHNAVI SUNDARARAJAN
2025-26,2,COL362,2COL362,4,3.0,0.0,2.0,E,INTRO. TO DATABASE MGMT. SYST.-COL362,KAUSTUBH BEEDKAR
2025-26,2,COL380,2COL380,3,2.0,0.0,2.0,J,INTRO. TO PARALLEL & DIS. PRO.-COL380,SUBODH VISHNU SHARMA
2025-26,2,COL7126,2COL7126,4,3.0,0.0,2.0,F,NUMERICAL ALGORITHMS-COL7126,RAHUL NARAIN
2025-26,2,COL7160,2COL7160,3,3.0,0.0,0.0,AB,QUANTUM COMPUTING-COL7160,RAJENDRA KUMAR
2025-26,2,COL7250,2COL7250,4,3.0,0.0,2.0,AA,FOUNDATIONS OF AUTOMATIC VERIFICATION-COL7250,PRIYANKA GOLIA
2025-26,2,COL726,2COL726,4,3.0,0.0,2.0,F,NUMERICAL ALGORITHMS-COL726,RAHUL NARAIN
2025-26,2,COL7361,2COL7361,4,3.0,0.0,2.0,AD,DATA MINING-COL7361,SAYAN RANU
2025-26,2,COL7362,2COL7362,4,3.0,0.0,2.0,E,INTRODUCTION TO DATA MANAGEMENT-COL7362,KAUSTUBH BEEDKAR
2025-26,2,COL7372,2COL7372,4,3.0,0.0,2.0,AA,NATURAL LANGUAGE PROCESSING-COL7372,MAUSAM
2025-26,2,COL7375,2COL7375,4,3.0,0.0,2.0,C,DEEP LEARNING-COL7375,PARAG SINGLA
2025-26,2,COL7378,2COL7378,4,3.0,0.0,2.0,AA,PRINCIPLES OF AUTONOMOUS SYSTEMS-COL7378,ROHAN PAUL
2025-26,2,COL750,2COL750,4,3.0,0.0,2.0,AA,FOUNDATIONS OF AUTOMATIC VERI.-COL750,PRIYANKA GOLIA
2025-26,2,COL7560,2COL7560,4,3.0,0.0,2.0,AD,MACHINE LEARNING FOR NETWORKED SYSTEMS-COL7560,TARUN MANGLA
2025-26,2,COL761,2COL761,4,3.0,0.0,2.0,AD,DATA MINING-COL761,SAYAN RANU
2025-26,2,COL762,2COL762,4,3.0,0.0,2.0,E,DATABASE IMPLEMENTATION-COL762,KAUSTUBH BEEDKAR
2025-26,2,COL7680,2COL7680,4,3.0,0.0,2.0,AB,INTRODUCTION TO COMPUTER VISION-COL7680,CHETAN ARORA
2025-26,2,COL7681,2COL7681,4.5,3.0,0.0,3.0,AC,COMPUTER GRAPHICS-COL7681,SUBODH KUMAR
2025-26,2,COL772,2COL772,4,3.0,0.0,2.0,AA,NATURAL LANGUAGE PROCESSING-COL772,MAUSAM
2025-26,2,COL775,2COL775,4,3.0,0.0,2.0,C,DEEP LEARNING-COL775,PARAG SINGLA
2025-26,2,COL778,2COL778,4,3.0,0.0,2.0,AA,PRINCIPLES OF AUTONOMOUS SYSTEMS-COL778,ROHAN PAUL
2025-26,2,COL780,2COL780,4,3.0,0.0,2.0,AB,COMPUTER VISION-COL780,CHETAN ARORA
2025-26,2,COL781,2COL781,4.5,3.0,0.0,3.0,AC,COMPUTER GRAPHICS-COL781,SUBODH KUMAR
2025-26,2,COL786,2COL786,4,3.0,0.0,2.0,AD,ADVANCED FUNCTIONAL BRAIN IMG.-COL786,RAHUL GARG
2025-26,2,COL812,2COL812,3,3.0,0.0,0.0,M,SYSTEM LEVEL DESIGN & MODELLING-COL812,PREETI RANJAN PANDA
2025-26,2,COL8184,2COL8184,3,3.0,0.0,0.0,AA,SPECIAL TOPICS IN ECONOMICS AND COMPUTATION-COL8184,ROHIT VAISH
2025-26,2,COL8381,2COL8381,3,3.0,0.0,0.0,AC,SPECIAL TOPICS IN ARTIFICIAL INTELLIGENCE-COL8381,NAVEEN GARG
2025-26,2,COL8385,2COL8385,3,3.0,0.0,0.0,AD,SPECIAL TOPICS IN MACHINE LEARNING I-COL8385,ADARSH BARIK
2025-26,2,COL8395,2COL8395,3,3.0,0.0,0.0,AC,SPECIAL TOPICS IN DATA MANAGEMENT I-COL8395,MAYA RAMANATH
2025-26,2,COL8412,2COL8412,3,3.0,0.0,0.0,M,SYSTEM LEVEL DESIGN AND MODELLING-COL8412,PREETI RANJAN PANDA
2025-26,2,COL8585,2COL8585,3,3.0,0.0,0.0,AB,SPECIAL TOPICS IN COMPUTER NETWORKS I-COL8585,PIYUSH KUMAR
2025-26,2,COL862,2COL862,3,3.0,0.0,0.0,AB,SPL TOPICS IN SOFTWARE SYSTEMS-COL862,PIYUSH KUMAR
2025-26,2,COL864,2COL864,3,3.0,0.0,0.0,AC,SPL. TOPICS IN ARTIFICIAL INT.-COL864,NAVEEN GARG
2025-26,2,COL868,2COL868,3,3.0,0.0,0.0,AC,SPL. TOPICS IN DATABASE SYST.-COL868,MAYA RAMANATH
2025-26,2,COL870,2COL870,3,3.0,0.0,0.0,AD,SPL. TOPICS IN MACHINE LEARNI.-COL870,ADARSH BARIK
2025-26,2,CON800,2CON800,4,0.0,0.0,8.0,X,TEACHING PRACTICUM IN COMPUTER SCIENCE AND ENGINEERING-CON800,ASHISH CHIPLUNKAR
2025-26,2,CON801,2CON801,5,1.0,0.0,8.0,X,RESEARCH PRACTICUM IN COMPUTER SCIENCE AND ENGINEERING-CON801,ASHISH CHIPLUNKAR
2025-26,2,COP290,2COP290,3,0.0,0.0,6.0,K,DESIGN PRACTICES-COP290,SMRUTI RANJAN SARANGI
2025-26,2,COS310,2COS310,3,0.0,3.0,0.0,X,INDEPENDENT STUDY (CS)-COS310,SUBODH VISHNU SHARMA
2025-26,2,COS799,2COS799,3,0.0,3.0,0.0,X,INDEPENDENT STUDY-COS799,SUBODH VISHNU SHARMA
2025-26,2,JCP810,2JCP810,1,0.0,0.0,2.0,P,CYBER SECURITY AND INFORMATION ASSURANCE LAB-JCP810,HUZUR SARAN
2025-26,2,JRD893,2JRD893,12,0.0,0.0,24.0,X,MTECH PROJECT PART II-JRD893,RAMA KRISHNA K
2025-26,2,JRL747,2JRL747,2,2.0,0.0,0.0,B,DEGREES OF FREEDOM AND CONSTRAINTS IN DEVICES-JRL747,SUDIPTO MUKHERJEE
2025-26,2,JRL7680,2JRL7680,4,3.0,0.0,2.0,AB,COMPUTER VISION FOR ROBOTICS-JRL7680,CHETAN ARORA
2025-26,2,DDD320,2DDD320,4,0.0,0.0,8.0,X,DESIGN PROJECT-2 (SIMPLE PRODUCT DESIGN)-DDD320,SABYASACHI PALDAS
2025-26,2,DDD410,2DDD410,6,0.0,0.0,12.0,AC,DESIGN PROJECT-4 (DISSERTATION PROJECT / THESIS)-DDD410,PRAMOD RATNAKAR KHADILKAR
2025-26,2,DDD620,2DDD620,13,0.0,0.0,26.0,X,DESIGN PROJECT-6 (INDUSTRY / RESEARCH PROJECT)-DDD620,SUBIR DEY
2025-26,2,DDL222,2DDL222,2,1.0,0.0,2.0,AB,DESIGN RESEARCH METHODS-DDL222,ANEESHA SHARMA
2025-26,2,DDL223,2DDL223,3,2.0,0.0,2.0,AD,COGNITIVE ERGONOMICS-DDL223,NILAKSHI YEIN
2025-26,2,DDL224,2DDL224,3,2.0,0.0,2.0,X,STORYTELLING AND FILM MAKING-DDL224,CHARU MONGA
2025-26,2,DDL225,2DDL225,2,1.0,0.0,2.0,B,MARKET RESEARCH AND TREND ANALYSIS-DDL225,SUMER SINGH
2025-26,2,DDL226,2DDL226,2,1.0,0.0,2.0,AA,SYSTEM ORIENTED DESIGN-DDL226,MRITUNJAY KUMAR
2025-26,2,DDL228,2DDL228,3,1.0,0.0,4.0,X,EXHIBITION AND SPACE DESIGN-DDL228,SABYASACHI PALDAS
2025-26,2,DDL321,2DDL321,3,2.0,0.0,2.0,A,MODEL MAKING-DDL321,SUMER SINGH
2025-26,2,DDL6039,2DDL6039,3,3.0,0.0,0.0,AB,INDIAN SYMBOLOGY-DDL6039,JYOTI KUMAR
2025-26,2,DDL7007,2DDL7007,3,2.0,0.0,2.0,B,RESEARCH METHODS FOR DESIGN-DDL7007,AAKASH JOHRY
2025-26,2,DDL7068,2DDL7068,3,2.0,0.0,2.0,X,DESIGN RESEARCH METHODOLOGY-DDL7068,ANEESHA SHARMA
2025-26,2,DDL768,2DDL768,3,2.0,0.0,2.0,X,DESIGN RESEARCH METHODOLOGY-DDL768,ANEESHA SHARMA
2025-26,2,DDL8000,2DDL8000,4,3.0,0.0,2.0,AB,DRM, A METHODOLOGY FOR RESEARCH INTO DESIGN-DDL8000,SRINIVASAN VENKATARAMAN
2025-26,2,DDL810,2DDL810,3,3.0,0.0,0.0,AB,SPECIAL TOPICS IN DESIGN 1-DDL810,AAKASH JOHRY
2025-26,2,#N/A,#N/A,3,3.0,0.0,0.0,AC,SPECIAL TOPICS IN DESIGN 2 (DESIGN THINKING)-DDL820(A),SRINIVASAN VENKATARAMAN
2025-26,2,#N/A,#N/A,3,3.0,0.0,0.0,M,SPECIAL TOPICS IN DESIGN 2 (PROJECT IN IOT PROTOTYPING)-DDL820(B),JAY DHARIWAL
2025-26,2,DDP1005,2DDP1005,4,1.0,0.0,6.0,X,IMAGE MAKING-DDP1005,SUBIR DEY
2025-26,2,DDP1006,2DDP1006,4,1.0,0.0,6.0,X,PROTOTYPING-DDP1006,P.V.MADHUSUDHAN RAO
2025-26,2,DDP1007,2DDP1007,4,1.0,0.0,6.0,X,TYPOGRAPHY-DDP1007,ANEESHA SHARMA
2025-26,2,DDP1008,2DDP1008,3,1.0,0.0,4.0,X,DESIGN HISTORY-DDP1008,SAURABH TEWARI
2025-26,2,DDP1011,2DDP1011,3,2.0,0.0,2.0,X,HUMAN FACTORS IN DESIGN - 2-DDP1011,GOURAB KAR
2025-26,2,DDP1026,2DDP1026,4,1.0,0.0,6.0,AD,INTRODUCTION TO DESIGN-DDP1026,JAY DHARIWAL
2025-26,2,DDP7012,2DDP7012,3,1.0,0.0,4.0,AB,GAME DESIGN FUNDAMENTALS-DDP7012,AAKASH JOHRY
2025-26,2,DDP7123,2DDP7123,3,2.0,0.0,2.0,M,DESIGN FOR ENVIRONMENTAL CHANGE-DDP7123,JAY DHARIWAL
2025-26,2,DDR324,2DDR324,2,0.0,0.0,4.0,X,INDUSTRY INTERNSHIP-DDR324,SUBIR DEY
2025-26,2,DDR422,2DDR422,2,0.0,0.0,4.0,X,DESIGN DEGREE SHOW-DDR422,SUBIR DEY
2025-26,2,DDR8109,2DDR8109,3,3.0,0.0,0.0,AD,STRATEGIC UX DESIGN-DDR8109,JYOTI KUMAR
2025-26,2,DDR812,2DDR812,3,2.0,0.0,2.0,X,MEDIA STUDIES-DDR812,CHARU MONGA
2025-26,2,DDR822,2DDR822,3,2.0,0.0,2.0,X,DESIGN FOR SUSTAINABILITY-DDR822,SUMER SINGH
2025-26,2,DDR8222,2DDR8222,3,1.0,0.0,4.0,X,DESIGN FOR SUSTAINABILITY-DDR8222,SUMER SINGH
2025-26,2,DDR832,2DDR832,3,3.0,0.0,0.0,AD,DESIGN FOR USER EXPERIENCE-DDR832,JYOTI KUMAR
2025-26,2,DTD899,2DTD899,0,0.0,0.0,0.0,X,DOCTORAL THESIS-DTD899,IITD SUPPORT
2025-26,2,ELD411,2ELD411,3,0.0,0.0,6.0,X,B.TECH. PROJECT - I-ELD411,SOUTIK BETAL
2025-26,2,ELD431,2ELD431,3,0.0,0.0,6.0,X,B.TECH. PROJECT - I-ELD431,SOUTIK BETAL
2025-26,2,ELD450,2ELD450,8,0.0,0.0,16.0,X,BTP PART-II-ELD450,SOUTIK BETAL
2025-26,2,ELD451,2ELD451,8,0.0,0.0,16.0,X,BTP PART-II-ELD451,SOUTIK BETAL
2025-26,2,ELD452,2ELD452,8,0.0,0.0,16.0,X,BTP PART-II-ELD452,SOUTIK BETAL
2025-26,2,ELD453,2ELD453,8,0.0,0.0,16.0,X,BTP PART-II-ELD453,SOUTIK BETAL
2025-26,2,ELD454,2ELD454,8,0.0,0.0,16.0,X,BTP PART-II-ELD454,SOUTIK BETAL
2025-26,2,ELD455,2ELD455,8,0.0,0.0,16.0,X,BTP PART-II-ELD455,SOUTIK BETAL
2025-26,2,ELD456,2ELD456,8,0.0,0.0,16.0,X,BTP PART-II-ELD456,SOUTIK BETAL
2025-26,2,ELD457,2ELD457,8,0.0,0.0,16.0,X,BTP PART-II-ELD457,SOUTIK BETAL
2025-26,2,ELD458,2ELD458,8,0.0,0.0,16.0,X,BTP PART-II-ELD458,SOUTIK BETAL
2025-26,2,ELD459,2ELD459,8,0.0,0.0,16.0,X,BTP PART-II-ELD459,SOUTIK BETAL
2025-26,2,ELD7007,2ELD7007,3,0.0,0.0,6.0,P,CORNERSTONE PROJECT-ELD7007,SUBASHISH DATTA
2025-26,2,ELD780,2ELD780,2,0.0,0.0,4.0,P,MINOR PROJECT-ELD780,SANDEEP KUMAR
2025-26,2,ELD800,2ELD800,3,0.0,0.0,6.0,P,MINOR PROJECT (EEA)-ELD800,PRIYANK SRIVASTAVA
2025-26,2,ELD801,2ELD801,6,0.0,0.0,12.0,P,MAJOR PROJECT PART I-ELD801,PRIYANK SRIVASTAVA
2025-26,2,ELD802,2ELD802,12,0.0,0.0,24.0,P,MAJOR PROJECT PART II-ELD802,PRIYANK SRIVASTAVA
2025-26,2,ELD810,2ELD810,3,0.0,0.0,6.0,P,MINOR PROJECT (COMMUNICATION E-ELD810,ARPAN CHATTOPADHYAY
2025-26,2,ELD811,2ELD811,6,0.0,0.0,12.0,P,MAJOR PROJECT PART-I (COMMUNIC-ELD811,ARPAN CHATTOPADHYAY
2025-26,2,ELD812,2ELD812,12,0.0,0.0,24.0,P,MAJOR PROJECT PART-II-ELD812,ARPAN CHATTOPADHYAY
2025-26,2,ELD830,2ELD830,3,0.0,0.0,6.0,P,MINOR PROJECT-ELD830,DHIMAN MALLICK
2025-26,2,ELD831,2ELD831,6,0.0,0.0,12.0,P,MAJOR PROJECT PART-I (INTEGRAT-ELD831,DHIMAN MALLICK
2025-26,2,ELD832,2ELD832,12,0.0,0.0,24.0,P,MAJOR PROJECT PART-II-ELD832,DHIMAN MALLICK
2025-26,2,ELD850,2ELD850,3,0.0,0.0,6.0,X,MINOR PROJECT-ELD850,SREYAM SINHA
2025-26,2,ELD851,2ELD851,6,0.0,0.0,12.0,X,MAJOR PROJECT PART-I-ELD851,SREYAM SINHA
2025-26,2,ELD852,2ELD852,12,0.0,0.0,24.0,P,MAJOR PROJECT PART-II-ELD852,SREYAM SINHA
2025-26,2,ELD872,2ELD872,12,0.0,0.0,24.0,P,MAJOR PROJECT PART-II-ELD872,NILANJAN SENROY
2025-26,2,ELD880,2ELD880,6,0.0,0.0,12.0,P,MAJOR PROJECT PART-I-ELD880,SANDEEP KUMAR
2025-26,2,ELD881,2ELD881,12,0.0,0.0,24.0,P,MAJOR PROJECT PART II-ELD881,SANDEEP KUMAR
2025-26,2,ELD895,2ELD895,36,0.0,0.0,72.0,P,MS RESEARCH PROJECT-ELD895,SUBASHISH DATTA
2025-26,2,ELL1000,2ELL1000,4,2.0,1.0,2.0,AF,INTRODUCTION TO ELECTRICAL ENGINEERING-ELL1000,MANAV BHATNAGAR , SUBASHISH DATTA , SREYAM SINHA , HARSHAN JAGADEESH
2025-26,2,ELL1001,2ELL1001,4,3.0,1.0,0.0,B,CIRCUIT THEORY-ELL1001,ANKESH JAIN , SHOURIBRATA CHATTERJEE
2025-26,2,ELL1401,2ELL1401,4,3.0,0.0,2.0,B,DIGITAL ELECTRONICS-ELL1401,DHIMAN MALLICK , ANUJ DHAWAN
2025-26,2,ELL201,2ELL201,4.5,3.0,0.0,3.0,B,DIGITAL ELECTRONICS-ELL201,MANAN SURI , DHIMAN MALLICK
2025-26,2,ELL205,2ELL205,4,3.0,1.0,0.0,D,SIGNALS AND SYSTEMS-ELL205,ARPAN CHATTOPADHYAY , RANJAN KUMAR MALLIK
2025-26,2,ELL211,2ELL211,3,3.0,0.0,0.0,B,PHYSICAL ELECTRONICS-ELL211,SANTANU MANNA , SOUTIK BETAL
2025-26,2,ELL212,2ELL212,4,3.0,1.0,0.0,E,ENGINEERING ELECROMAGNETICS-ELL212,DEBIDAS KUNDU , AMARTANSH DUBEY
2025-26,2,ELL225,2ELL225,4,3.0,1.0,0.0,F,CONTROL ENGINEERING I-ELL225,PRIYANK SRIVASTAVA
2025-26,2,ELL231,2ELL231,3,3.0,0.0,0.0,A,POWER ELECTR. & ENERGY DEVICES-ELL231,BHASKAR MITRA
2025-26,2,ELL303,2ELL303,4,3.0,1.0,0.0,F,POWER ENGINEERING-I-ELL303,YASHASVI
2025-26,2,ELL312,2ELL312,3,3.0,0.0,0.0,A,SEMICONDUCTOR PROCESS TECH.-ELL312,MADHUSUDAN SINGH
2025-26,2,ELL319,2ELL319,4,3.0,0.0,2.0,J,DIGITAL SIGNAL PROCESSING-ELL319,LALAN KUMAR , SESHAN SRIRANGARAJAN
2025-26,2,ELL332,2ELL332,3,3.0,0.0,0.0,B,ELECTRIC DRIVES-ELL332,ANANDARUP DAS
2025-26,2,ELL365,2ELL365,3,3.0,0.0,0.0,B,EMBEDDED SYSTEMS-ELL365,TAPAN KUMAR GANDHI , KAUSHIK SAHA , SUMANTRA DUTTA ROY
2025-26,2,ELL400,2ELL400,3,3.0,0.0,0.0,H,POWER SYSTEMS PROTECTION-ELL400,ABHIJIT RAMCHANDRA ABHYANKAR
2025-26,2,ELL409,2ELL409,4,3.0,0.0,2.0,AB,MACHINE INTELLIGENCE & LEARNING-ELL409,SANDEEP KUMAR
2025-26,2,ELL411,2ELL411,4,3.0,0.0,2.0,AB,DIGITAL COMMUNICATIONS-ELL411,SHANKAR PRAKRIYA , AMOL CHOUDHARY
2025-26,2,ELL437,2ELL437,3,3.0,0.0,0.0,K,SWITCH MODE POWER CONVERSION-ELL437,SUMIT KUMAR PRAMANICK
2025-26,2,ELL7017,2ELL7017,3,3.0,0.0,0.0,A,FIBER-OPTIC COMMUNICATION SYSTEMS-ELL7017,AMOL CHOUDHARY
2025-26,2,ELL702,2ELL702,3,3.0,0.0,0.0,AB,NONLINEAR SYSTEMS-ELL702,DEEPAK UMAKANT PATIL
2025-26,2,ELL703,2ELL703,3,3.0,0.0,0.0,A,OPTIMAL CONTROL THEORY-ELL703,SHAUNAK SEN
2025-26,2,ELL704,2ELL704,3,3.0,0.0,0.0,B,ADVANCED ROBOTICS-ELL704,S. JANARDHANAN
2025-26,2,ELL7125,2ELL7125,3,3.0,0.0,0.0,B,CONTROL OF ROBOTIC SYSTEMS-ELL7125,S. JANARDHANAN
2025-26,2,ELL717,2ELL717,3,3.0,0.0,0.0,A,OPTICAL COMMUNICATION SYSTEMS-ELL717,AMOL CHOUDHARY
2025-26,2,ELL720,2ELL720,3,3.0,0.0,0.0,M,ADVANCED DIGITAL SIGNAL PROCES-ELL720,BREJESH LALL
2025-26,2,ELL725,2ELL725,3,3.0,0.0,0.0,J,WIRELESS COMMUNICATIONS-ELL725,SWADES KUMAR DE
2025-26,2,ELL7283,2ELL7283,3,3.0,0.0,0.0,H,EMBEDDED SYSTEMS-ELL7283,KAUSHIK SAHA , SUMANTRA DUTTA ROY , TAPAN KUMAR GANDHI
2025-26,2,ELL7285,2ELL7285,3,3.0,0.0,0.0,J,MACHINE LEARNING AND OPTIMIZATION-ELL7285,JAYADEVA
2025-26,2,ELL7286,2ELL7286,3,3.0,0.0,0.0,C,INTRODUCTION TO MACHINE LEARNING-ELL7286,SUMANTRA DUTTA ROY
2025-26,2,ELL730,2ELL730,3,3.0,0.0,0.0,A,I.C. TECHNOLOGY-ELL730,MADHUSUDAN SINGH
2025-26,2,ELL7303,2ELL7303,3,3.0,0.0,0.0,A,SEMICONDUCTOR DEVICE TECHNOLOGY-ELL7303,MADHUSUDAN SINGH
2025-26,2,ELL7305,2ELL7305,3,3.0,0.0,0.0,B,ANALOG IC DESIGN-ELL7305,MUKUL SARKAR
2025-26,2,ELL7308,2ELL7308,2,1.0,0.0,2.0,P,ELECTRONIC MEASUREMENTS-ELL7308,SHOURIBRATA CHATTERJEE
2025-26,2,ELL731,2ELL731,3,3.0,0.0,0.0,AB,MIXED SIGNAL CIRCUIT DESIGN-ELL731,RAKESH KUMAR PALANI
2025-26,2,ELL7314,2ELL7314,3,3.0,0.0,0.0,AB,VLSI DATA CONVERSION CIRCUIT DESIGN-ELL7314,RAKESH KUMAR PALANI
2025-26,2,ELL7328,2ELL7328,3,3.0,0.0,0.0,D,APPLIED VLSI DESIGN-ELL7328,KAUSHIK SAHA
2025-26,2,ELL7349,2ELL7349,3,3.0,0.0,0.0,M,SEMICONDUCTOR MEMORY DESIGN-ELL7349,KAUSHIK SAHA
2025-26,2,ELL7355,2ELL7355,3,3.0,0.0,0.0,AD,FREQUENCY SYNTHESIZER IC DESIGN-ELL7355,MUSTAFIJUR RAHMAN
2025-26,2,ELL738,2ELL738,3,3.0,0.0,0.0,M,MICRO AND NANO PHOTONICS-ELL738,ANUJ DHAWAN
2025-26,2,ELL7380,2ELL7380,3,3.0,0.0,0.0,M,MICRO- AND NANO- PHOTONICS-ELL7380,ANUJ DHAWAN
2025-26,2,ELL7411,2ELL7411,3,3.0,0.0,0.0,J,WIRELESS COMMUNICATIONS-ELL7411,SWADES KUMAR DE
2025-26,2,ELL7420,2ELL7420,3,3.0,0.0,0.0,M,ADVANCED DIGITAL SIGNAL PROCESSING-ELL7420,BREJESH LALL
2025-26,2,ELL7450,2ELL7450,4,3.0,0.0,2.0,F,MACHINE LEARNING FOR WIRELESS COMMUNICATIONS-ELL7450,GOURAB GHATAK
2025-26,2,ELL749,2ELL749,3,3.0,0.0,0.0,M,SEMICONDUCTOR MEMORY DESIGN-ELL749,KAUSHIK SAHA
2025-26,2,ELL7503,2ELL7503,4,3.0,0.0,2.0,M,ELECTRIC DRIVE SYSTEMS-ELL7503,KRISHAN KANT
2025-26,2,ELL7504,2ELL7504,3,3.0,0.0,0.0,H,DIGITAL CONTROL OF POWER ELECTRONIC SYSTEMS-ELL7504,SOUMYA SHUBHRA NAG
2025-26,2,ELL7505,2ELL7505,3,3.0,0.0,0.0,B,ELECTRIC VEHICLE SYSTEMS-ELL7505,AMIT KUMAR JAIN
2025-26,2,ELL7506,2ELL7506,3,3.0,0.0,0.0,K,SWITCHED-MODE POWER CONVERSION-ELL7506,SUMIT KUMAR PRAMANICK
2025-26,2,ELL7516,2ELL7516,3,3.0,0.0,0.0,F,COMPUTER AIDED DESIGN OF ELECTRICAL MACHINES-ELL7516,BHIM SINGH
2025-26,2,ELL7569,2ELL7569,4,3.0,0.0,2.0,B,ELECTRICAL SYSTEMS FOR CONSTRUCTION INDUSTRIES-ELL7569,MUMMADI VEERACHARY
2025-26,2,ELL760,2ELL760,3,3.0,0.0,0.0,K,SWITCHED MODE POWER CONVERSION-ELL760,SUMIT KUMAR PRAMANICK
2025-26,2,ELL7603,2ELL7603,3,3.0,0.0,0.0,F,ELEMENTS OF SMART AND SUSTAINABLE POWER SYSTEMS-ELL7603,NILANJAN SENROY , BIJAYA KETAN PANIGRAHI
2025-26,2,ELL7604,2ELL7604,3,3.0,0.0,0.0,A,ADVANCED DISTRIBUTION SYSTEM ANALYSIS-ELL7604,ANKIT SINGHAL
2025-26,2,ELL7605,2ELL7605,2,2.0,0.0,0.0,M,IMMERSION COURSE FOR INDUSTRY PRACTICES-ELL7605,ABHIJIT RAMCHANDRA ABHYANKAR
2025-26,2,ELL764,2ELL764,3,3.0,0.0,0.0,B,ELECTRIC VEHICLES-ELL764,AMIT KUMAR JAIN
2025-26,2,ELL769,2ELL769,4,3.0,0.0,2.0,B,ELECTRICAL SYSTEMS FOR CONSTRUCTION INDUSTRIES-ELL769,MUMMADI VEERACHARY
2025-26,2,ELL784,2ELL784,3,3.0,0.0,0.0,C,INTRODUCTION TO MACHINE LEARNI-ELL784,SUMANTRA DUTTA ROY
2025-26,2,ELL8014,2ELL8014,3,3.0,0.0,0.0,H,WIRELESS OPTICAL COMMUNICATION-ELL8014,ABHISHEK DIXIT
2025-26,2,ELL8100,2ELL8100,3,3.0,0.0,0.0,AB,NONLINEAR CONTROL SYSTEMS-ELL8100,DEEPAK UMAKANT PATIL
2025-26,2,ELL8101,2ELL8101,3,3.0,0.0,0.0,B,LEARNING-BASED CONTROL-ELL8101,SHUBHENDU BHASIN
2025-26,2,ELL8102,2ELL8102,3,3.0,0.0,0.0,A,OPTIMAL CONTROL-ELL8102,SHAUNAK SEN
2025-26,2,ELL814,2ELL814,3,3.0,0.0,0.0,H,WIRELESS OPTICAL COMMUNICATION-ELL814,ABHISHEK DIXIT
2025-26,2,ELL8224,2ELL8224,3,3.0,0.0,0.0,AC,INFORMATION VISUALIZATION-ELL8224,SOUGATA MUKHERJEA
2025-26,2,ELL8284,2ELL8284,3,3.0,0.0,0.0,AA,NATURAL LANGUAGE PROCESSING-ELL8284,TANMOY CHAKRABORTY
2025-26,2,ELL8287,2ELL8287,3,3.0,0.0,0.0,AB,CLOUD COMPUTING-ELL8287,SOUGATA MUKHERJEA
2025-26,2,ELL830,2ELL830,3,3.0,0.0,0.0,B,ISSUES IN DEEP SUBMICRON VLSI-ELL830,MUKUL SARKAR
2025-26,2,ELL834,2ELL834,3,3.0,0.0,0.0,AD,SELECTED TOPICS IN IEC-II-ELL834,MUSTAFIJUR RAHMAN
2025-26,2,ELL850,2ELL850,3,3.0,0.0,0.0,H,DIGITAL CONTROL OF POWER ELECT-ELL850,SOUMYA SHUBHRA NAG
2025-26,2,ELL880,2ELL880,3,3.0,0.0,0.0,AC,SPECIAL TOPICS IN COMPUTERS 1-ELL880,SOUGATA MUKHERJEA
2025-26,2,ELL884,2ELL884,3,3.0,0.0,0.0,AA,DEEP LEARNING FOR NATURAL LANGUAGE PROCESSING-ELL884,TANMOY CHAKRABORTY
2025-26,2,ELL887,2ELL887,3,3.0,0.0,0.0,AB,CLOUD COMPUTING-ELL887,SOUGATA MUKHERJEA
2025-26,2,ELN7001,2ELN7001,4,0.0,0.0,8.0,P,TEACHING AND RESEARCH PRACTICUM-ELN7001,SUBASHISH DATTA
2025-26,2,ELP203,2ELP203,1.5,0.0,0.0,3.0,F,ELECTROMECHANICS LABORATORY-ELP203,SUMIT KUMAR PRAMANICK , SOUMYA SHUBHRA NAG , KRISHAN KANT
2025-26,2,ELP302,2ELP302,1.5,0.0,0.0,3.0,D,POWER ELECTRONICS LABORATORY-ELP302,ANANDARUP DAS , KRISHAN KANT , MUMMADI VEERACHARY
2025-26,2,ELP305,2ELP305,1.5,0.0,0.0,3.0,E,DESIGN AND SYSTEM LABORATORY-ELP305,SUBRAT KAR
2025-26,2,ELP311,2ELP311,1,0.0,0.0,2.0,C,COMMUNICATION ENGINEERING LAB.-ELP311,DEBIDAS KUNDU , BREJESH LALL , SWADES KUMAR DE , AMARTANSH DUBEY
2025-26,2,ELP720,2ELP720,3,0.0,1.0,4.0,P,TELECOMMUNICATION NETWORKS LABORATORY-ELP720,SUBRAT KAR
2025-26,2,ELP725,2ELP725,3,0.0,1.0,4.0,P,WIRELESS COMMUNICATION LABORAT-ELP725,MONIKA AGGARWAL
2025-26,2,ELP7342,2ELP7342,3,0.0,0.0,6.0,P,ON-WAFER DEVICE CHARACTERIZATION LABORATORY.-ELP7342,ABHISEK DIXIT
2025-26,2,ELP736,2ELP736,3,0.0,0.0,6.0,P,PHYSICAL DESIGN LABORATORY-ELP736,KAUSHIK SAHA , JAYADEVA
2025-26,2,ELP740,2ELP740,3,0.0,0.0,6.0,P,ON-WAFER DEVICE CHARACTERIZATION LABORATORY-ELP740,ABHISEK DIXIT
2025-26,2,ELP7420,2ELP7420,3,0.0,1.0,4.0,P,TELECOMMUNICATION NETWORKS LABORATORY-ELP7420,SUBRAT KAR
2025-26,2,ELP7503,2ELP7503,1.5,0.0,0.0,3.0,P,ELECTRIC VEHICLE AND DRIVES LABORATORY-ELP7503,AMIT KUMAR JAIN
2025-26,2,ELP7504,2ELP7504,1.5,0.0,0.0,3.0,P,DIGITAL CONTROL OF POWER CONVERTERS LAB-ELP7504,SOUMYA SHUBHRA NAG
2025-26,2,ELP7601,2ELP7601,2,0.0,0.0,4.0,P,POWER SYSTEM DYNAMICS, OPERATION AND CONTROL LAB-ELP7601,NILANJAN SENROY
2025-26,2,ELP7602,2ELP7602,2,0.0,0.0,4.0,P,SMART GRID LABORATORY-ELP7602,BIJAYA KETAN PANIGRAHI
2025-26,2,ELP801,2ELP801,2,0.0,0.0,4.0,P,ADVANCED CONTROL LABORATORY-ELP801,SHAUNAK SEN
2025-26,2,ELP8100,2ELP8100,4,0.0,1.0,6.0,P,SYSTEMS LEARNING &AMP; CONTROL LABORATORY-ELP8100,SHAUNAK SEN
2025-26,2,ELP832,2ELP832,3,0.0,0.0,6.0,P,IEC LABORATORY-II-ELP832,JAYADEVA
2025-26,2,ELP853,2ELP853,1.5,0.0,0.0,3.0,P,DSP BASED CONTROL OF POWER ELE-ELP853,SOUMYA SHUBHRA NAG
2025-26,2,ELQ301,2ELQ301,1,0.0,0.0,2.0,X,SEMINAR COURSE - I-ELQ301,ANKESH JAIN
2025-26,2,ELS310,2ELS310,3,0.0,3.0,0.0,X,INDEPENDENT STUDY (EE1)-ELS310,ANKESH JAIN
2025-26,2,ELS330,2ELS330,3,0.0,3.0,0.0,X,INDEPENDENT STUDY (EE3)-ELS330,ANKESH JAIN
2025-26,2,JOL7093,2JOL7093,3,3.0,0.0,0.0,X,SELECTED TOPICS - 1-JOL7093,VIVEK VENKATARAMAN
2025-26,2,JOL793,2JOL793,3,3.0,0.0,0.0,X,SELECTED TOPICS-I-JOL793,VIVEK VENKATARAMAN
2025-26,2,JVD811,2JVD811,12,0.0,0.0,24.0,P,MAJOR PROJECT PART-I-JVD811,ANKESH JAIN
2025-26,2,JVD812,2JVD812,12,0.0,0.0,24.0,P,MAJOR PROJECT PART-II-JVD812,ANKESH JAIN
2025-26,2,JVD895,2JVD895,36,0.0,0.0,72.0,X,MS RESEARCH PROJECT-JVD895,ANKESH JAIN
2025-26,2,ESD400,2ESD400,3,0.0,0.0,6.0,P,B.TECH. PROJECT-I-ESD400,SATYANANDA KAR
2025-26,2,ESD406,2ESD406,9,0.0,0.0,18.0,P,B.TECH. PROJECT-II-ESD406,SATYANANDA KAR
2025-26,2,ESD7951,2ESD7951,5,0.0,0.0,10.0,P,CORNERSTONE PROJECT (WINTER)-ESD7951,RAHUL GOYAL
2025-26,2,ESD7952,2ESD7952,5,0.0,0.0,10.0,P,CORNERSTONE PROJECT (WINTER)-ESD7952,SNEHASISH PANIGRAHY
2025-26,2,ESD801,2ESD801,6,0.0,0.0,12.0,P,MAJOR PROJECT PART I [ESN]-ESD801,RAHUL GOYAL
2025-26,2,ESD802,2ESD802,12,0.0,0.0,24.0,P,MAJOR PROJECT PART II [ESN]-ESD802,RAHUL GOYAL
2025-26,2,ESD851,2ESD851,6,0.0,0.0,12.0,P,MAJOR PROJECT PART I [ESR]-ESD851,SNEHASISH PANIGRAHY
2025-26,2,ESD852,2ESD852,12,0.0,0.0,24.0,P,MAJOR PROJECT PART II [ESR]-ESD852,SNEHASISH PANIGRAHY
2025-26,2,ESD8901,2ESD8901,6,0.0,0.0,12.0,P,MAJOR PROJECT PART-I (ESN)-ESD8901,RAHUL GOYAL
2025-26,2,ESD8902,2ESD8902,12,0.0,0.0,24.0,P,MAJOR PROJECT PART-II (ESN)-ESD8902,RAHUL GOYAL
2025-26,2,ESD895,2ESD895,36,0.0,0.0,72.0,P,MS RESEARCH PROJECT-ESD895,SUBHENDU DUTTA
2025-26,2,ESD8951,2ESD8951,6,0.0,0.0,12.0,P,MAJOR PROJECT PART-I (ESR)-ESD8951,SNEHASISH PANIGRAHY
2025-26,2,ESL200,2ESL200,5,3.0,1.0,2.0,D,FUNDAMENTALS OF ENERGY ENGINEERING-ESL200,BIBHUTI BHUSAN SAHU , S K TYAGI
2025-26,2,ESL262,2ESL262,3,3.0,0.0,0.0,B,ELECTRICAL MACHINES-ESL262,SUMIT KUMAR CHATTOPADHYAY
2025-26,2,ESL300,2ESL300,3,3.0,0.0,0.0,J,SELF-ORGANIZING DYNAMICAL SYSTEMS-ESL300,MRS. R. UMA
2025-26,2,ESL330,2ESL330,4,3.0,1.0,0.0,D,ENERGY, ECOLOGY AND ENVIRONMENT-ESL330,SATYANANDA KAR
2025-26,2,ESL350,2ESL350,3,3.0,0.0,0.0,E,ENERGY CONSERVATION MANAGEMENT-ESL350,S K TYAGI , SUBHENDU DUTTA
2025-26,2,ESL352,2ESL352,3,3.0,0.0,0.0,H,HYDROGEN ECONOMY-ESL352,K.A. SUBRAMANIAN
2025-26,2,ESL361,2ESL361,3,3.0,0.0,0.0,C,POWER SYSTEMS AND SMART GRID OPERATIONS-ESL361,RABINDRA MOHANTY
2025-26,2,ESL371,2ESL371,4,3.0,1.0,0.0,E,DESIGN OF ENERGY SYSTEMS-ESL371,SNEHASISH PANIGRAHY , SUMIT KUMAR CHATTOPADHYAY
2025-26,2,ESL373,2ESL373,4,3.0,0.0,2.0,F,COMPUTATIONAL METHODS FOR ENERGY SYSTEMS-ESL373,KAUSHIK SAHA , SUJEET YADAV
2025-26,2,ESL7002,2ESL7002,3,3.0,0.0,0.0,L,INTRODUCTION TO THE PROJECT MANAGEMENT-ESL7002,TRILOK SINGH
2025-26,2,ESL7176,2ESL7176,3,3.0,0.0,0.0,B,INDUSTRIAL ENERGY &AMP; ENVIRONMENT ANALYSIS-ESL7176,K.A. SUBRAMANIAN
2025-26,2,ESL7184,2ESL7184,3,3.0,0.0,0.0,C,COGENERATION AND ENERGY EFFICIENCY-ESL7184,SUJEET YADAV
2025-26,2,ESL721,2ESL721,3,3.0,0.0,0.0,M,PULSE WIDTH MODULATION TECHNIQUES AND AC MOTOR DRIVES-ESL721,AVANISH TRIPATHI
2025-26,2,ESL729,2ESL729,3,3.0,0.0,0.0,F,RENEWABLE ENERGY AND ENVIRONMENT-ESL729,BIBHUTI BHUSAN SAHU
2025-26,2,ESL7329,2ESL7329,3,3.0,0.0,0.0,F,RENEWABLE ENERGY AND ENVIRONMENT-ESL7329,BIBHUTI BHUSAN SAHU
2025-26,2,ESL7368,2ESL7368,3,3.0,0.0,0.0,AB,WIND AND SMALL HYDRO ENERGY SYSTEMS-ESL7368,RAHUL GOYAL
2025-26,2,ESL744,2ESL744,3,3.0,0.0,0.0,A,PLASMA FOR ENERGY AND ENVIRONMENT-ESL744,RAMESH NARAYANAN
2025-26,2,ESL756,2ESL756,3,3.0,0.0,0.0,E,ENERGY POLICY AND PLANNING-ESL756,TRILOK SINGH
2025-26,2,ESL768,2ESL768,3,3.0,0.0,0.0,AB,WIND & SMALL HYDRO ENERGY SYSTEMS-ESL768,RAHUL GOYAL
2025-26,2,ESL773,2ESL773,3,3.0,0.0,0.0,H,BATTERY STORAGE-ESL773,VIPIN KUMAR
2025-26,2,ESL774,2ESL774,3,3.0,0.0,0.0,D,QUANTITATIVE METHODS FORENERGY MANAGEMENT & PLG.-ESL774,DEBAPRASAD SAHU
2025-26,2,ESL776,2ESL776,3,3.0,0.0,0.0,B,INDUSTRIAL ENERGY & ENVIRONMENT ANALYSI-ESL776,K.A. SUBRAMANIAN
2025-26,2,ESL7774,2ESL7774,3,3.0,0.0,0.0,D,QUANTITATIVE METHODS FOR ENERGY MANAGEMENT AND PLANNING-ESL7774,DEBAPRASAD SAHU
2025-26,2,ESL784,2ESL784,3,3.0,0.0,0.0,C,COGENERATION AND ENERGY EFFICIENCY-ESL784,SUJEET YADAV , SNEHASISH PANIGRAHY
2025-26,2,ESL852,2ESL852,3,3.0,0.0,0.0,F,EMERGING MATERIALS FOR NEXT GENERATION PHOTOVALTAIC APPLICATIONS-ESL852,SUPRAVAT KARAK
2025-26,2,ESL855,2ESL855,3,3.0,0.0,0.0,C,SOLAR PHOTOVOLTAIC POWER GENERATION-ESL855,SUBHENDU DUTTA
2025-26,2,ESN7001,2ESN7001,1,1.0,0.0,0.0,X,ETHICS IN SCIENCE AND ENGINEERING-ESN7001,VAMSI KRISHNA KOMARALA
2025-26,2,ESN7003,2ESN7003,1,1.0,0.0,0.0,X,TECHNICAL WRITING-ESN7003,VAMSI KRISHNA KOMARALA
2025-26,2,ESP260,2ESP260,1.5,0.0,0.0,3.0,P,ELECTRICAL ENERGY LABORATORY-ESP260,SUBHENDU DUTTA
2025-26,2,ESP300,2ESP300,1.5,0.0,0.0,3.0,P,ENERGY INNOVATION LABORATORY-ESP300,ARIHANT BHANDARI , AVANISH TRIPATHI
2025-26,2,ESP705,2ESP705,3,0.0,0.0,6.0,P,RENEWABLE ENERGY LABORATORY-ESP705,SUMIT KUMAR CHATTOPADHYAY , SUJEET YADAV
2025-26,2,ESP7128,2ESP7128,3,0.0,0.0,6.0,P,ENERGY &AMP; ENVIRONMENT LABORATORY-ESP7128,SUJEET YADAV
2025-26,2,ESP728,2ESP728,3,0.0,0.0,6.0,P,ENERGY & ENVIRONMENT LABORATORY-ESP728,SUJEET YADAV
2025-26,2,HSD5001,2HSD5001,3,0.0,0.0,6.0,X,MA RESEARCH PROJECT PART - I-HSD5001,ARUDRA VENKATA BURRA
2025-26,2,HSD5067,2HSD5067,3,0.0,0.0,6.0,X,CORNERSTONE PROJECT-HSD5067,SUMITAVA MUKHERJEE
2025-26,2,HSD622,2HSD622,9,0.0,0.0,18.0,X,COGNITIVE SCIENCE PROJECT II-HSD622,SUMITASH JANA
2025-26,2,HSD692,2HSD692,13,0.0,0.0,26.0,X,RESEARCH PROJECT PART - III-HSD692,ARUDRA VENKATA BURRA
2025-26,2,HSD700,2HSD700,3,0.0,0.0,6.0,X,SEMINAR (CASE MATERIAL-BASED)MINOR PROJECT-HSD700,SAHIINII LEMAINA VEIKHO
2025-26,2,HSD8200,2HSD8200,3,0.0,0.0,6.0,X,MINOR PROJECT IN HUMANITIES AND SOCIAL SCIENCES-HSD8200,SAHIINII LEMAINA VEIKHO
2025-26,2,HSL5004,2HSL5004,3,3.0,0.0,0.0,B,CONTEMPORARY SOCIAL THEORY-HSL5004,SARBESWAR SAHOO
2025-26,2,HSL5006,2HSL5006,3,3.0,0.0,0.0,AB,POLITICAL THOUGHT-HSL5006,SANIL V.
2025-26,2,HSL5065,2HSL5065,4,3.0,1.0,0.0,B,LANGUAGE COMPUTATIONS AND MENTAL ARCHITECTURE-HSL5065,PRITHA CHANDRA
2025-26,2,HSL5066,2HSL5066,4,3.0,0.0,2.0,AA,COGNITIVE NEUROSCIENCE-HSL5066,SUMITASH JANA
2025-26,2,HSL574,2HSL574,2,2.0,0.0,0.0,AA,DIMENSIONS OF LANGUAGE-HSL574,DIVYA DWIVEDI
2025-26,2,HSL581,2HSL581,2,1.0,0.0,2.0,X,ARCHIVAL METHODS-HSL581,ARUDRA VENKATA BURRA
2025-26,2,HSL6011,2HSL6011,4,3.0,1.0,0.0,AC,MICROECONOMICS II-HSL6011,ABHIJIT BANERJI
2025-26,2,HSL6012,2HSL6012,4,3.0,1.0,0.0,B,MACROECONOMICS II-HSL6012,DEBASIS MONDAL
2025-26,2,HSL6013,2HSL6013,4,3.0,0.0,2.0,AB,ECONOMETRICS-HSL6013,ANKUSH AGRAWAL
2025-26,2,HSL6014,2HSL6014,3,3.0,0.0,0.0,J,DEVELOPMENT ECONOMICS-HSL6014,REETIKA SUBHASH KHERA
2025-26,2,HSL6204,2HSL6204,3,3.0,0.0,0.0,H,IDEAS OF FREEDOM-HSL6204,BHARATI PURI
2025-26,2,HSL633,2HSL633,3,3.0,0.0,0.0,J,THE LYRIC POET IN MODERNITY-HSL633,MILIND WAKANKAR
2025-26,2,HSL6450,2HSL6450,3,3.0,0.0,0.0,J,LYRIC POETRY-HSL6450,MILIND WAKANKAR
2025-26,2,HSL6510,2HSL6510,3,3.0,0.0,0.0,AD,PHILOSOPHY OF MIND AND COGNITION-HSL6510,DON WALLACE FREEMAN DCRUZ
2025-26,2,HSL654,2HSL654,3,3.0,0.0,0.0,H,IDEAS OF FREEDOM-HSL654,BHARATI PURI
2025-26,2,HSL6684,2HSL6684,3,3.0,0.0,0.0,AD,GENDER AND SEXUALITY-HSL6684,SIMONA SAWHNEY
2025-26,2,HSL6690,2HSL6690,3,3.0,0.0,0.0,X,ANTHROPOCENE AND ITS DISCONTENTS-HSL6690,RICHA KUMAR
2025-26,2,HSL684,2HSL684,3,3.0,0.0,0.0,AD,QUEERING GENDER AND SEXUALITY: DEBATES AND ISSUES FROM INDIA-HSL684,SIMONA SAWHNEY
2025-26,2,HSL690,2HSL690,3,3.0,0.0,0.0,X,Anthropocene and its Discontents-HSL690,RICHA KUMAR
2025-26,2,HSL706,2HSL706,3,3.0,0.0,0.0,X,STRATIFICATION ECONOMICS-HSL706,ISHAN ANAND
2025-26,2,HSL7118,2HSL7118,3,3.0,0.0,0.0,X,STRATIFICATION ECONOMICS-HSL7118,ISHAN ANAND
2025-26,2,HSL7120,2HSL7120,3,3.0,0.0,0.0,M,ADVANCED ECONOMETRICS-HSL7120,SISIR DEBNATH
2025-26,2,HSL719,2HSL719,3,3.0,0.0,0.0,M,ADVANCED ECONOMETRICS-HSL719,SISIR DEBNATH
2025-26,2,HSL7201,2HSL7201,3,3.0,0.0,0.0,X,HISTORICAL CONCEPTS AND METHODS-HSL7201,SUNNY KUMAR
2025-26,2,HSL7435,2HSL7435,3,3.0,0.0,0.0,X,CRITICAL CASTE STUDIES: CULTURE, SOCIETY, AND THOUGHT-HSL7435,DICKENS LEONARD M
2025-26,2,HSL748,2HSL748,3,3.0,0.0,0.0,F,NATURAL LANGUAGE UNDERSTANDING-HSL748,ASHWINI J VAIDYA
2025-26,2,HSL7500,2HSL7500,3,3.0,0.0,0.0,X,CRITICAL READING IN PHILOSOPHICAL TEXTS-HSL7500,ARUDRA VENKATA BURRA
2025-26,2,HSL751,2HSL751,3,3.0,0.0,0.0,X,CRITICAL READING IN PHILOSOPHICAL TEXTS-HSL751,ARUDRA VENKATA BURRA
2025-26,2,HSL755,2HSL755,3,3.0,0.0,0.0,X,FASCISM: PHILOSOPHICALPERSPECTIVES-HSL755,SANIL V.
2025-26,2,HSL7555,2HSL7555,3,3.0,0.0,0.0,X,FASCISM:PHILOSOPHICAL PERSPECTIVES-HSL7555,SANIL V.
2025-26,2,HSL7611,2HSL7611,3,3.0,0.0,0.0,AA,ANTHROPOLOGY OF DISABILITY-HSL7611,VINAY SUHALKA
2025-26,2,HSL764,2HSL764,3,3.0,0.0,0.0,X,PSYCHOLOGICAL INTERVENTIONS-HSL764,KAMLESH SINGH
2025-26,2,HSL7641,2HSL7641,3,2.0,1.0,0.0,X,PSYCHOLOGICAL INTERVENTIONS-HSL7641,KAMLESH SINGH
2025-26,2,HSL7676,2HSL7676,3,3.0,0.0,0.0,B,AFFECTIVE SCIENCE-HSL7676,VARSHA SINGH
2025-26,2,HSL7702,2HSL7702,3,3.0,0.0,0.0,F,COMPUTATIONAL LINGUISTICS-HSL7702,ASHWINI J VAIDYA
2025-26,2,HSL7703,2HSL7703,3,2.0,0.0,2.0,M,DATA-DRIVEN ANALYSIS AND TOOLS FOR LINGUISTIC RESEARCH-HSL7703,SAHIINII LEMAINA VEIKHO
2025-26,2,HSL7901,2HSL7901,3,3.0,0.0,0.0,AB,COMPUTATIONAL COGNITION-HSL7901,SUMEET AGARWAL
2025-26,2,HSL7910,2HSL7910,3,3.0,0.0,0.0,AC,HUMAN LEARNING-HSL7910,SAMAR HUSAIN
2025-26,2,HSL7911,2HSL7911,4,3.0,0.0,2.0,AA,PRINCIPLES OF COGNITIVE NEUROSCIENCE-HSL7911,SUMITASH JANA
2025-26,2,HSL8103,2HSL8103,3,1.0,0.0,4.0,X,RESEARCH METHODS IN ECONOMICS-HSL8103,REETIKA SUBHASH KHERA
2025-26,2,HSL8200,2HSL8200,3,3.0,0.0,0.0,AB,NARRATOLOGY: FOUNDATIONS, DOMAINS, FRONTIERS-HSL8200,DIVYA DWIVEDI
2025-26,2,HSL834,2HSL834,3,3.0,0.0,0.0,X,LITERATURE AND THE CITY-HSL834,STUTI KHANNA
2025-26,2,HSL8434,2HSL8434,3,3.0,0.0,0.0,X,LITERATURE AND THE CITY-HSL8434,STUTI KHANNA
2025-26,2,HSL8501,2HSL8501,3,3.0,0.0,0.0,X,BUDDHIST PHILOSOPHY-HSL8501,BHARATI PURI
2025-26,2,HSL8708,2HSL8708,3,3.0,0.0,0.0,X,ADVANCED TOPICS IN PSYCHOLOGY-HSL8708,YASHPAL ASHOKRAO JOGDAND
2025-26,2,HSL8901,2HSL8901,3,3.0,0.0,0.0,X,APPROACHES IN SCIENCE AND TECHNOLOGY STUDIES-HSL8901,NAVEEN THAYYIL KAMALUDDIN
2025-26,2,HSN5002,2HSN5002,4,0.0,1.0,6.0,X,WRITING WORKSHOP-HSN5002,ARUDRA VENKATA BURRA
2025-26,2,HSN590,2HSN590,4,1.0,0.0,6.0,X,WRITING WORKSHOP-HSN590,ARUDRA VENKATA BURRA
2025-26,2,HSP5011,2HSP5011,4,0.0,0.0,8.0,X,ECONOMICS LAB-HSP5011,ROHIT KUMAR
2025-26,2,HSP523,2HSP523,2,0.0,0.0,4.0,X,COGNITIVE SCIENCE LECTURE SERIES II-HSP523,SUMITAVA MUKHERJEE
2025-26,2,HSP620,2HSP620,9,0.0,0.0,18.0,X,RESEARCH PROJECT IN ECONOMICS II-HSP620,ABHIJIT BANERJI
2025-26,2,HSQ504,2HSQ504,1,1.0,0.0,0.0,X,HSS COLLOQUIUM-IV-HSQ504,ARUDRA VENKATA BURRA
2025-26,2,HST5005,2HST5005,5,2.0,0.0,6.0,F,INTRODUCTION TO RESEARCH METHODS-HST5005,SAVYASAACHI , SANIL V.
2025-26,2,HST5206,2HST5206,2,2.0,0.0,0.0,AA,DIMENSIONS OF LANGUAGE-HST5206,DIVYA DWIVEDI
2025-26,2,HUL211,2HUL211,4,3.0,1.0,0.0,A,INTRODUCTION TO ECONOMICS-HUL211,DEBASIS MONDAL , SNEHA LAMBA
2025-26,2,HUL212,2HUL212,4,3.0,1.0,0.0,M,MICROECONOMICS-HUL212,ABHIJIT BANERJI , ROHIT KUMAR
2025-26,2,HUL231,2HUL231,4,3.0,1.0,0.0,M,AN INTRODUCTION TO LITERATURE-HUL231,DIVYA DWIVEDI
2025-26,2,HUL232,2HUL232,4,3.0,1.0,0.0,M,MODERN INDIAN FICTION IN TRANSLATION-HUL232,STUTI KHANNA
2025-26,2,HUL242,2HUL242,4,3.0,1.0,0.0,A,FUNDAMENTALS OF LANGUAGE SCIENCES-HUL242,DEEPAK ALOK
2025-26,2,HUL253,2HUL253,4,3.0,1.0,0.0,M,MORAL LITERACY AND MORAL CHOICES-HUL253,TSERING NURBOO
2025-26,2,HUL261,2HUL261,4,3.0,1.0,0.0,M,INTRODUCTION TO PSYCHOLOGY-HUL261,PURNIMA SINGH
2025-26,2,HUL263,2HUL263,4,3.0,1.0,0.0,A,INTRODUCTION TO BEHAVIOURAL NEUROSCIENCE-HUL263,SUMITASH JANA
2025-26,2,HUL271,2HUL271,4,3.0,1.0,0.0,A,INTRODUCTION TO SOCIOLOGY-HUL271,SARBESWAR SAHOO
2025-26,2,HUL271,2HUL271,4,3.0,1.0,0.0,M,INTRODUCTION TO SOCIOLOGY-HUL271,VINAY SUHALKA
2025-26,2,HUL272,2HUL272,4,3.0,1.0,0.0,H,INTRODUCTION TO THE SOCIOLOGY OF INDIA-HUL272,MADHULIKA SONKAR
2025-26,2,HUL275,2HUL275,4,3.0,1.0,0.0,J,ENVIRONMENT; DEVELOPMENT AND SOCIETY-HUL275,RICHA KUMAR
2025-26,2,HUL281,2HUL281,4,3.0,1.0,0.0,M,TECHNOLOGY AND GOVERNANCE-HUL281,NAVEEN THAYYIL KAMALUDDIN
2025-26,2,HUL289,2HUL289,4,3.0,1.0,0.0,A,PERSPECTIVE ON SCIENCE TECHNOLOGY & HUMAN DEVPT-HUL289,AMBUJ D. SAGAR , MONIKA MAKWANA
2025-26,2,HUL311,2HUL311,3,3.0,0.0,0.0,A,APPLIED GAME THEORY-HUL311,RAKESH CHATURVEDI
2025-26,2,HUL315,2HUL315,3,3.0,0.0,0.0,M,ECONOMETRIC METHODS-HUL315,SOURABH BIKAS PAUL
2025-26,2,HUL335,2HUL335,3,3.0,0.0,0.0,M,INDIAN THEATRE-HUL335,SIMONA SAWHNEY
2025-26,2,HUL374,2HUL374,3,3.0,0.0,0.0,M,NATIONS AND NATIONALISM-HUL374,SUNNY KUMAR
2025-26,2,HUL381,2HUL381,3,3.0,0.0,0.0,M,MIND, MACHINES AND LANGUAGE-HUL381,SAMAR HUSAIN
2025-26,2,HUL870,2HUL870,3,3.0,0.0,0.0,X,ADVANCED TOPICS IN PSYCHOLOGY-HUL870,YASHPAL ASHOKRAO JOGDAND
2025-26,2,HUL876,2HUL876,3,3.0,0.0,0.0,X,ETHNOGRAPHY: THEORY, PRACTICE AND CRITIQUE-HUL876,RAVINDER KAUR
2025-26,2,HUV747,2HUV747,2,2.0,0.0,0.0,M,DATA-DRIVEN ANALYSIS AND TOOLS FOR LINGUISTIC RESEARCH-HUV747,SAHIINII LEMAINA VEIKHO
2025-26,2,MDD801,2MDD801,3,0.0,0.0,6.0,P,MBA PROJECT-MDD801,ERI IKEDA
2025-26,2,MDD802,2MDD802,3,0.0,0.0,6.0,P,MBA PROJECT-MDD802,ERI IKEDA
2025-26,2,MDD803,2MDD803,3,0.0,0.0,6.0,P,MBA PROJECT-MDD803,ERI IKEDA
2025-26,2,MDL804,2MDL804,1.5,1.5,0.0,0.0,T1,BEHAVIORAL FINANCE-MDL804,SONALI JAIN
2025-26,2,MDL810,2MDL810,3,3.0,0.0,0.0,R,CONSUMER BEHAVIOR-MDL810,BISWAJITA PARIDA
2025-26,2,MSD309,2MSD309,1.5,0.0,0.0,3.0,P,BUSINESS PLAN & FUNDING-MSD309,SEEMA SHARMA
2025-26,2,MSL301,2MSL301,3,3.0,0.0,0.0,M,ORGANIZATION AND PEOPLE MANAGEMENT-MSL301,VIVEK G NAIR
2025-26,2,MSL303,2MSL303,3,3.0,0.0,0.0,A,MARKETING MANAGEMENT-MSL303,AVINASH JAIN
2025-26,2,MSL304,2MSL304,3,3.0,0.0,0.0,S,MANAGING OPERATIONS-MSL304,GOURAV DWIVEDI
2025-26,2,MSL307,2MSL307,3,3.0,0.0,0.0,R,VENTURE FINANCING & TEAMING-MSL307,SHVETA SINGH
2025-26,2,MSL407,2MSL407,3,3.0,0.0,0.0,U,CORPORATE INNOVATION & ENTREPRENEURSHIP-MSL407,JITENDER MADAAN
2025-26,2,MSL7023,2MSL7023,3,3.0,0.0,0.0,A,TELECOMMUNICATIONS SYSTEMS MANAGEMENT-MSL7023,MAHIM SAGAR
2025-26,2,MSL705,2MSL705,1.5,1.5,0.0,0.0,AA1,HRM SYSTEMS-MSL705,KANIKA TANDON BHAL
2025-26,2,MSL705,2MSL705,1.5,1.5,0.0,0.0,AB1,HRM SYSTEMS-MSL705,KANIKA TANDON BHAL
2025-26,2,MSL705,2MSL705,1.5,1.5,0.0,0.0,V2,HRM SYSTEMS-MSL705,KANIKA TANDON BHAL
2025-26,2,MSL706,2MSL706,3,3.0,0.0,0.0,AA,BUSINESS LAWS-MSL706,SONALI JAIN
2025-26,2,MSL706,2MSL706,3,3.0,0.0,0.0,AB,BUSINESS LAWS-MSL706,SONALI JAIN
2025-26,2,MSL708,2MSL708,3,3.0,0.0,0.0,A,FINANCIAL MANAGEMENT-MSL708,NEERU CHAUDHRY
2025-26,2,MSL708,2MSL708,3,3.0,0.0,0.0,C,FINANCIAL MANAGEMENT-MSL708,SONALI JAIN
2025-26,2,MSL711,2MSL711,3,3.0,0.0,0.0,B,STRATEGIC MANAGEMENT-MSL711,SANJAY DHIR
2025-26,2,MSL711,2MSL711,3,3.0,0.0,0.0,D,STRATEGIC MANAGEMENT-MSL711,SANJAY DHIR
2025-26,2,MSL713,2MSL713,3,3.0,0.0,0.0,AA,INFORMATION SYSTEMS MANAGEMENT-MSL713,AGAM GUPTA
2025-26,2,MSL713,2MSL713,3,3.0,0.0,0.0,AD,INFORMATION SYSTEMS MANAGEMENT-MSL713,AGAM GUPTA
2025-26,2,MSL713,2MSL713,3,3.0,0.0,0.0,R,INFORMATION SYSTEMS MANAGEMENT-MSL713,ARPAN KUMAR KAR
2025-26,2,MSL720,2MSL720,3,3.0,0.0,0.0,F,MACROECONOMIC ENV. OF BUSINESS-MSL720,ERI IKEDA
2025-26,2,MSL720,2MSL720,3,3.0,0.0,0.0,J,MACROECONOMIC ENV. OF BUSINESS-MSL720,SEEMA SHARMA
2025-26,2,MSL720,2MSL720,3,3.0,0.0,0.0,U,MACROECONOMIC ENV. OF BUSINESS-MSL720,AMLENDU KUMAR DUBEY
2025-26,2,MSL721,2MSL721,3,3.0,0.0,0.0,U,ECONOMETRICS-MSL721,PARAS SACHDEVA
2025-26,2,MSL723,2MSL723,3,3.0,0.0,0.0,A,TELECOM SYSTEMS MANAGEMENT-MSL723,MAHIM SAGAR
2025-26,2,MSL727,2MSL727,1.5,1.5,0.0,0.0,AC1,INTERPERSONAL BEHAVIOR & TEAM DYNAMICS-MSL727,SHUCHI SINHA
2025-26,2,MSL727,2MSL727,1.5,1.5,0.0,0.0,AD1,INTERPERSONAL BEHAVIOR & TEAM DYNAMICS-MSL727,SHUCHI SINHA
2025-26,2,MSL727,2MSL727,1.5,1.5,0.0,0.0,V1,INTERPERSONAL BEHAVIOR & TEAM DYNAMICS-MSL727,VIVEK MISHRA
2025-26,2,MSL728,2MSL728,3,3.0,0.0,0.0,D,INTERNATIONAL TELECOM MANAGEMENT-MSL728,HARISH CHAUDHRY
2025-26,2,MSL733,2MSL733,1.5,1.5,0.0,0.0,AB1,ORGANIZATION THEORY-MSL733,VIVEK MISHRA
2025-26,2,MSL733,2MSL733,1.5,1.5,0.0,0.0,AC1,ORGANIZATION THEORY-MSL733,VIVEK MISHRA
2025-26,2,MSL735,2MSL735,3,3.0,0.0,0.0,AB,QUALITATIVE METHODS IN MANAGEMENT-MSL735,VIVEK G NAIR
2025-26,2,MSL745,2MSL745,3,3.0,0.0,0.0,B,OPERATIONS MANAGEMENT-MSL745,RAVI SHANKAR
2025-26,2,MSL745,2MSL745,3,3.0,0.0,0.0,D,OPERATIONS MANAGEMENT-MSL745,SURYA PRAKASH SINGH
2025-26,2,MSL745,2MSL745,3,3.0,0.0,0.0,T,OPERATIONS MANAGEMENT-MSL745,PRASANNA R
2025-26,2,MSL760,2MSL760,3,3.0,0.0,0.0,S,MARKETING MANAGEMENT-MSL760,BISWAJITA PARIDA
2025-26,2,MSL782,2MSL782,1.5,1.5,0.0,0.0,T2,BUSINESS CYCLES AND GLOBAL ECONOMY-MSL782,ERI IKEDA
2025-26,2,MSL802,2MSL802,3,3.0,0.0,0.0,U,MGMT. OF INTELLECTUAL PR. RIG.-MSL802,ERI IKEDA
2025-26,2,MSL805,2MSL805,3,3.0,0.0,0.0,T,SERVICES OPERATIONS MANAGEMENT-MSL805,RAVI SHANKAR
2025-26,2,MSL806,2MSL806,3,3.0,0.0,0.0,R,MERGERS & ACQUISITIONS-MSL806,SMITA KASHIRAMKA
2025-26,2,MSL818,2MSL818,3,3.0,0.0,0.0,S,INDUSTRIAL WASTE MANAGEMENT-MSL818,JITENDER MADAAN
2025-26,2,MSL823,2MSL823,3,3.0,0.0,0.0,V,STRATEGIC CHANGE & FLEXIBILITY-MSL823,SUSHIL
2025-26,2,MSL828,2MSL828,3,3.0,0.0,0.0,S,GLOBAL STRATEGIC MANAGEMENT-MSL828,SANJAY DHIR
2025-26,2,MSL834,2MSL834,1.5,1.5,0.0,0.0,AD2,MANAGING DIVERSITY AT WORKPLAC-MSL834,BHAWANA MAHESHWARI
2025-26,2,MSL835,2MSL835,3,3.0,0.0,0.0,J,LABOR LEGISLATION & INDUS. RE.-MSL835,BHAWANA MAHESHWARI
2025-26,2,MSL841,2MSL841,3,3.0,0.0,0.0,V,SUPPLY CHAIN ANALYTICS-MSL841,GOURAV DWIVEDI
2025-26,2,MSL848,2MSL848,3,3.0,0.0,0.0,R,APPLIED OPERATIONS RESEARCH-MSL848,PRASANNA R
2025-26,2,MSL865,2MSL865,3,3.0,0.0,0.0,U,SALES MANAGEMENT-MSL865,HARISH CHAUDHRY
2025-26,2,MSL869,2MSL869,3,3.0,0.0,0.0,H,CURRENT AND EMERGING ISSUES IN MARKETING-MSL869,MAHIM SAGAR
2025-26,2,MSL874,2MSL874,1.5,1.5,0.0,0.0,B1,INDIAN FINANCIAL SYSTEM-MSL874,SMITA KASHIRAMKA
2025-26,2,MSL884,2MSL884,3,3.0,0.0,0.0,V,INFORMATION SYSTEM STRATEGY-MSL884,P. VIGNESWARA ILAVARASAN
2025-26,2,MSL894,2MSL894,3,3.0,0.0,0.0,F,SOCIAL MEDIA AND BUSINESS PRACTICES-MSL894,P. VIGNESWARA ILAVARASAN
2025-26,2,MST894,2MST894,1,0.0,0.0,2.0,P,SOCIAL SECTOR ATTACHMENT-MST894,SHUCHI SINHA
2025-26,2,JPD802,2JPD802,12,0.0,0.0,24.0,P,MAJOR PROJECT PART-II-JPD802,BIJAY PRAKASH TRIPATHI
2025-26,2,MLD412,2MLD412,6,0.0,0.0,12.0,P,B. TECH. PROJECT (PART -2)-MLD412,DIVYA NAYAR
2025-26,2,MLD7004,2MLD7004,3,0.0,0.0,6.0,P,CORNERSTONE PROJECT-MLD7004,SURYANARAYANA VIKRANT KARRA , BIJAY PRAKASH TRIPATHI
2025-26,2,MLD802,2MLD802,9,0.0,0.0,18.0,P,MAJOR PROJECT-2-MLD802,SURYANARAYANA VIKRANT KARRA
2025-26,2,MLD895,2MLD895,36,0.0,0.0,72.0,P,MS RESEARCH PROJECT-MLD895,SURYANARAYANA VIKRANT KARRA
2025-26,2,MLL100,2MLL100,4,3.0,0.0,2.0,E,INTRODUCTION TO MATERIALS SCIENCE AND ENGINEERING-MLL100,GUNDA NAGA SRI HARSHA , ROHIT MALIK , ABHISHEK SARKAR
2025-26,2,MLL1001,2MLL1001,4,3.0,0.0,2.0,K,INTRODUCTION TO MATERIALS SCIENCE AND ENGINEERING-MLL1001,RAJESH PRASAD
2025-26,2,MLL102,2MLL102,3,2.0,1.0,0.0,B,STRUCTURE OF MATERIALS-MLL102,AYAN BHOWMIK
2025-26,2,MLL104,2MLL104,4.5,3.0,0.0,3.0,E,CHARACTERIZATION OF MATERIALS I-MLL104,NIRAT RAY
2025-26,2,MLL202,2MLL202,3,2.0,1.0,0.0,H,PHASE EQUILIBRIA AND TRANSFORMATIONS-MLL202,SANGEETA SANTRA
2025-26,2,MLL212,2MLL212,3,2.0,1.0,0.0,J,MATH. METHODS IN MATERIALS ENGINEERING-MLL212,DIVYA NAYAR
2025-26,2,MLL242,2MLL242,4,3.0,0.0,2.0,C,INTRODUCTION TO POLYMERIC MATERIALS-MLL242,SHIB SHANKAR BANERJEE
2025-26,2,MLL264,2MLL264,2,2.0,0.0,0.0,D,GLASS AND CERAMICS-MLL264,ANKUR GOSWAMI
2025-26,2,MLL372,2MLL372,3,3.0,0.0,0.0,E,MATERIALS SELECTION AND DESIGN-MLL372,SURESH NEELAKANTAN
2025-26,2,MLL452,2MLL452,4,3.0,0.0,2.0,C,CORROSIOON AND DEGRADATION OF MATERIALS-MLL452,ABHISHEK SARKAR
2025-26,2,MLL7002,2MLL7002,3,2.0,0.0,2.0,D,MATERIALS PROCESSING-MLL7002,JAYANT JAIN
2025-26,2,MLL7103,2MLL7103,2,2.0,0.0,0.0,E,POLYMER BLENDS AND COMPOSITES-MLL7103,LEENA NEBHANI
2025-26,2,MLL7104,2MLL7104,3,3.0,0.0,0.0,B,POLYMER TECHNOLOGY AND PRODUCT DEVELOPMENT-MLL7104,BIJAY PRAKASH TRIPATHI
2025-26,2,MLL7109,2MLL7109,3,3.0,0.0,0.0,J,POLYMERIC COATINGS-MLL7109,JOSEMON JACOB
2025-26,2,MLL7110,2MLL7110,3,3.0,0.0,0.0,H,BIODEGRADABLE POLYMERIC MATERIALS-MLL7110,SAMPA SAHA
2025-26,2,MLL7203,2MLL7203,3,3.0,0.0,0.0,E,ADVANCED GLASS AND CERAMICS-MLL7203,ROHIT MALIK
2025-26,2,MLL7204,2MLL7204,3,3.0,0.0,0.0,F,MATERIALS FOR ENERGY APPLICATIONS-MLL7204,SURYANARAYANA VIKRANT KARRA
2025-26,2,MLL7215,2MLL7215,3,3.0,0.0,0.0,J,CREEP AND SUPERPLASTICITY OF MATERIALS-MLL7215,LAKSHMI NARAYAN RAMASUBRAMANIAN
2025-26,2,MLL7302,2MLL7302,3,2.0,0.0,2.0,K,DATA DRIVEN METHODS FOR MATERIALS DESIGNING-MLL7302,DIBYAJYOTI GHOSH
2025-26,2,MLL7401,2MLL7401,3,3.0,0.0,0.0,M,MICRO-NANO FABRICATION IN MATERIALS ENGINEERING-MLL7401,KRISHNA B BALASUBRAMANIAN
2025-26,2,MLL741,2MLL741,3,3.0,0.0,0.0,H,BIODEGRADABLE POLYMERIC MATERIALS-MLL741,SAMPA SAHA
2025-26,2,MLL742,2MLL742,3,3.0,0.0,0.0,M,MICRO AND NANOFABRICATION IN MATERIALS ENGG.-MLL742,KRISHNA B BALASUBRAMANIAN
2025-26,2,MLL752,2MLL752,3,3.0,0.0,0.0,J,CREEP AND SUPERPLASTICITY OF MATERIALS-MLL752,LAKSHMI NARAYAN RAMASUBRAMANIAN
2025-26,2,MLN8001,2MLN8001,1,1.0,0.0,0.0,X,RESEARCH COMMUNICATION AND ETHICS IN MATERIALS SCIENCE AND ENGINEERING-MLN8001,NIRAT RAY , SURYANARAYANA VIKRANT KARRA
2025-26,2,MLP352,2MLP352,1.5,0.0,0.0,3.0,D,MECHANICAL BEHAVIOR OF MATRIALS LAB-MLP352,AYAN BHOWMIK , SANGEETA SANTRA
2025-26,2,MLP354,2MLP354,1.5,0.0,0.0,3.0,E,FUNCTIONAL MATERIALS LAB-MLP354,KRISHNA B BALASUBRAMANIAN , ANKUR GOSWAMI
2025-26,2,MLP7105,2MLP7105,1,0.0,0.0,2.0,B,POLYMER CHEMISTRY LABORATORY-MLP7105,LEENA NEBHANI
2025-26,2,MLQ301,2MLQ301,1,0.0,0.0,2.0,X,MATERIALS SCIENCE AND ENGINEERING COLLOQUIUM-MLQ301,SURYANARAYANA VIKRANT KARRA
2025-26,2,MLS302,2MLS302,1,0.0,0.0,2.0,X,RESEARCH PRACTICE FOR BEGINNERS-MLS302,DIVYA NAYAR
2025-26,2,MTD350,2MTD350,3,0.0,0.0,6.0,X,MINI PROJECT-MTD350,BIPLAB PAUL
2025-26,2,MTL1002,2MTL1002,4,3.0,1.0,0.0,D,MATHEMATICS II LINEAR ALGEBRA AND DIFFERENTIAL EQUATIONS-MTL1002,SHIV PRAKASH PATEL , N.SHRAVAN KUMAR , PINAKINATH SAHA , AMIT PRIYADARSHI
2025-26,2,MTL1002,2MTL1002,4,3.0,1.0,0.0,AE,MATHEMATICS II LINEAR ALGEBRA AND DIFFERENTIAL EQUATIONS-MTL1002,SHIV PRAKASH PATEL , PUNIT SHARMA , HARISH KUMAR , EKATA SAHA , ANANTA KUMAR MAJEE
2025-26,2,MTL101,2MTL101,4,3.0,1.0,0.0,D,LINEAR ALGEBRA & DIFFE. EQUA.-MTL101,SHIV PRAKASH PATEL
2025-26,2,MTL101,2MTL101,4,3.0,1.0,0.0,AE,LINEAR ALGEBRA & DIFFE. EQUA.-MTL101,SHIV PRAKASH PATEL
2025-26,2,MTL102,2MTL102,3,3.0,0.0,0.0,E,DIFFERENTIAL EQUATIONS-MTL102,VIJAYANANDA KALYANA SRINIVAS KUMAR VASANA
2025-26,2,MTL103,2MTL103,3,3.0,0.0,0.0,H,OPTIMIZATION METHODS & APPL.-MTL103,VIKAS VIKRAM SINGH
2025-26,2,MTL104,2MTL104,3,3.0,0.0,0.0,D,LINEAR ALGEBRA & APPLICATIONS-MTL104,VIVEK MUKUNDAN
2025-26,2,MTL106,2MTL106,4,3.0,1.0,0.0,D,PROBABILITY & STOCHASTIC PRO.-MTL106,S.DHARMARAJA , NEERAJ JOSHI
2025-26,2,MTL107,2MTL107,3,3.0,0.0,0.0,D,NUMERICAL METHODS & COMPUTATIONS-MTL107,KAMANA PORWAL
2025-26,2,MTL108,2MTL108,4,3.0,1.0,0.0,D,INTRODUCTION TO STATISTICS-MTL108,RAHUL SINGH
2025-26,2,MTL1080,2MTL1080,4,3.0,1.0,0.0,A,DISCRETE MATHEMATICAL STRUCTURES-MTL1080,ASHUTOSH RAI , DALU JACOB
2025-26,2,MTL122,2MTL122,4,3.0,1.0,0.0,F,REAL AND COMPLEX ANALYSIS-MTL122,BISWAJYOTI SAHA
2025-26,2,MTL145,2MTL145,3,3.0,0.0,0.0,AC,NUMBER THEORY-MTL145,AMITABHA TRIPATHI
2025-26,2,MTL146,2MTL146,3,3.0,0.0,0.0,AA,COMBINATORICS-MTL146,BIPLAB BASAK
2025-26,2,MTL270,2MTL270,3,3.0,0.0,0.0,D,MEASURE INTEGRAL & PROBABILITY-MTL270,VISWANATHAN PUTHAN VEEDU
2025-26,2,MTL390,2MTL390,4,3.0,1.0,0.0,D,STATISTICAL METHODS-MTL390,BIPLAB PAUL
2025-26,2,MTL411,2MTL411,3,3.0,0.0,0.0,A,FUNCTIONAL ANALYSIS-MTL411,APARAJITA DASGUPTA
2025-26,2,MTL5006,2MTL5006,4,3.0,1.0,0.0,D,ORDINARY DIFFERENTIAL EQUATIONS-MTL5006,KONIJETI SREENADH
2025-26,2,MTL5007,2MTL5007,4,3.0,1.0,0.0,E,FUNCTIONAL ANALYSIS-MTL5007,VISWANATHAN PUTHAN VEEDU
2025-26,2,MTL5008,2MTL5008,4,3.0,1.0,0.0,AA,MATHEMATICAL PROGRAMMING-MTL5008,MINATI DE
2025-26,2,MTL5009,2MTL5009,4,3.0,1.0,0.0,J,NUMERICAL ANALYSIS-MTL5009,S.CHANDRA SEKHARA RAO
2025-26,2,MTL5010,2MTL5010,4,3.0,1.0,0.0,B,MEASURE AND INTEGRATION-MTL5010,SIVANANTHAN SAMPATH
2025-26,2,MTL5011,2MTL5011,4,3.0,1.0,0.0,H,STATISTICAL INFERENCE-MTL5011,NEERAJ JOSHI
2025-26,2,MTL507,2MTL507,4,3.0,1.0,0.0,F,TOPOLOGY-MTL507,ANIMA NAGAR
2025-26,2,MTL508,2MTL508,4,3.0,1.0,0.0,AA,MATHEMATICAL PROGRAMMING-MTL508,MINATI DE
2025-26,2,MTL510,2MTL510,4,3.0,1.0,0.0,B,MEASURE AND INTEGRATION-MTL510,SIVANANTHAN SAMPATH
2025-26,2,MTL6507,2MTL6507,4,3.0,1.0,0.0,F,TOPOLOGY-MTL6507,ANIMA NAGAR
2025-26,2,MTL704,2MTL704,3,3.0,0.0,0.0,AC,NUMERICAL OPTIMIZATION-MTL704,APARNA MEHRA
2025-26,2,MTL7070,2MTL7070,3,3.0,0.0,0.0,A,COMBINATORIAL OPTIMIZATION-MTL7070,MINATI DE
2025-26,2,MTL7244,2MTL7244,3,3.0,0.0,0.0,M,MATHEMATICAL THEORY FOR ERROR CORRECTING CODES-MTL7244,RITUMONI SARMA
2025-26,2,MTL725,2MTL725,3,3.0,0.0,0.0,AD,STOCHASTIC PROCESSES & ITS APP-MTL725,S.DHARMARAJA
2025-26,2,MTL7255,2MTL7255,3,3.0,0.0,0.0,AB,ALGEBRAIC CURVES-MTL7255,PINAKINATH SAHA
2025-26,2,MTL7258,2MTL7258,3,3.0,0.0,0.0,B,INTRODUCTION TO DIFFERENTIAL TOPOLOGY-MTL7258,BIPLAB BASAK
2025-26,2,MTL741,2MTL741,3,3.0,0.0,0.0,B2,FRACTAL GEOMETRY-MTL741,AMIT PRIYADARSHI
2025-26,2,MTL743,2MTL743,3,3.0,0.0,0.0,AA,FOURIER ANALYSIS-MTL743,N.SHRAVAN KUMAR
2025-26,2,MTL744,2MTL744,3,3.0,0.0,0.0,M,MATHEMATICAL THEORY OF CODING-MTL744,RITUMONI SARMA
2025-26,2,MTL745,2MTL745,3,3.0,0.0,0.0,B,ADVANCED MATRIX THEORY-MTL745,S.CHANDRA SEKHARA RAO
2025-26,2,MTL755,2MTL755,3,3.0,0.0,0.0,AB,ALGEBRAIC GEOMETRY-MTL755,PINAKINATH SAHA
2025-26,2,MTL756,2MTL756,3,3.0,0.0,0.0,A,LIE ALGEBRAS AND LIE GROUPS-MTL756,RITUMONI SARMA
2025-26,2,MTL761,2MTL761,3,3.0,0.0,0.0,H,BASIC ERGODIC THEORY-MTL761,ANIMA NAGAR
2025-26,2,MTL768,2MTL768,3,3.0,0.0,0.0,F,GRAPH THEORY-MTL768,AMITABHA TRIPATHI
2025-26,2,MTL770,2MTL770,3,3.0,0.0,0.0,A,COMBINATORIAL OPTIMIZATION-MTL770,MINATI DE
2025-26,2,MTL7743,2MTL7743,3,3.0,0.0,0.0,AA,FOURIER ANALYSIS-MTL7743,N.SHRAVAN KUMAR
2025-26,2,MTL7744,2MTL7744,3,3.0,0.0,0.0,AB,APPLIED HARMONIC ANALYSIS-MTL7744,SIVANANTHAN SAMPATH
2025-26,2,MTL7761,2MTL7761,3,3.0,0.0,0.0,H,BASIC ERGODIC THEORY-MTL7761,ANIMA NAGAR
2025-26,2,MTL780,2MTL780,3,3.0,0.0,0.0,AB,PARAMETERIZED ALGORITHMS FOR NP-HARD PROBLEMS-MTL780,ASHUTOSH RAI
2025-26,2,MTL782,2MTL782,4,3.0,0.0,2.0,B,DATA MINING-MTL782,BHAWANI SANKAR PANDA
2025-26,2,MTP290,2MTP290,2,0.0,0.0,4.0,D,COMPUTING LABORATORY-MTP290,DALU JACOB
2025-26,2,MTQ312,2MTQ312,0,0.0,0.0,0.0,X,SEMINAR COURSE - XII-MTQ312,KAMANA PORWAL
2025-26,2,MTQ313,2MTQ313,0,0.0,0.0,0.0,X,SEMINAR COURSE - XIII-MTQ313,BISWAJYOTI SAHA
2025-26,2,MTQ314,2MTQ314,0,0.0,0.0,0.0,X,SEMINAR COURSE - XIV-MTQ314,APARAJITA DASGUPTA
2025-26,2,MTQ315,2MTQ315,0,0.0,0.0,0.0,X,SEMINAR COURSE - XV-MTQ315,BHAWANI SANKAR PANDA
2025-26,2,MTQ316,2MTQ316,0,0.0,0.0,0.0,X,SEMINAR COURSE - XVI-MTQ316,RAHUL SINGH
2025-26,2,MCD310,2MCD310,3,0.0,0.0,6.0,X,MINI PROJECT-MCD310,SUPREET SINGH BAHGA
2025-26,2,MCD411,2MCD411,4,0.0,0.0,8.0,X,B.TECH.PROJECT-MCD411,SUNIL JHA
2025-26,2,MCD412,2MCD412,7,0.0,0.0,14.0,X,B.TECH.PROJECT - II-MCD412,SUNIL JHA , AMBER SRIVASTAVA , ARPAN GUPTA , DEBABRATA DASGUPTA
2025-26,2,MCD812,2MCD812,12,0.0,0.0,24.0,X,MAJOR PROJECT PART II (THERMALENGINEERING)-MCD812,PRATIK DAS
2025-26,2,MCD831,2MCD831,6,0.0,0.0,12.0,X,MAJOR PROJECT PART-I-MCD831,RAMA KRISHNA K
2025-26,2,MCD832,2MCD832,12,0.0,0.0,24.0,X,MAJOR PROJECT PART II-MCD832,RAMA KRISHNA K
2025-26,2,MCD862,2MCD862,12,0.0,0.0,24.0,X,MAJOR PROJECT PART-II-MCD862,PRASHANT PALKAR
2025-26,2,MCD882,2MCD882,12,0.0,0.0,24.0,X,MAJOR PROJECT PART-2-MCD882,SAGAR SARKAR
2025-26,2,MCD895,2MCD895,36,0.0,0.0,72.0,X,MAJOR PROJECT (MSR)-MCD895,DEBABRATA DASGUPTA
2025-26,2,MCL131,2MCL131,3,3.0,0.0,0.0,F,MANUFACTURING PROCESSES I-MCL131,PRITHVIRAJ MUKHOPADHYAY
2025-26,2,MCL132,2MCL132,3,3.0,0.0,0.0,H,METAL FORMING AND PRESS TOOLS-MCL132,DIGAVALLI RAVI KUMAR
2025-26,2,MCL133,2MCL133,3,3.0,0.0,0.0,F,NEAR NET SHAPE MANUFACTURING-MCL133,KUSUM MEENA , SIVANANDAM ARAVINDAN , DIGAVALLI RAVI KUMAR
2025-26,2,MCL136,2MCL136,3,3.0,0.0,0.0,H,MATERIAL REMOVAL PROCESSES-MCL136,SUDARSAN GHOSH
2025-26,2,MCL142,2MCL142,3,3.0,0.0,0.0,D,THERMAL SC. FOR ELE. ENGINEERS-MCL142,BAHNI RAY
2025-26,2,MCL201,2MCL201,3.5,2.0,0.0,3.0,E,MECHANICAL ENGG. DRAWING-MCL201,SUJEET KUMAR SINHA
2025-26,2,MCL212,2MCL212,4,3.0,0.0,2.0,B,CONTROL THEORY & APPLICATIONS-MCL212,SUBODH VASANT MODAK
2025-26,2,MCL241,2MCL241,4,3.0,0.5,1.0,B,ENERGY SYSTEMS AND TECH.-MCL241,PAVAN PRAKASH DUVVURI , M.R. RAVI
2025-26,2,MCL311,2MCL311,4,3.0,0.0,2.0,E,CAD & FINITE ELEMENT ANALYSIS-MCL311,ARPAN GUPTA
2025-26,2,MCL314,2MCL314,4,3.0,0.0,2.0,B,ACOUSTICS AND NOISE CONTROL-MCL314,ARPAN GUPTA , ASHISH KAMALAKAR DARPE
2025-26,2,MCL321,2MCL321,4,3.0,0.0,2.0,J,AUTOMOTIVE SYSTEMS-MCL321,RAJ KUMAR PANDEY
2025-26,2,MCL331,2MCL331,3,3.0,0.0,0.0,A,MICRO AND NANO MANUFACTURING-MCL331,SIVANANDAM ARAVINDAN
2025-26,2,MCL347,2MCL347,3,3.0,0.0,0.0,E,INTERMEDIATE HEAT TRANSFER-MCL347,PRABAL TALUKDAR
2025-26,2,MCL361,2MCL361,3,3.0,0.0,0.0,D,MANUFACTURING SYSTEM DESIGN-MCL361,MINAKSHI KUMARI
2025-26,2,MCL421,2MCL421,3,2.0,0.0,2.0,D,AUTOMOTIVE STRUCTURAL DESIGN-MCL421,ANOOP CHAWLA
2025-26,2,MCL714,2MCL714,3,2.0,0.0,2.0,F,ORTHOPEDIC BIOMECHANICS AND IMPLANT DESIGN-MCL714,KAUSHIK MUKHERJEE
2025-26,2,MCL732,2MCL732,3,3.0,0.0,0.0,H,AIR POLLUTION: SOURCES AND APPORTIONMENT-MCL732,MAYANK KUMAR
2025-26,2,MCL745,2MCL745,4,3.0,0.0,2.0,C,ROBOTICS-MCL745,SUBIR KUMAR SAHA
2025-26,2,MCL747,2MCL747,3,2.0,0.0,2.0,B,DESIGN OF PRECISION MACHINES-MCL747,SUDIPTO MUKHERJEE
2025-26,2,MCL796,2MCL796,4,3.0,0.0,2.0,B,ADDITIVE MANUFACTURING-MCL796,SAGAR SARKAR
2025-26,2,MCL814,2MCL814,3,3.0,0.0,0.0,B,CONVECTIVE HEAT TRANSFER-MCL814,P.M.V.SUBBARAO
2025-26,2,MCL816,2MCL816,4,3.0,0.0,2.0,J,GAS DYNAMICS-MCL816,PRATIK DAS
2025-26,2,MCL817,2MCL817,3,3.0,0.0,0.0,D,HEAT EXCHANGERS-MCL817,B. PREMACHANDRAN
2025-26,2,MCL819,2MCL819,3,3.0,0.0,0.0,F,LATTICE BOLTZMANN METHOD-MCL819,AMIT GUPTA
2025-26,2,MCL821,2MCL821,3,3.0,0.0,0.0,F,RADIATION HEAT TRANSFER-MCL821,SANGEETA KOHLI
2025-26,2,MCL823,2MCL823,4,3.0,0.0,2.0,E,THERMAL DESIGN-MCL823,ANJAN RAY
2025-26,2,MCL826,2MCL826,4,3.0,0.0,2.0,X,INTRODUCTION TO MICROFLUIDICS-MCL826,DEBABRATA DASGUPTA
2025-26,2,MCL839,2MCL839,3,2.0,0.0,2.0,B,ROTOR DYNAMICS-MCL839,ASHISH KAMALAKAR DARPE
2025-26,2,MCP261,2MCP261,1,0.0,0.0,2.0,D,INDUSTRIAL ENGINEERING LAB - I-MCP261,AMBER SRIVASTAVA
2025-26,2,MCP301,2MCP301,1.5,0.0,0.0,3.0,D,MECHANICAL ENGINEERING LAB - I-MCP301,SATINDER PAUL SINGH , JAYANTA KUMAR DUTT
2025-26,2,MCP331,2MCP331,1,0.0,0.0,2.0,C,MANUFACTURING LABORATORY-II-MCP331,SUDARSAN GHOSH
2025-26,2,MCP332,2MCP332,1,0.0,0.0,2.0,C,PRODUCTION ENGINEERING LAB- II-MCP332,SIVANANDAM ARAVINDAN
2025-26,2,MCQ301,2MCQ301,1,0.0,0.0,2.0,P,SEMINAR COURSE - I-MCQ301,SUBIR KUMAR SAHA
2025-26,2,MCQ302,2MCQ302,1,0.0,0.0,2.0,P,SEMINAR COURSE - II-MCQ302,SANGEETA KOHLI
2025-26,2,MCQ303,2MCQ303,1,0.0,0.0,2.0,P,SEMINAR COURSE - III-MCQ303,SAGAR SARKAR
2025-26,2,MED7153,2MED7153,4,0.0,0.0,8.0,X,CORNERSTONE PROJECT-MED7153,PRASHANT PALKAR
2025-26,2,MED7252,2MED7252,12,0.0,0.0,24.0,X,MAJOR PROJECT PART-2 (PROJECT INTENSIVE TRACK)-MED7252,RAMA KRISHNA K
2025-26,2,MED7253,2MED7253,3,0.0,0.0,6.0,X,CORNERSTONE PROJECT-MED7253,RAMA KRISHNA K
2025-26,2,MED7353,2MED7353,3,0.0,0.0,6.0,X,CORNERSTONE PROJECT-MED7353,SAGAR SARKAR
2025-26,2,MED7453,2MED7453,3,0.0,0.0,6.0,X,CORNER-STONE PROJECT-MED7453,PRATIK DAS
2025-26,2,MEL1002,2MEL1002,4,3.0,1.0,0.0,C,ENGINEERING MECHANICS-MEL1002,RAMA KRISHNA K , RAJAN PRASAD , P.M.V.SUBBARAO
2025-26,2,MEL7001,2MEL7001,1,1.0,0.0,0.0,X,PROFESSIONAL ETHICS FOR MECHANICAL ENGINEERS-MEL7001,SUJEET KUMAR SINHA
2025-26,2,MEL7111,2MEL7111,3,3.0,0.0,0.0,AB,INTEGER PROGRAMMING-MEL7111,PRASHANT PALKAR
2025-26,2,MEL7118,2MEL7118,3,3.0,0.0,0.0,AA,REINFORCEMENT LEARNING-MEL7118,AMBER SRIVASTAVA
2025-26,2,MEL7120,2MEL7120,3,3.0,0.0,0.0,A,INTRODUCTION TO STOCHASTIC MODELING AND SIMULATION-MEL7120,NOMESH BHOJKUMAR BOLIA
2025-26,2,MEL7125,2MEL7125,3,3.0,0.0,0.0,AB,STOCHASTIC SIMULATION DEVELOPMENT AND ANALYSIS-MEL7125,VARUN RAMAMOHAN
2025-26,2,MEL7126,2MEL7126,3,3.0,0.0,0.0,J,SPECIAL TOPICS IN IEOR-MEL7126,SHAURYA SHRIYAM
2025-26,2,MEL7206,2MEL7206,3,2.0,0.0,2.0,D,FINITE ELEMENT METHOD-MEL7206,KAUSHIK MUKHERJEE
2025-26,2,MEL7211,2MEL7211,3,3.0,0.0,0.0,C,ROBOTICS-MEL7211,SUBIR KUMAR SAHA
2025-26,2,MEL7213,2MEL7213,3,2.0,0.0,2.0,D,AUTOMOTIVE STRUCTURAL DESIGN-MEL7213,ANOOP CHAWLA
2025-26,2,MEL7215,2MEL7215,3,3.0,0.0,0.0,B,ACOUSTICS AND NOISE CONTROL-MEL7215,ARPAN GUPTA , ASHISH KAMALAKAR DARPE
2025-26,2,MEL7216,2MEL7216,3,2.0,0.0,2.0,C,MACHINE LEARNING FOR COMPUTATIONAL DESIGN-MEL7216,NARESH VARMA DATLA
2025-26,2,MEL7232,2MEL7232,3,2.0,0.0,2.0,F,ORTHOPEDIC BIOMECHANICS AND IMPLANT DESIGN-MEL7232,KAUSHIK MUKHERJEE
2025-26,2,MEL7304,2MEL7304,3,2.0,0.0,2.0,E,METROLOGY-MEL7304,ABHISHEK DAS , PRITHVIRAJ MUKHOPADHYAY
2025-26,2,MEL7306,2MEL7306,4,3.0,0.0,2.0,B,ADDITIVE MANUFACTURING-MEL7306,SAGAR SARKAR
2025-26,2,MEL7307,2MEL7307,4,3.0,0.0,2.0,F,SMART MANUFACTURING-MEL7307,SUNIL JHA
2025-26,2,MEL7405,2MEL7405,3,3.0,0.0,0.0,B,CONVECTIVE HEAT TRANSFER-MEL7405,P.M.V.SUBBARAO
2025-26,2,MEL7406,2MEL7406,3,2.0,0.0,2.0,M,SCIENTIFIC COMPUTING FOR THERMOFLUIDS-MEL7406,SUBHRA DATTA
2025-26,2,MEL7413,2MEL7413,3,3.0,0.0,0.0,F,RADIATIVE HEAT TRANSFER-MEL7413,SANGEETA KOHLI
2025-26,2,MEL7415,2MEL7415,3,2.0,0.0,2.0,F,LATTICE BOLTZMANN METHOD-MEL7415,AMIT GUPTA
2025-26,2,MEL7421,2MEL7421,4,3.0,0.0,2.0,F,AERODYNAMICS OF FLIGHT-MEL7421,SUPREET SINGH BAHGA
2025-26,2,MEL7423,2MEL7423,4,3.0,0.0,2.0,E,THERMAL DESIGN-MEL7423,ANJAN RAY
2025-26,2,MEL7430,2MEL7430,4,3.0,0.0,2.0,D,HEAT EXCHANGERS-MEL7430,B. PREMACHANDRAN
2025-26,2,MEL7431,2MEL7431,4,3.0,0.0,2.0,J,GAS DYNAMICS-MEL7431,PRATIK DAS
2025-26,2,MEL7432,2MEL7432,4,3.0,0.0,2.0,X,INTRODUCTION TO MICROFLUIDICS-MEL7432,DEBABRATA DASGUPTA
2025-26,2,MEL7433,2MEL7433,3,3.0,0.0,0.0,H,AIR POLLUTION: SOURCES AND APPORTIONMENT-MEL7433,MAYANK KUMAR
2025-26,2,MEL8262,2MEL8262,3,2.0,0.0,2.0,B,ROTOR DYNAMICS-MEL8262,ASHISH KAMALAKAR DARPE
2025-26,2,MEL8418,2MEL8418,4,3.0,1.0,0.0,J,HEATING, VENTILATING AND AIR-CONDITIONING (HVAC) TECHNOLOGIES-MEL8418,ANURAG GOYAL
2025-26,2,MEL8828,2MEL8828,3,3.0,0.0,0.0,X,TURBULENT COMBUSTION: MODELLING AND APPLICATIONS-MEL8828,KRISHNA KANT AGRAWAL
2025-26,2,MEN7002,2MEN7002,4,0.0,0.0,8.0,X,TEACHING AND RESEARCH PRACTICUM-MEN7002,DEBABRATA DASGUPTA
2025-26,2,MEP1000,2MEP1000,2,0.5,0.0,3.0,P,ENGINEERING VISUALIZATION-MEP1000,DEVENDRA KUMAR DUBEY , RAJ KUMAR PANDEY , JAYANTA KUMAR DUTT , NARESH VARMA DATLA , SUJEET KUMAR SINHA
2025-26,2,MEP1001,2MEP1001,2,0.5,0.0,3.0,B,MANUFACTURING FOR PRODUCT INNOVATION-MEP1001,PULAK MOHAN PANDEY
2025-26,2,MEP7003,2MEP7003,1,0.0,0.0,2.0,K,RESEARCH COMMUNICATION-MEP7003,SUBIR KUMAR SAHA
2025-26,2,VLM101,2VLM101,1,1.0,0.0,0.0,X,INDUSTRIAL SAFETY AND HAZARDS-VLM101,P.M.V.SUBBARAO
2025-26,2,VLM102,2VLM102,0.5,0.0,0.0,1.0,X,ENERGY MANAGEMENT IN MANUFACTURING-VLM102,PRABAL TALUKDAR , ANURAG GOYAL , AMIT GUPTA
2025-26,2,VLM103,2VLM103,0.5,0.0,0.0,1.0,X,MACHINING TECHNOLOGY-VLM103,SUDARSAN GHOSH , PRITHVIRAJ MUKHOPADHYAY
2025-26,2,VLM104,2VLM104,0.5,0.0,0.0,1.0,X,MACHINE TOOLS AND TOOL DESIGN-VLM104,SUDARSAN GHOSH , ASHISH KAMALAKAR DARPE
2025-26,2,VLM105,2VLM105,1,1.0,0.0,0.0,X,PROCESS ENGINEERING-VLM105,ABHISHEK DAS , PRITHVIRAJ MUKHOPADHYAY
2025-26,2,VLM106,2VLM106,0.5,0.0,0.0,1.0,X,ENGINEERING MEASUREMENT-VLM106,PRITHVIRAJ MUKHOPADHYAY
2025-26,2,VLM107,2VLM107,1,0.5,0.0,1.0,X,MICRO AND NANO FABRICATION-VLM107,SIVANANDAM ARAVINDAN , SUPREET SINGH BAHGA
2025-26,2,VLM108,2VLM108,1.5,1.0,0.0,1.0,X,CAD/CAM AND NUMERICAL CONTROL-VLM108,NARESH VARMA DATLA
2025-26,2,VLM109,2VLM109,1.5,0.5,0.0,2.0,X,ADDITIVE MANUFACTURING-VLM109,PULAK MOHAN PANDEY
2025-26,2,VLM110,2VLM110,1.5,0.5,0.0,2.0,X,AUTOMATION AND SMART MANUFACTURING-VLM110,SUNIL JHA
2025-26,2,VLM111,2VLM111,1,1.0,0.0,0.0,X,ROBOTICS-VLM111,SHAURYA SHRIYAM
2025-26,2,VLM112,2VLM112,0.5,0.0,0.0,1.0,X,ADVANCES IN MATERIALS-VLM112,JAYANT JAIN , RAJESH PRASAD
2025-26,2,VLM113,2VLM113,0.5,0.0,0.0,1.0,X,CASTING-VLM113,SIVANANDAM ARAVINDAN
2025-26,2,VLM114,2VLM114,0.5,0.0,0.0,1.0,X,WELDING-VLM114,ABHISHEK DAS
2025-26,2,VLM115,2VLM115,0.5,0.0,0.0,1.0,X,FORMING-VLM115,DIGAVALLI RAVI KUMAR
2025-26,2,VLM116,2VLM116,1,1.0,0.0,0.0,X,PROCESSING OF POLYMERS AND COMPOSITES-VLM116,KUSUM MEENA
2025-26,2,VLM117,2VLM117,1,0.5,0.0,1.0,X,STATISTICS FOR MANUFACTURING MANAGEMENT-VLM117,VARUN RAMAMOHAN , MINAKSHI KUMARI
2025-26,2,VLM118,2VLM118,1.5,1.0,0.0,1.0,X,ARTIFICIAL INTELLIGENCE AND MACHINE LEARNING FOR MANUFACTURING MANAGEMENT-VLM118,PRASHANT PALKAR , AMBER SRIVASTAVA
2025-26,2,VLM119,2VLM119,1.5,1.0,0.0,1.0,X,EXPERIMENTAL AND COMPUTATIONAL TOOLS FOR MANUFACTURING MANAGEMENT-VLM119,B. PREMACHANDRAN , DIPAYAN DAS
2025-26,2,VLM120,2VLM120,0.5,0.0,0.0,1.0,X,LEADERSHIP TALKS-VLM120,SUSHIL
2025-26,2,VEL700,2VEL700,3,2.0,1.0,0.0,M,HUMAN VALUES AND TECHNOLOGY-VEL700,M.R. RAVI
2025-26,2,VEL7100,2VEL7100,3,3.0,0.0,0.0,M,HUMAN VALUES AND TECHNOLOGY-VEL7100,M.R. RAVI
2025-26,2,VEQ8000,2VEQ8000,0.5,0.0,0.0,1.0,X,RESEARCH COMMUNICATIONS AND ETHICS-VEQ8000,RAHUL GARG
2025-26,2,VEV7030,2VEV7030,1,0.5,0.0,1.0,X,SPECIAL MODULE ON INNER DEVELOPMENT-1-VEV7030,JYOTI KUMAR
2025-26,2,VEV7031,2VEV7031,1,0.5,0.0,1.0,K,SPECIAL MODULE ON INNER DEVELOPMENT-2-VEV7031,RAHUL GARG
2025-26,2,VEV7032,2VEV7032,1,0.5,0.0,1.0,X,SPECIAL MODULE ON INNER DEVELOPMENT-3-VEV7032,SANGEETA KOHLI
2025-26,2,VEV7033,2VEV7033,1,1.0,0.0,0.0,X,SPECIAL MODULE ON LEADERSHIP-1-VEV7033,RAHUL GARG
2025-26,2,VEV7034,2VEV7034,1,1.0,0.0,0.0,X,SPECIAL MODULE ON LEADERSHIP-2-VEV7034,RAHUL GARG
2025-26,2,VEV7037,2VEV7037,1,1.0,0.0,0.0,X,SPECIAL MODULE ON CIVILIZATION - 1-VEV7037,NOMESH BHOJKUMAR BOLIA
2025-26,2,VEV7038,2VEV7038,1,1.0,0.0,0.0,X,SPECIAL MODULE ON CIVILIZATION - 2-VEV7038,NOMESH BHOJKUMAR BOLIA
2025-26,2,VEV731,2VEV731,1,1.0,0.0,0.0,X,SPECIAL MODULE ON INNER DEVELOPMENT 1-VEV731,JYOTI KUMAR
2025-26,2,VEV732,2VEV732,1,1.0,0.0,0.0,K,SPECIAL MODULE ON INNER DEVELOPMENT-II-VEV732,RAHUL GARG
2025-26,2,VEV733,2VEV733,1,1.0,0.0,0.0,X,SPECIAL MODULE ON LEADERSHIP I-VEV733,RAHUL GARG
2025-26,2,VEV734,2VEV734,1,1.0,0.0,0.0,X,SPECIAL MODULE ON LEADERSHIP-II-VEV734,RAHUL GARG
2025-26,2,VEV737A,2VEV737A,1,0.5,0.0,1.0,X,SPECIAL MODULE ON CIVILIZATION-I-VEV737A,NOMESH BHOJKUMAR BOLIA
2025-26,2,VEV738A,2VEV738A,1,0.5,0.0,1.0,X,SPECIAL MODULE ON CIVILIZATION-II-VEV738A,NOMESH BHOJKUMAR BOLIA
2025-26,2,VEV741,2VEV741,1,1.0,0.0,0.0,X,SPECIAL MODULE ON INNER DEVELOPMENT-3-VEV741,SANGEETA KOHLI
2025-26,2,OPD7100,2OPD7100,3,0.0,0.0,6.0,P1,CORNERSTONE PROJECT FOR M. TECH. PHOTONICS-OPD7100,PARVENDRA KUMAR
2025-26,2,OPL700,2OPL700,3,3.0,0.0,0.0,D,OPTICS AND PHOTONICS FOR ENGINEERS & SCIENTISTS-OPL700,P.SENTHILKUMARAN
2025-26,2,OPL7014,2OPL7014,3,3.0,0.0,0.0,F,INTEGRATED PHOTONICS-OPL7014,DEEPAK JAIN
2025-26,2,OPL704,2OPL704,1,1.0,0.0,0.0,AA1,QUANTUM SYSTEMS, ENTANGLEMENT AND COMMUNICATION-OPL704,PARVENDRA KUMAR
2025-26,2,OPL7100,2OPL7100,3,3.0,0.0,0.0,D,OPTICS AND PHOTONICS FOR ENGINEERS AND SCIENTISTS-OPL7100,AADHI A
2025-26,2,OPL711,2OPL711,3,3.0,0.0,0.0,J,PRINCIPLES OF LASERS-OPL711,GAYATHRI BHARATHAN
2025-26,2,OPL713,2OPL713,3,3.0,0.0,0.0,M,INFORMATION PHOTONICS-OPL713,KEDAR BHALCHANDRA KHARE
2025-26,2,OPL7130,2OPL7130,3,3.0,0.0,0.0,M,INFORMATION PHOTONICS-OPL7130,KEDAR BHALCHANDRA KHARE
2025-26,2,OPL714,2OPL714,3,3.0,0.0,0.0,F,INTEGRATED PHOTONICS-OPL714,DEEPAK JAIN
2025-26,2,OPL715,2OPL715,3,3.0,0.0,0.0,H,NANOPHOTONICS-OPL715,DHEERAJ PRATAP
2025-26,2,OPL718,2OPL718,3,3.0,0.0,0.0,B,QUANTUM NONLINEAR PHOTONICS-OPL718,RITWICK DAS
2025-26,2,OPL7711,2OPL7711,3,3.0,0.0,0.0,J,LASER SCIENCE AND TECHNOLOGY-OPL7711,GAYATHRI BHARATHAN
2025-26,2,OPL7715,2OPL7715,3,3.0,0.0,0.0,H,NANOPHOTONICS-OPL7715,DHEERAJ PRATAP
2025-26,2,OPL7718,2OPL7718,3,3.0,0.0,0.0,B,QUANTUM NONLINEAR OPTICS-OPL7718,RITWICK DAS
2025-26,2,OPL7778,2OPL7778,3,3.0,0.0,0.0,E,SEMICONDUCTOR OPTOELECTRONIC DEVICES-OPL7778,AWANISH PANDEY
2025-26,2,OPN7100,2OPN7100,4,0.0,0.0,8.0,P3,TEACHING AND RESEARCH PRACTICUM-OPN7100,P.SENTHILKUMARAN
2025-26,2,OPP7020,2OPP7020,3,0.0,0.0,6.0,P2,PHOTONICS LABORATORY - 2-OPP7020,SAURABH MANI TRIPATHI
2025-26,2,OPV793,2OPV793,1,1.0,0.0,0.0,AA1,PHOTONIC MATRIX PROCESSORS FOR ARTIFICIAL INTELLIGENCE-OPV793,AADHI A
2025-26,2,PYL7560,2PYL7560,3,3.0,0.0,0.0,M,FOURIER OPTICS AND HOLOGRAPHY-PYL7560,KEDAR BHALCHANDRA KHARE
2025-26,2,JOD8001,2JOD8001,6,0.0,0.0,12.0,X,MAJOR PROJECT - I-JOD8001,AMARTYA SENGUPTA
2025-26,2,JOD802,2JOD802,12,0.0,0.0,24.0,X,MAJOR PROJECT PART-II-JOD802,AMARTYA SENGUPTA
2025-26,2,JOP7092,2JOP7092,3,0.0,0.0,6.0,P,FIBER OPTICS LAB/OPTICAL COMMUNICATION LAB-JOP7092,VIVEK VENKATARAMAN , ABHISHEK DIXIT
2025-26,2,PYD412,2PYD412,8,0.0,0.0,16.0,Q,MAJOR PROJECT PART II-PYD412,PRADIPTA GHOSH
2025-26,2,PYD414,2PYD414,4,0.0,0.0,8.0,Q,PROJECT III-PYD414,PRADIPTA GHOSH
2025-26,2,PYD562,2PYD562,6,0.0,0.0,12.0,Q,PROJECT II-PYD562,RAHUL SURESH MARATHE
2025-26,2,PYD658,2PYD658,3,0.0,0.0,6.0,X,MINI PROJECT-PYD658,RAHUL SURESH MARATHE
2025-26,2,PYD7002,2PYD7002,3,0.0,0.0,6.0,X,CORNERSTONE PROJECT-PYD7002,BODHADITYA SANTRA
2025-26,2,PYD802,2PYD802,12,0.0,0.0,24.0,Q,MAJOR PROJECT PART-II-PYD802,MARSHAL
2025-26,2,PYD852,2PYD852,12,0.0,0.0,24.0,Q,MAJOR PROJECT PART-II-PYD852,BODHADITYA SANTRA
2025-26,2,PYL1001,2PYL1001,3,2.0,1.0,0.0,X,INTRODUCTION TO ELECTRODYNAMICS-PYL1001,ROHIT NARULA
2025-26,2,PYL1002,2PYL1002,3,2.0,1.0,0.0,X,WAVES AND OSCILLATIONS-PYL1002,ASHMEET SINGH
2025-26,2,PYL1012,2PYL1012,4,3.0,1.0,0.0,X,MATHEMATICAL PHYSICS-PYL1012,ABHISHEK MURALIDHAR IYER
2025-26,2,PYL102,2PYL102,3,3.0,0.0,0.0,H,PRINCIPLES OF ELECT. MATERIALS-PYL102,AMARTYA SENGUPTA
2025-26,2,PYL122,2PYL122,4,3.0,1.0,0.0,E,QUANTUM MECHANICS-PYL122,SUPRIT SINGH
2025-26,2,PYL202,2PYL202,4,3.0,1.0,0.0,F,STATISTICAL PHYSICS-PYL202,DEEPAK KUMAR
2025-26,2,PYL204,2PYL204,4,3.0,1.0,0.0,B,COMPUTATIONAL PHYSICS-PYL204,VIKRANT SAXENA
2025-26,2,PYL206,2PYL206,4,3.0,1.0,0.0,C,MATHEMATICAL PHYSICS-II-PYL206,PRADIPTA GHOSH
2025-26,2,PYL206,2PYL206,4,3.0,1.0,0.0,X,MATHEMATICAL PHYSICS-II-PYL206,PRADIPTA GHOSH
2025-26,2,PYL208,2PYL208,3,3.0,0.0,0.0,D,SOLID STATE PHYSICS II-PYL208,KAUSHIK SEN
2025-26,2,PYL331,2PYL331,3,3.0,0.0,0.0,E,APPLIED QUANTUM MECHANICS-PYL331,BODHADITYA SANTRA
2025-26,2,PYL5052,2PYL5052,4,3.0,1.0,0.0,E,ELECTRODYNAMICS-PYL5052,HITENDRA KUMAR MALIK
2025-26,2,PYL5054,2PYL5054,4,3.0,1.0,0.0,A,STATISTICAL MECHANICS-PYL5054,SANKALPA GHOSH
2025-26,2,PYL5056,2PYL5056,3,3.0,0.0,0.0,H,QUANTUM MECHANICS II-PYL5056,SARTHAK PARIKH
2025-26,2,PYL5058,2PYL5058,4,3.0,1.0,0.0,B,SOLID STATE PHYSICS-PYL5058,HEMANTA KUMAR KUNDU
2025-26,2,PYL5060,2PYL5060,3,3.0,0.0,0.0,F,APPLIED OPTICS-PYL5060,SUNIL KUMAR
2025-26,2,PYL552,2PYL552,4,3.0,1.0,0.0,E,ELECTRODYNAMICS-PYL552,HITENDRA KUMAR MALIK
2025-26,2,PYL556,2PYL556,3,3.0,0.0,0.0,H,QUANTUM MECHANICS II-PYL556,SARTHAK PARIKH
2025-26,2,PYL558,2PYL558,4,3.0,1.0,0.0,A,STATISTICAL MECHANICS-PYL558,SANKALPA GHOSH
2025-26,2,PYL560,2PYL560,4,3.0,1.0,0.0,F,APPLIED OPTICS-PYL560,SUNIL KUMAR
2025-26,2,PYL563,2PYL563,4,3.0,1.0,0.0,B,SOLID STATE PHYSICS-PYL563,HEMANTA KUMAR KUNDU
2025-26,2,PYL7004,2PYL7004,3,3.0,0.0,0.0,J,SCIENCE AND TECHNOLOGY OF THIN FILMS-PYL7004,SUJIT MANNA
2025-26,2,PYL7005,2PYL7005,3,3.0,0.0,0.0,K,INTRODUCTION TO QUANTUM MATERIALS-PYL7005,KAUSTUV MANNA
2025-26,2,PYL704,2PYL704,3,3.0,0.0,0.0,J,SC. & TECHNOLOGY OF THIN FILMS-PYL704,SUJIT MANNA
2025-26,2,PYL7049,2PYL7049,3,3.0,0.0,0.0,M,QUANTUM INFORMATION AND COMPUTATION-PYL7049,JOYEE GHOSH
2025-26,2,PYL7052,2PYL7052,3,3.0,0.0,0.0,J,LASER SYSTEMS AND APPLICATIONS-PYL7052,NAVENDU MONDAL
2025-26,2,PYL7057,2PYL7057,3,3.0,0.0,0.0,K,STATISTICAL AND QUANTUM OPTICS-PYL7057,BHASKAR KANSERI
2025-26,2,PYL7060,2PYL7060,3,3.0,0.0,0.0,H,BIOMEDICAL OPTICS AND BIOPHOTONICS-PYL7060,DALIP SINGH MEHTA
2025-26,2,PYL707,2PYL707,3,3.0,0.0,0.0,D,CHARACTERISATION TEC. FOR MAT.-PYL707,PANKAJ SRIVASTAVA
2025-26,2,PYL7123,2PYL7123,3,3.0,0.0,0.0,J,VACUUM SCIENCE AND CRYOGENICS-PYL7123,SUJEET CHAUDHARY
2025-26,2,PYL7124,2PYL7124,3,3.0,0.0,0.0,H,FOUNDATIONS OF SPINTRONICS-PYL7124,PRANABA KISHOR MUDULI
2025-26,2,PYL7126,2PYL7126,3,3.0,0.0,0.0,C,SEMICONDUCTOR DEVICE TECHNOLOGY-PYL7126,NEERAJ KHARE
2025-26,2,PYL7127,2PYL7127,3,3.0,0.0,0.0,F,ENERGY MATERIALS AND DEVICES-PYL7127,SANTANU GHOSH
2025-26,2,PYL7139,2PYL7139,3,3.0,0.0,0.0,K,COMPUTATIONAL TECHNIQUES FOR SOLID STATE MATERIALS-PYL7139,SASWATA BHATTACHARYA
2025-26,2,PYL7144,2PYL7144,3,3.0,0.0,0.0,J,THE STANDARD MODEL OF ELEMENTARY PARTICLES-PYL7144,FOLKE TOBIAS FLORUS TOLL
2025-26,2,PYL7176,2PYL7176,3,3.0,0.0,0.0,K,COLD AND PROCESS PLASMAS-PYL7176,MARSHAL
2025-26,2,PYL7186,2PYL7186,3,3.0,0.0,0.0,K,NON-EQUILIBRIUM STATISTICAL MECHANICS-PYL7186,RAHUL SURESH MARATHE
2025-26,2,PYL7190,2PYL7190,3,3.0,0.0,0.0,C,INTEGRATED OPTICS-PYL7190,R.K. VARSHNEY
2025-26,2,PYL7195,2PYL7195,3,3.0,0.0,0.0,M,OPTICS AND LASER ENGINEERING-PYL7195,GADDAM VIJAYA PRAKASH
2025-26,2,PYL723,2PYL723,3,3.0,0.0,0.0,J,VACUUM SCIENCE AND CRYOGENICS-PYL723,SUJEET CHAUDHARY
2025-26,2,PYL724,2PYL724,3,3.0,0.0,0.0,H,ADVANCES IN SPINTRONICS-PYL724,PRANABA KISHOR MUDULI
2025-26,2,PYL726,2PYL726,3,3.0,0.0,0.0,C,SEMICONDUCTOR DEVICE TECHNOLOGY-PYL726,NEERAJ KHARE
2025-26,2,PYL727,2PYL727,3,3.0,0.0,0.0,F,ENERGY MATERIALS AND DEVICES-PYL727,SANTANU GHOSH
2025-26,2,PYL7292,2PYL7292,3,3.0,0.0,0.0,B,OPTICAL AND QUANTUM ELECTRONICS-PYL7292,ALOKA SINHA
2025-26,2,PYL739,2PYL739,3,3.0,0.0,0.0,K,COMP. TE. FOR SOLID STATE MAT.-PYL739,SASWATA BHATTACHARYA
2025-26,2,PYL742,2PYL742,3,3.0,0.0,0.0,H,GEN. RELATIVITY & INTRO. ASTR.-PYL742,RANA NANDI
2025-26,2,PYL743,2PYL743,3,3.0,0.0,0.0,D,GROUP THEORY & ITS APPLICATION-PYL743,ADITYA NARAIN AGNIHOTRI
2025-26,2,PYL744,2PYL744,3,3.0,0.0,0.0,J,HIGH ENERGY PHYSICS-PYL744,FOLKE TOBIAS FLORUS TOLL
2025-26,2,PYL746,2PYL746,3,3.0,0.0,0.0,K,NON-EQUILIBRIUM STATISTICAL ME-PYL746,RAHUL SURESH MARATHE
2025-26,2,PYL749,2PYL749,3,3.0,0.0,0.0,M,QUANTUM INFORMATION & COMPUTA.-PYL749,JOYEE GHOSH
2025-26,2,PYL752,2PYL752,3,3.0,0.0,0.0,J,LASER SYSTEMS AND APPLICATIONS-PYL752,NAVENDU MONDAL
2025-26,2,PYL7545,2PYL7545,3,3.0,0.0,0.0,M,TOPOLOGY IN CONDENSED MATTER PHYSICS-PYL7545,GARGEE GIRISH SHARMA
2025-26,2,PYL756,2PYL756,3,3.0,0.0,0.0,M,FOURIER OPTICS AND HOLOGRAPHY-PYL756,KEDAR BHALCHANDRA KHARE
2025-26,2,PYL757,2PYL757,3,3.0,0.0,0.0,K,STATISTICAL & QUANTUM OPTICS-PYL757,BHASKAR KANSERI
2025-26,2,PYL760,2PYL760,3,3.0,0.0,0.0,H,BIOMEDICAL OPTICS & BIO-PHOTO.-PYL760,DALIP SINGH MEHTA
2025-26,2,PYL790,2PYL790,3,3.0,0.0,0.0,C,INTEGRATED OPTICS-PYL790,R.K. VARSHNEY
2025-26,2,PYL792,2PYL792,3,3.0,0.0,0.0,B,OPTICAL ELECTRONICS-PYL792,ALOKA SINHA
2025-26,2,PYL795,2PYL795,3,3.0,0.0,0.0,M,OPTICS AND LASERS-PYL795,GADDAM VIJAYA PRAKASH
2025-26,2,PYL800,2PYL800,3,3.0,0.0,0.0,H,NUM. & COMP. METH. IN RESEARCH-PYL800,SUJIN B.BABU
2025-26,2,PYL8000,2PYL8000,4,3.0,0.0,2.0,H,NUMERICAL AND COMPUTATIONAL METHODS IN RESEARCH-PYL8000,SUJIN B.BABU
2025-26,2,PYP100,2PYP100,2,0.0,0.0,4.0,P,PHYSICS LABORATORY-PYP100,SUJIT MANNA , ADITYA NARAIN AGNIHOTRI , BRAJESH KUMAR MANI , SUJIN B.BABU , VIKRANT SAXENA , PRADIPTA GHOSH , ROHIT NARULA , RAHUL SURESH MARATHE , HITENDRA KUMAR MALIK , VARSHA BANERJEE , ABHISHEK MURALIDHAR IYER , JOYEE GHOSH , SANKALPA GHOSH , MARSHAL , TARUN SHARMA , SUPRIT SINGH , BODHADITYA SANTRA , AMITA DAS , FOLKE TOBIAS FLORUS TOLL , PRANABA KISHOR MUDULI , AMRUTA MISHRA
2025-26,2,PYP1000,2PYP1000,2,0.0,0.0,4.0,P,PHYSICS LABORATORY-PYP1000,SUJIT MANNA
2025-26,2,PYP212,2PYP212,3,0.0,0.0,6.0,D,ENGG. PHYSICS LABORATORY II-PYP212,SUNIL KUMAR , KAUSHIK SEN , GADDAM VIJAYA PRAKASH , DALIP SINGH MEHTA
2025-26,2,PYP224,2PYP224,3,0.0,0.0,6.0,D,ENGINEERING PHYSICS LABORATORY-IV-PYP224,PINTU DAS , RAJENDRA SINGH , SUJEET CHAUDHARY , PANKAJ SRIVASTAVA
2025-26,2,PYP562,2PYP562,4,0.0,0.0,8.0,P,LABORATORY II-PYP562,DEEPAK KUMAR , HEMANTA KUMAR KUNDU , SARTHAK PARIKH , SASWATA BHATTACHARYA , RAJENDRA SINGH DHAKA , JITENDRA PRATAP SINGH
2025-26,2,PYP702,2PYP702,3,0.0,0.0,6.0,D,SOLID STATE MATERIALS LABORATORY-II-PYP702,KAUSTUV MANNA , SANTANU GHOSH
2025-26,2,PYP762,2PYP762,3,0.0,0.0,6.0,D,ADVANCED OPTICS LABORATORY-PYP762,BHASKAR KANSERI , ALOKA SINHA
2025-26,2,PYP764,2PYP764,3,0.0,0.0,6.0,Q,ADVANCED OPTICAL WORKSHOP-PYP764,GUFRAN SAYEED KHAN
2025-26,2,PYQ302,2PYQ302,1,0.0,0.0,2.0,X,SEMINAR COURSE - II-PYQ302,AMITA DAS
2025-26,2,AID7098,2AID7098,3,0.0,0.0,6.0,P,CORNERSTONE PROJECT-AID7098,SUDIPAN SAHA
2025-26,2,AID710,2AID710,3,0.0,0.0,6.0,P,MINI PROJECT IN ARTIFICIAL INTELLIGENCE-AID710,SOUVIK CHAKRABORTY
2025-26,2,AID8095,2AID8095,42,0.0,0.0,84.0,P,MS RESEARCH PROJECT-AID8095,SANDEEP KUMAR
2025-26,2,AID891,2AID891,6,0.0,0.0,12.0,P,M.TECH. PROJECT PART-I-AID891,SUDIPAN SAHA
2025-26,2,AID892,2AID892,12,0.0,0.0,24.0,P,M.TECH. PROJECT PART-II-AID892,SUDIPAN SAHA
2025-26,2,AID895,2AID895,36,0.0,0.0,72.0,P,MS RESEARCH PROJECT-AID895,SANDEEP KUMAR
2025-26,2,AIL7021,2AIL7021,4,3.0,0.0,2.0,AC,DEEP LEARNING-AIL7021,ARAMBAM JAMES SINGH
2025-26,2,AIL7026,2AIL7026,4,3.0,0.0,2.0,AD,DATA MINING-AIL7026,SAYAN RANU
2025-26,2,AIL7031,2AIL7031,4,3.0,0.0,2.0,AA,DEEP LEARNING FOR COMPUTER VISION-AIL7031,SUDIPAN SAHA
2025-26,2,AIL7061,2AIL7061,3,3.0,0.0,0.0,AB,COMPUTATIONAL COGNITION-AIL7061,SUMEET AGARWAL
2025-26,2,AIL721,2AIL721,4,3.0,0.0,2.0,AC,DEEP LEARNING-AIL721,ARAMBAM JAMES SINGH
2025-26,2,AIL8022,2AIL8022,3,3.0,0.0,0.0,J,SPECIAL TOPICS IN MACHINE LEARNING II-AIL8022,BHASKAR PRATIM MUKHOTY
2025-26,2,AIL8027,2AIL8027,4,3.0,0.0,2.0,C,ADVANCED REINFORCEMENT LEARNING-AIL8027,RAUNAK PUSHPAK BHATTACHARYYA
2025-26,2,AIL821,2AIL821,3,3.0,0.0,0.0,J,SPECIAL TOPICS IN MACHINE LEARNING-AIL821,BHASKAR PRATIM MUKHOTY
2025-26,2,AIL861,2AIL861,3,3.0,0.0,0.0,AB,SPECIAL TOPICS IN APPLICATIONS -AIL861,SUMEET AGARWAL
2025-26,2,AIN7091,2AIN7091,4,0.0,0.0,8.0,P,TEACHING/RESEARCH PRACTICUM-AIN7091,SUDIPAN SAHA
2025-26,2,AIS710,2AIS710,3,0.0,3.0,0.0,P,INDEPENDENT STUDY IN ARTIFICIAL INTELLIGENCE-AIS710,SOUVIK CHAKRABORTY
2025-26,2,AIV7090,2AIV7090,1,1.0,0.0,0.0,B,ETHICAL CONSIDERATIONS IN MINDS-AIV7090,BHASKAR PRATIM MUKHOTY
2025-26,2,AIV7091,2AIV7091,1,1.0,0.0,0.0,X,RESEARCH COMMUNICATION-AIV7091,ANOOP KRISHNAN NADUVATH MANA
2025-26,2,AIV790,2AIV790,1,1.0,0.0,0.0,B,ETHICAL CONSIDERATIONS IN MINDS-AIV790,BHASKAR PRATIM MUKHOTY
2025-26,2,SBD301,2SBD301,3,0.0,0.0,6.0,P,MINI PROJECT-SBD301,SHILPI MINOCHA
2025-26,2,SBD602,2SBD602,17,0.0,0.0,34.0,P,MAJOR PROJECT/INTERNSHIP-SBD602,MANOJ BALAKRISHNA MENON
2025-26,2,SBL100,2SBL100,4,3.0,0.0,2.0,C,INTRO. TO BIOLOGY FOR ENGINEER-SBL100,SARAN KUMAR , SAURABH RAJ , ASHOK KUMAR PATEL
2025-26,2,SBL201,2SBL201,3,3.0,0.0,0.0,F,HIGH-DIMENSIONAL BIOLOGY-SBL201,SHILPI MINOCHA , ANITA ROY , MANOJ BALAKRISHNA MENON
2025-26,2,SBL702,2SBL702,3,3.0,0.0,0.0,K,SYSTEMS BIOLOGY-SBL702,JAMES GOMES
2025-26,2,SBL704,2SBL704,3,3.0,0.0,0.0,F,HUMAN VIROLOGY-SBL704,VIVEKANANDAN PERUMAL
2025-26,2,SBL705,2SBL705,3,3.0,0.0,0.0,B,BIOLOGY OF PROTEINS-SBL705,TAPAN KUMAR CHAUDHURI
2025-26,2,SBL720,2SBL720,3,3.0,0.0,0.0,AC,GENOME AND HEALTHCARE-SBL720,AMIT KUMAR GAURAV , ASHOK KUMAR PATEL
2025-26,2,SBL721,2SBL721,3,3.0,0.0,0.0,H,TECHNIQUES IN BIOMOLECULAR INTERACTIONS-SBL721,SAURABH RAJ , AMIT KUMAR GAURAV
2025-26,2,SBL722,2SBL722,3,3.0,0.0,0.0,H,STEM CELLS BIOLOGY-SBL722,JYOTIRMAYA BEHERA , DEEPTI ABBEY
2025-26,2,SBL723,2SBL723,3,3.0,0.0,0.0,E,PRINCIPLES OF NEURAL EXCITABILITY AND COMMUNICATION-SBL723,TAPAN KUMAR NAYAK
2025-26,2,SBL730,2SBL730,3,3.0,0.0,0.0,J,MODERN TRENDS IN DRUG DEVELOPMENT-SBL730,SANTANU MONDAL
2025-26,2,SBL733,2SBL733,3,3.0,0.0,0.0,AB,INTRODUCTION AND TECHNIQUES: IMMUNOMETABOLISM-SBL733,PARUL MEHROTRA
2025-26,2,SBP200,2SBP200,2,0.0,0.0,4.0,P,INTRODUCTION TO PRACTICAL MODERN BIOLOGY-SBP200,ASHOK KUMAR PATEL
2025-26,2,SBS800,2SBS800,3,0.0,3.0,0.0,P,INDEPENDENT STUDY-SBS800,SHILPI MINOCHA
2025-26,2,SBV882,2SBV882,1,1.0,0.0,0.0,M,BIOLOGICAL MEMBRANES-SBV882,ADITYA MITTAL
2025-26,2,SBV894,2SBV894,1,1.0,0.0,0.0,AD,CURRENT METHODS IN MAMMALIAN GENETICS-SBV894,MANOJ BALAKRISHNA MENON
2025-26,2,SBV898,2SBV898,1,1.0,0.0,0.0,K,TECHNIQUES IN MAMMALIAN CELL CULTURE-SBV898,ANITA ROY
2025-26,2,JCD7101,2JCD7101,4,1.0,0.0,6.0,P,CORNERSTONE PROJECT-JCD7101,ASHOK KUMAR BHATEJA
2025-26,2,SID8080,2SID8080,3,0.0,0.0,6.0,P,MINOR PROJECT IN INFORMATION TECHNOLOGY-SID8080,ABHILASH JINDAL
2025-26,2,SID8090,2SID8090,42,0.0,0.0,84.0,P,MAJOR PROJECT IN INFORMATION TECHNOLOGY-SID8090,ABHILASH JINDAL
2025-26,2,SID880,2SID880,3,0.0,0.0,6.0,P,MINOR PROJECT IN INFORMATION TECHNOLOGY-SID880,ABHILASH JINDAL
2025-26,2,SID890,2SID890,36,0.0,0.0,72.0,P,MS RESEARCH PROJECT-SID890,ABHILASH JINDAL
2025-26,2,SIL7163,2SIL7163,4,3.0,0.0,2.0,AA,INTRODUCTION TO BLOCKCHAINS, CRYPTOCURRENCIES, AND SMART CONTRACTS-SIL7163,SUBODH VISHNU SHARMA
2025-26,2,SIL7165,2SIL7165,4,3.0,0.0,2.0,X,NETWORK AND SYSTEM SECURITY-SIL7165,HUZUR SARAN
2025-26,2,SIL7171,2SIL7171,3,3.0,0.0,0.0,AB,MOBILE SECURITY-SIL7171,VIRESHWAR KUMAR
2025-26,2,SIL7175,2SIL7175,3,3.0,0.0,0.0,B,BIOMETRIC SECURITY-SIL7175,ASHOK KUMAR BHATEJA
2025-26,2,SIL763,2SIL763,4,3.0,0.0,2.0,AA,INTRODUCTION TO BLOCKCHAINS, CRYPTOCURRENCIES, AND SMART CONTRACTS-SIL763,SUBODH VISHNU SHARMA
2025-26,2,SIL765,2SIL765,4,3.0,0.0,2.0,X,NETWORKS & SYSTEM SECURITY-SIL765,HUZUR SARAN
2025-26,2,SIL771,2SIL771,3,3.0,0.0,0.0,AB,SPECIAL TOPICS IN CYBER SECURITY-SIL771,VIRESHWAR KUMAR
2025-26,2,SIL775,2SIL775,3,3.0,0.0,0.0,B,BIOMETRIC SECURITY-SIL775,ASHOK KUMAR BHATEJA
2025-26,2,SIL8001,2SIL8001,1,1.0,0.0,0.0,X,PROFESSIONAL ETHICS IN APPLIED COMPUTING-SIL8001,MAYA RAMANATH
2025-26,2,SIN8000,2SIN8000,3,0.0,0.0,6.0,X,TEACHING PRACTICUM IN INFORMATION TECHNOLOGY-SIN8000,TARUN MANGLA
2025-26,2,SIN8001,2SIN8001,3,0.0,0.0,6.0,X,RESEARCH PRACTICUM IN INFORMATION TECHNOLOGY-SIN8001,TARUN MANGLA
2025-26,2,JRL7030,2JRL7030,4,3.0,0.0,2.0,C,ROBOT KINEMATICS AND DYNAMICS-JRL7030,SUBIR KUMAR SAHA
2025-26,2,JRN7099,2JRN7099,4,0.0,0.0,8.0,X,TEACHING/RESEARCH PRACTICUM-JRN7099,RAMA KRISHNA K
2025-26,2,JVD7003,2JVD7003,3,0.0,0.0,6.0,P,CORNERSTONE PROJECT-JVD7003,ANKESH JAIN
2025-26,2,JVN7000,2JVN7000,4,0.0,0.0,8.0,P,TEACHING/RESEARCH PRACTICUM-JVN7000,ANKESH JAIN
2025-26,2,SPD881,2SPD881,4,0.0,0.0,8.0,X,MPP MAJOR PROJECT - I-SPD881,RAJARSHI DASGUPTA
2025-26,2,SPL703,2SPL703,3,3.0,0.0,0.0,AA,RESEARCH METHODS FOR PUBLIC POLICY-SPL703,DEBANANDA MISRA
2025-26,2,SPL707,2SPL707,3,3.0,0.0,0.0,AB,TOOLS FOR POLICY ANALYSIS-SPL707,RAJARSHI DASGUPTA
2025-26,2,SPL709,2SPL709,3,3.0,0.0,0.0,A,PRINCIPLES OF ECONOMICS FOR PUBLIC POLICY-SPL709,TIESTA THAKUR
2025-26,2,SPL723,2SPL723,3,3.0,0.0,0.0,AC,UNDERSTANDING PUBLIC POLICY MAKING THROUGH CASE STUDIES-SPL723,UPASNA SHARMA
2025-26,2,SPL730,2SPL730,3,3.0,0.0,0.0,M,STI POLICY AND AGRICULTURE-SPL730,SOUTRIK BASU
2025-26,2,SPL740,2SPL740,3,3.0,0.0,0.0,E,CAUSAL INFERENCE AND IMPACT ASSESSMENT-SPL740,TIESTA THAKUR
2025-26,2,SPL752,2SPL752,3,3.0,0.0,0.0,AC,TECHS AND THE CITY - AN URBAN POLICY PERSPECTIVE-SPL752,SURAJIT CHAKRAVARTY
2025-26,2,SPL753,2SPL753,4,2.0,0.0,4.0,X,URBAN PLANNING PRACTICUM-SPL753,SURAJIT CHAKRAVARTY
2025-26,2,SPL7703,2SPL7703,4,3.0,0.0,2.0,AA,RESEARCH METHODS FOR PUBLIC POLICY-SPL7703,DEBANANDA MISRA
2025-26,2,SPL7707,2SPL7707,4,3.0,0.0,2.0,AB,TOOLS FOR POLICY ANALYSIS-SPL7707,RAJARSHI DASGUPTA
2025-26,2,SPL7709,2SPL7709,4,3.0,0.0,2.0,A,PRINCIPLES OF ECONOMICS FOR PUBLIC POLICY-SPL7709,TIESTA THAKUR
2025-26,2,SPL7723,2SPL7723,3,3.0,0.0,0.0,AC,UNDERSTANDING PUBLIC POLICY MAKING THROUGH CASE-STUDIES-SPL7723,UPASNA SHARMA
2025-26,2,SPL7725,2SPL7725,3,3.0,0.0,0.0,AD,CLIMATE CHANGE ADAPTATION: FROM THEORY TO PRACTICE-SPL7725,ANSHU OGRA
2025-26,2,SPL7730,2SPL7730,3,3.0,0.0,0.0,M,STI POLICY AND AGRICULTURE-SPL7730,SOUTRIK BASU
2025-26,2,SPL7740,2SPL7740,4,3.0,0.0,2.0,E,CAUSAL INFERENCE AND IMPACT EVALUATION-SPL7740,TIESTA THAKUR
2025-26,2,SPL7752,2SPL7752,3,3.0,0.0,0.0,AC,TECHS AND THE CITY - AN URBAN POLICY PERSPECTIVE-SPL7752,SURAJIT CHAKRAVARTY
2025-26,2,SPL7753,2SPL7753,4,2.0,0.0,4.0,X,URBAN PLANNING PRACTICUM-SPL7753,SURAJIT CHAKRAVARTY
2025-26,2,SPL7792,2SPL7792,2,1.0,0.0,2.0,K,INCLUSIVE CITY AND ACCESSIBILITY AUDIT-SPL7792,RATHIN BISWAS
2025-26,2,SPL7793,2SPL7793,1.5,1.0,0.0,1.0,B,SPECIAL MODULE ON PUBLIC POLICY IN MANAGEMENT OF NATURAL RESOURCES-SPL7793,ROHIT CHANDRA
2025-26,2,SPL7888,2SPL7888,3,3.0,0.0,0.0,M,WASTE MANAGEMENT: TECHNOLOGY, POLICY &AMP; PRACTICE-SPL7888,RATHIN BISWAS
2025-26,2,SPL810G,2SPL810G,3,3.0,0.0,0.0,H,ADVANCED TOPICS IN POLICY STUDIES-SPL810G,SUGAT CHATURVEDI
2025-26,2,SPL8810,2SPL8810,3,3.0,0.0,0.0,H,SELECTED TOPICS IN POLICY STUDIES-SPL8810,SUGAT CHATURVEDI
2025-26,2,SPV792,2SPV792,1,1.0,0.0,0.0,K,INCLUSIVE CITY AND ACCESSIBILITY AUDIT-SPV792,RATHIN BISWAS
2025-26,2,SPV793,2SPV793,1,1.0,0.0,0.0,B,SPECIAL MODULE ON PUBLIC POLICY IN MANAGEMENT OF NATURAL RESOURCES-SPV793,ROHIT CHANDRA
2025-26,2,TXD401,2TXD401,4,0.0,0.0,8.0,P,MAJOR PROJECT PART I-TXD401,SUMIT SINHA RAY
2025-26,2,TXD402,2TXD402,8,0.0,0.0,16.0,P,MAJOR PROJECT PART II-TXD402,SUMIT SINHA RAY
2025-26,2,TXD7507,2TXD7507,3,0.0,0.0,6.0,X,CORNERSTONE PROJECT-TXD7507,ARCHANA SAMANTA
2025-26,2,TXD7508,2TXD7508,3,0.0,0.0,6.0,X,CORNERSTONE PROJECT (M.TECH. TEXTILE ENGINEERING)-TXD7508,BIPIN KUMAR
2025-26,2,TXD802,2TXD802,6,0.0,0.0,12.0,X,MAJOR PROJECT PART-I (TXF)-TXD802,BHANU NANDAN
2025-26,2,TXD803,2TXD803,12,0.0,0.0,24.0,P,MAJOR PROJECT PART II-TXD803,BIPIN KUMAR
2025-26,2,TXD804,2TXD804,12,0.0,0.0,24.0,P,MAJOR PROJECT PART II-TXD804,BHANU NANDAN
2025-26,2,TXD806,2TXD806,12,0.0,0.0,24.0,P,MAJOR PROJECT PART II (TCP)-TXD806,MD. S. WAZED ALI
2025-26,2,TXL211,2TXL211,3,3.0,0.0,0.0,D,STRUCTURE AND PHYSICAL PROPERTIES OF FIBRES-TXL211,RAJIV K. SRIVASTAVA
2025-26,2,TXL221,2TXL221,3,3.0,0.0,0.0,E,YARN MANUFACTURE I-TXL221,SOHEL RANA
2025-26,2,TXL231,2TXL231,3,3.0,0.0,0.0,B,FABRIC MANUFACTURE I-TXL231,SUMIT SINHA RAY , ABHIJIT MAJUMDAR
2025-26,2,TXL241,2TXL241,3,3.0,0.0,0.0,F,TECH. OF TEXT. PREPARATION & F-TXL241,MD. S. WAZED ALI , HARUN VENKATESAN
2025-26,2,TXL361,2TXL361,3,3.0,0.0,0.0,D,EVALUATION OF TEXTILE MATERIAL-TXL361,APURBA DAS
2025-26,2,TXL371,2TXL371,4,3.0,1.0,0.0,C,THEORY OF TEXTILE STRUCTURES-TXL371,VIJAYKUMAR NARAYANDAS BAHETI , R.ALAGIRUSAMY
2025-26,2,TXL372,2TXL372,2,2.0,0.0,0.0,H,SPECIALITY YARNS AND FABRICS-TXL372,DIPAYAN DAS , VIJAYKUMAR NARAYANDAS BAHETI
2025-26,2,TXL6501,2TXL6501,2,2.0,0.0,0.0,X,BASICS OF TEXTILES-TXL6501,MD. S. WAZED ALI
2025-26,2,TXL7104,2TXL7104,3,3.0,0.0,0.0,B,ENGINEERING OF SOLUTION SPUN FIBRES-TXL7104,ARCHANA SAMANTA
2025-26,2,TXL740,2TXL740,3,3.0,0.0,0.0,E,SC. & APP. OF NANOTEC. IN TEX.-TXL740,MANGALA JOSHI
2025-26,2,TXL7401,2TXL7401,3,3.0,0.0,0.0,F,ADVANCES IN FINISHING OF TEXTILES-TXL7401,DEEPTI GUPTA
2025-26,2,TXL7403,2TXL7403,3,3.0,0.0,0.0,B,SUSTAINABILITY IN FIBRES AND TEXTILE CHEMICAL PROCESSING-TXL7403,SAMRAT MUKHOPADHYAY
2025-26,2,TXL7451,2TXL7451,3,2.0,0.0,2.0,F,TECHNOLOGY OF TEXTILE COATING AND LAMINATION-TXL7451,JAVED NABIBAKSHA SHEIKH
2025-26,2,TXL7453,2TXL7453,3,3.0,0.0,0.0,D,TEXTILE AUXILIARIES-TXL7453,BHUPENDRA SINGH BUTOLA
2025-26,2,TXL7501,2TXL7501,3,3.0,0.0,0.0,B,TECHNICAL TEXTILES-TXL7501,DIPAYAN DAS
2025-26,2,TXL7502,2TXL7502,2,2.0,0.0,0.0,J,SUSTAINABILITY AND CIRCULARITY IN TEXTILES-TXL7502,ABHIJIT MAJUMDAR
2025-26,2,TXL7555,2TXL7555,4,3.0,0.0,2.0,J,ELECTRONICS AND CONTROLS FOR TEXTILE INDUSTRY-TXL7555,ANKUR GUPTA
2025-26,2,TXL756,2TXL756,3,3.0,0.0,0.0,D,TEXTILE AUXILIARIES-TXL756,BHUPENDRA SINGH BUTOLA
2025-26,2,TXL7560,2TXL7560,3,3.0,0.0,0.0,B,LIFE CYCLE ASSESSMENT FOR TEXTILES-TXL7560,BIPIN KUMAR
2025-26,2,TXL7563,2TXL7563,3,3.0,0.0,0.0,E,SCIENCE AND APPLICATIONS OF NANOTECHNOLOGY IN TEXTILES-TXL7563,MANGALA JOSHI
2025-26,2,TXL7601,2TXL7601,3,3.0,0.0,0.0,M,DESIGN OF EXPERIMENTS AND STATISTICAL ANALYSIS-TXL7601,AMIT RAWAL
2025-26,2,TXL7654,2TXL7654,3,3.0,0.0,0.0,H,MEDICAL TEXTILES-TXL7654,SOURABH GHOSH
2025-26,2,TXL771,2TXL771,4,3.0,0.0,2.0,J,ELECTRONICS AND CONTROLS FOR TEXTILEINDUSTRY-TXL771,ANKUR GUPTA
2025-26,2,TXL773,2TXL773,3,3.0,0.0,0.0,H,MEDICAL TEXTILES-TXL773,SOURABH GHOSH
2025-26,2,TXL775,2TXL775,3,3.0,0.0,0.0,B,TECHNICAL TEXTILES-TXL775,DIPAYAN DAS
2025-26,2,TXL783,2TXL783,3,3.0,0.0,0.0,M,DESIGN OF EXPER. & STAT. TECH.-TXL783,AMIT RAWAL
2025-26,2,TXL786,2TXL786,3,2.0,0.0,2.0,F,TECHNOLOGY OF TEXTILE COATING AND LAMINATION-TXL786,JAVED NABIBAKSHA SHEIKH
2025-26,2,TXN7501,2TXN7501,4,0.0,0.0,8.0,X,TEACHING PRACTICUM (M.TECH. TEXTILE ENGINEERING)-TXN7501,BIPIN KUMAR
2025-26,2,TXN7502,2TXN7502,4,0.0,0.0,8.0,X,RESEARCH PRACTICUM (M.TECH. TEXTILE ENGINEERING)-TXN7502,BIPIN KUMAR
2025-26,2,TXN7503,2TXN7503,4,0.0,0.0,8.0,X,TEACHING PRACTICUM (M.TECH. IN FIBRE ENGINEERING AND TEXTILE CHEMICAL PROCESSING)-TXN7503,ARCHANA SAMANTA
2025-26,2,TXN7504,2TXN7504,4,0.0,0.0,8.0,X,RESEARCH PRACTICUM (M.TECH. IN FIBRE ENGINEERING AND TEXTILE CHEMICAL PROCESSING)-TXN7504,ARCHANA SAMANTA
2025-26,2,TXP212,2TXP212,1,0.0,0.0,2.0,C,MANUFACTURED FIBRE TECHNO. LAB-TXP212,SOURABH GHOSH
2025-26,2,TXP221,2TXP221,1,0.0,0.0,2.0,E,YARN MANUFACTURE LABORATORYI-TXP221,SOHEL RANA
2025-26,2,TXP231,2TXP231,1,0.0,0.0,2.0,B,FABRIC MANUFACTURE LAB. - I-TXP231,AMIT RAWAL
2025-26,2,TXP241,2TXP241,1.5,0.0,0.0,3.0,F,TECH. OF TEX. PRE. & FIN. LAB.-TXP241,HARUN VENKATESAN , MD. S. WAZED ALI , SAMRAT MUKHOPADHYAY , BHUPENDRA SINGH BUTOLA
2025-26,2,TXP361,2TXP361,1,0.0,0.0,2.0,D,EVALUATION OF TEXTILES LAB-TXP361,BIPIN KUMAR
2025-26,2,TXP7103,2TXP7103,1,0.0,0.0,2.0,B,FIBRE MANUFACTURING LAB-TXP7103,ARCHANA SAMANTA
2025-26,2,TXP7402,2TXP7402,1,0.0,0.0,2.0,P,ANALYSIS OF CHEMICALS AND FINISHED TEXTILES LAB-TXP7402,JAVED NABIBAKSHA SHEIKH
2025-26,2,TXQ302,2TXQ302,1,0.0,0.0,2.0,P,SEMINAR COURSE 2-TXQ302,APURBA DAS
2025-26,2,TXV7003,2TXV7003,1,1.0,0.0,0.0,X,TECHNOLOGY OF INDUSTRIAL FABRIC CARE-TXV7003,JAVED NABIBAKSHA SHEIKH
2025-26,2,TXV707,2TXV707,1,1.0,0.0,0.0,X,SPL. MODULE IN TEXT. CHE. PRO.-TXV707,JAVED NABIBAKSHA SHEIKH
2025-26,2,TRL7101,2TRL7101,3,3.0,0.0,0.0,K,TRANSPORTATION SAFETY AND INJURY PREVENTION PRINCIPLES-TRL7101,GEETAM TIWARI
2025-26,2,TRL7201,2TRL7201,3,2.0,0.0,2.0,B,TRANSPORT PLANNING FOR SUSTAINABLE CITIES-TRL7201,DEEPTY JAIN
2025-26,2,TRL7203,2TRL7203,2,2.0,0.0,0.0,K,TRANSPORT LAW &AMP; POLICY-TRL7203,GIRISH AGRAWAL
2025-26,2,TRL7206,2TRL7206,3,2.0,0.0,2.0,AB,TRAFFIC SIMULATION AND MODELLING: THEORY AND APPLICATIONS-TRL7206,CHAKKA MOHANA NAGA SAI CHAND
2025-26,2,TRL7500,2TRL7500,3,3.0,0.0,0.0,AD,THE CITY: A MULTIPLE PERSPECTIVE CONSTRUCT-TRL7500,GIRISH AGRAWAL
2025-26,2,TRL8054,2TRL8054,3,3.0,0.0,0.0,H,EPIDEMIOLOGY METHODS FOR ROAD TRAFFIC INJURIES-TRL8054,RAHUL GOEL
2025-26,2,TRL8200,2TRL8200,3,3.0,0.0,0.0,J,SPECIAL TOPICS IN TRANSPORTATION, ENVIRONMENT &AMP; HEALTH-TRL8200,GIRISH AGRAWAL
2025-26,2,TRP7001,2TRP7001,1,0.0,0.0,2.0,J,ROAD SAFETY AUDIT METHODS-TRP7001,DEEPTY JAIN
2025-26,2,TRV7002,2TRV7002,1,1.0,0.0,0.0,A,COST OF TRANSPORTATION EXTERNALITIES-TRV7002,GEETAM TIWARI
2026-27,1,AMD5050,1AMD5050,4,0.0,0.0,8.0,X,MINOR PROJECT-AMD5050,PRATEEK GUPTA
2026-27,1,AMD8010,1AMD8010,6,0.0,0.0,12.0,X,M.TECH. MAJOR PROJECT PART 1-AMD8010,ARJUN SHARMA
2026-27,1,AMD8021,1AMD8021,42,0.0,0.0,84.0,X,M.S.(R) THESIS-AMD8021,SITIKANTHA ROY
2026-27,1,AMD895,1AMD895,40,0.0,0.0,80.0,X,MAJOR PROJECT-AMD895,ARJUN SHARMA
2026-27,1,AMD899,1AMD899,10,0.0,0.0,20.0,X,DESIGN PROJECT-AMD899,KIRAN RAMESH
2026-27,1,AML1000,1AML1000,4,3.0,1.0,0.0,AB,ENGINEERING MECHANICS-AML1000,RITWIK BANDYOPADHYAY
2026-27,1,AML2010,1AML2010,4,3.0,1.0,0.0,D,SOLID MECHANICS-AML2010,PUNEET MAHAJAN
2026-27,1,AML2020,1AML2020,4,3.0,1.0,0.0,E,FLUID MECHANICS-AML2020,PRATEEK GUPTA
2026-27,1,AML5000,1AML5000,3,3.0,0.0,0.0,F,SHIP RESISTANCE &AMP; PROPULSION-AML5000,KIRAN RAMESH
2026-27,1,AML5010,1AML5010,3,3.0,0.0,0.0,H,WARSHIP DESIGN-AML5010,SUBIR KUMAR SINGH
2026-27,1,AML5020,1AML5020,4,3.0,1.0,0.0,D,APPLIED SOLID MECHANICS-AML5020,S. PRADYUMNA
2026-27,1,AML5030,1AML5030,4,3.0,1.0,0.0,E,APPLIED FLUID MECHANICS-AML5030,ANUPAM DEWAN
2026-27,1,AML5040,1AML5040,3,3.0,0.0,0.0,B,SHIP DYNAMICS-AML5040,ROHIT S NAIR
2026-27,1,AML7000,1AML7000,4,3.0,0.0,2.0,A,ENGINEERING MATHEMATICS AND NUMERICAL METHODS-AML7000,ARJUN SHARMA
2026-27,1,AML7010,1AML7010,4,3.0,0.0,2.0,B,COMPUTER AIDED ENGINEERING DESIGN-AML7010,AMITABH BHATTACHARYA
2026-27,1,AML7020,1AML7020,3,3.0,0.0,0.0,F,OPTIMIZATION METHODS-AML7020,SITIKANTHA ROY
2026-27,1,AML7030,1AML7030,3,3.0,0.0,0.0,D,THEORY OF LINEAR AND NONLINEAR ELASTIC SOLIDS-AML7030,AJEET KUMAR
2026-27,1,AML7040,1AML7040,3,3.0,0.0,0.0,E,ADVANCED FLUID MECHANICS-AML7040,SANJEEV SANGHI
2026-27,1,AML7200,1AML7200,3,3.0,0.0,0.0,D,MULTISCALE MODELLING AND COMPUTATION-AML7200,SABYASACHI CHATTERJEE
2026-27,1,AML7230,1AML7230,3,3.0,0.0,0.0,X,SMART MATERIALS AND STRUCTURES-AML7230,SUSHMA SANTAPURI
2026-27,1,AML7260,1AML7260,3,3.0,0.0,0.0,X,FRACTURE MECHANICS-AML7260,GAURAV SINGH
2026-27,1,AML7280,1AML7280,3,3.0,0.0,0.0,X,NONLINEAR DYNAMICS-AML7280,SANKALP TIWARI
2026-27,1,AML7410,1AML7410,3,3.0,0.0,0.0,X,PHYSICS OF TURBULENT FLOWS-AML7410,GAURAV CHOPRA
2026-27,1,AML7430,1AML7430,3,3.0,0.0,0.0,X,COMPRESSIBLE FLUID FLOW AND GAS DYNAMICS-AML7430,SAWAN SUMAN SINHA
2026-27,1,AML7440,1AML7440,3,3.0,0.0,0.0,J,HYDRODYNAMIC STABILITY-AML7440,RITABRATA THAKUR
2026-27,1,AML7450,1AML7450,3,3.0,0.0,0.0,X,DESIGN OF TURBOMACHINERY-AML7450,GAURAV CHOPRA
2026-27,1,AML7660,1AML7660,4,3.0,0.0,2.0,X,MESHLESS AND PARTICLE-BASED METHODS-AML7660,ARPIT KUMAR AGRAWAL
2026-27,1,AML7800,1AML7800,4,3.0,0.0,2.0,B,DEEP LEARNING FOR MECHANICS-AML7800,SOUVIK CHAKRABORTY
2026-27,1,AML7890,1AML7890,3,3.0,0.0,0.0,M,CONTROL THEORY-AML7890,SRIHARI SANKARASARMA VEMURI
2026-27,1,AML7900,1AML7900,3,3.0,0.0,0.0,H,RELIABILITY ANALYSIS AND RELIABILITY-BASED DESIGN OPTIMIZATION-AML7900,RAJDIP NAYEK
2026-27,1,AML793,1AML793,3,3.0,0.0,0.0,B,SHIP DYNAMICS-AML793,ROHIT S NAIR
2026-27,1,AML815,1AML815,3,3.0,0.0,0.0,J,HYDRODYNAMIC STABILITY-AML815,RITABRATA THAKUR
2026-27,1,AML816,1AML816,3,3.0,0.0,0.0,X,COMPRESSIBLE FLUID FLOW AND GAS DYNAMICS-AML816,SAWAN SUMAN SINHA
2026-27,1,AML8220,1AML8220,3,3.0,0.0,0.0,J,ADVANCED FINITE ELEMENT METHOD-AML8220,BADRI PRASAD PATEL
2026-27,1,AMN8010,1AMN8010,4,0.0,0.0,8.0,X,M.TECH. TEACHING PRACTICUM-AMN8010,ARJUN SHARMA
2026-27,1,AMN8011,1AMN8011,4,0.0,0.0,8.0,X,M.S.(R) TEACHING PRACTICUM-AMN8011,SITIKANTHA ROY
2026-27,1,AMN8012,1AMN8012,4,0.0,0.0,8.0,X,PH.D. TEACHING PRACTICUM-AMN8012,SITIKANTHA ROY
2026-27,1,AMN8020,1AMN8020,4,0.0,0.0,8.0,X,M.TECH. RESEARCH PRACTICUM-AMN8020,ARJUN SHARMA
2026-27,1,AMN8021,1AMN8021,4,0.0,0.0,8.0,X,M.S.(R) RESEARCH PRACTICUM-AMN8021,SITIKANTHA ROY
2026-27,1,AMN8022,1AMN8022,4,0.0,0.0,8.0,X,PH.D. RESEARCH PRACTICUM-AMN8022,SITIKANTHA ROY
2026-27,1,AMP262,1AMP262,2,0.0,0.0,4.0,P,FLUIDS & SOLIDS LABORATORY-AMP262,NARSING KUMAR JHA
2026-27,1,AMP7100,1AMP7100,1,0.0,0.0,2.0,X,RESEARCH COMMUNICATION AND PROFESSIONAL ETHICS IN MECHANICS-AMP7100,GAURAV CHOPRA
2026-27,1,APD411,1APD411,4,0.0,0.0,8.0,X,B.TECH. PROJECT-I-APD411,RITWIK BANDYOPADHYAY
2026-27,1,APD412,1APD412,6,0.0,0.0,12.0,X,B.TECH PROJECT II-APD412,RITWIK BANDYOPADHYAY
2026-27,1,APD811,1APD811,6,0.0,0.0,12.0,X,MAJOR PROJECT PART-I-APD811,ARJUN SHARMA
2026-27,1,APD812,1APD812,12,0.0,0.0,24.0,X,MAJOR PROJECT PART-II-APD812,ARJUN SHARMA
2026-27,1,APD895,1APD895,36,0.0,0.0,72.0,X,MS RESEARCH PROJECT-APD895,SITIKANTHA ROY
2026-27,1,APL101,1APL101,3,3.0,0.0,0.0,B,APPLIED MATHEMATICS FOR ENGINEERS-APL101,ARGHYA SAMANTA
2026-27,1,APL203,1APL203,4,3.0,1.0,0.0,E,DYNAMICS OF MECHANICAL SYSTEMS-APL203,SANTOSH KAPURIA
2026-27,1,APL205,1APL205,2,2.0,0.0,0.0,H,BASICS OF COMPUTER AIDED DESIGN-APL205,PRAPANCH NAIR
2026-27,1,APL207,1APL207,2,2.0,0.0,0.0,F,HEAT TRANSFER-APL207,NARSING KUMAR JHA
2026-27,1,APL302,1APL302,4,3.0,0.0,2.0,B,BASICS OF PRODUCT DE-APL302,VAMSI KRISHNA CHALAMALLA
2026-27,1,APL361,1APL361,3,3.0,0.0,0.0,E,ADVANCED FLUID DYNAMICS-APL361,ARGHYA SAMANTA
2026-27,1,APL380,1APL380,3,3.0,0.0,0.0,C,BIOMECHANICS-APL380,NIKHIL WALANI
2026-27,1,APL390,1APL390,3.5,2.0,0.0,3.0,F,EXPERIMENTAL TECHNIQUES IN FLUIDS AND SOLIDS-APL390,VIKRANT TIWARI
2026-27,1,APL410,1APL410,3,3.0,0.0,0.0,D,MULTI-SCALE MODELING AND COMPUTATION-APL410,SABYASACHI CHATTERJEE
2026-27,1,APL424,1APL424,3,3.0,0.0,0.0,J,INTRODUCTION TO HYDRODYNAMICS STABILITY-APL424,RITABRATA THAKUR
2026-27,1,APL434,1APL434,3,3.0,0.0,0.0,X,SMART MATERIAL AND STRUCTURES-APL434,SUSHMA SANTAPURI
2026-27,1,APL742,1APL742,4,3.0,0.0,2.0,X,ADVANCED BIOMECHANICS-APL742,NIKHIL WALANI
2026-27,1,APL745,1APL745,4,3.0,0.0,2.0,B,DEEP LEARNING FOR MECHANICS-APL745,SOUVIK CHAKRABORTY
2026-27,1,APL765,1APL765,3,3.0,0.0,0.0,X,FRACTURE MECHANICS-APL765,GAURAV SINGH
2026-27,1,APL771,1APL771,3,3.0,0.0,0.0,F,DECISION THEORY & DESIGN OPTIMIZATION-APL771,SITIKANTHA ROY
2026-27,1,APL796,1APL796,3,3.0,0.0,0.0,D,ADVANCED SOLID MECHANICS-APL796,AJEET KUMAR
2026-27,1,APL805,1APL805,3,3.0,0.0,0.0,J,ADVANCED FINITE ELEMENT METHOD-APL805,BADRI PRASAD PATEL
2026-27,1,APL821,1APL821,4,3.0,0.0,2.0,J,SPECTRAL METHODS FOR FLUID FLOW COMPUTATIONS-APL821,ARJUN SHARMA
2026-27,1,APL871,1APL871,3,3.0,0.0,0.0,H,PRODUCT RELIABILITY & MAINTENANCE-APL871,RAJDIP NAYEK
2026-27,1,APQ301,1APQ301,1,0.0,0.0,2.0,X,SEMINAR COURSE - I-APQ301,NIKHIL WALANI
2026-27,1,BBD451,1BBD451,3,0.0,0.0,6.0,P,MAJOR PROJECT PART 1 (BB1)-BBD451,KUMARI PRITI SINHA
2026-27,1,BBD8055,1BBD8055,6,0.0,0.0,12.0,P,M.TECH PROJECT PART-I-BBD8055,AMIT DAS
2026-27,1,BBD895,1BBD895,36,0.0,0.0,72.0,P,MAJOR PROJECT (MSR)-BBD895,ASHISH MISRA
2026-27,1,BBL132,1BBL132,4.5,3.0,0.0,3.0,F,GENERAL MICROBIOLOGY-BBL132,SHILPI SHARMA
2026-27,1,BBL2102,1BBL2102,4,3.0,0.0,2.0,F,MICROBIOLOGY-BBL2102,SHILPI SHARMA
2026-27,1,BBL2103,1BBL2103,4,3.0,0.0,2.0,H,FLUID MECHANICS FOR BIOCHEMICAL ENGINEERS-BBL2103,KUMARI PRITI SINHA
2026-27,1,BBL231,1BBL231,4.5,3.0,0.0,3.0,D,MOLECULAR BIOLOGY & GENETICS-BBL231,PREETI SRIVASTAVA
2026-27,1,BBL331,1BBL331,3,3.0,0.0,0.0,B,BIOPROCESS ENGINEERING-BBL331,ASHISH MISRA
2026-27,1,BBL446,1BBL446,3,3.0,0.0,0.0,D,BIOPHYSICS-BBL446,GARIMA RANI
2026-27,1,BBL7035,1BBL7035,3,2.0,0.0,2.0,D,GENOMICS AND PROTEOMICS-BBL7035,ISHAAN GUPTA
2026-27,1,BBL7037,1BBL7037,3,2.0,0.0,2.0,E,INSTRUMENTATION AND ANALYTICAL METHODS IN BIOENGINEERING-BBL7037,AMIT DAS
2026-27,1,BBL7046,1BBL7046,3,3.0,0.0,0.0,AA,CURRENT TOPICS IN BIOCHEMICAL ENGINEERING AND BIOTECHNOLOGY-BBL7046,AUHIN KUMAR MAPARU
2026-27,1,BBL7071,1BBL7071,4,3.0,0.0,2.0,A,MICROBIAL BIOCHEMISTRY AND MOLECULAR BIOLOGY-BBL7071,PRASHANT MISHRA , ANJAN ROY
2026-27,1,BBL7072,1BBL7072,3,2.0,0.0,2.0,B,DATA ANALYTICS AND INFORMATICS FOR BIOTECHNOLOGY-BBL7072,AMIT DAS
2026-27,1,BBL7073,1BBL7073,3,3.0,0.0,0.0,H,APPLIED MATHEMATICS FOR BIOCHEMICAL ENGINEERING-BBL7073,ATUL NARANG
2026-27,1,BBL7157,1BBL7157,3,3.0,0.0,0.0,AB,ELECTROMICROBIOLOGY AND BIOELECTROCHEMICAL SYSTEMS-BBL7157,LUCINDA ELIZABETH DOYLE
2026-27,1,BBL731,1BBL731,4.5,3.0,0.0,3.0,C,BIOSEPARATION ENGINEERING-BBL731,SUNIL NATH , KRISHNA JYOTI MUKHERJEE
2026-27,1,BBL732,1BBL732,4,3.0,0.0,2.0,B,BIOPROCESS PLANT DESIGN-BBL732,SHAIKH ZIAUDDIN AHAMMAD
2026-27,1,BBL733,1BBL733,3.5,2.0,0.0,3.0,D,RECOMBINANT DNA TECHNOLOGY-BBL733,RITU KULSHRESHTHA
2026-27,1,BBL735,1BBL735,3,2.0,0.0,2.0,D,GENOMICS AND PROTEOMICS-BBL735,ISHAAN GUPTA
2026-27,1,BBL737,1BBL737,3,2.0,0.0,2.0,E,INST. & ANA. METH. IN BIOENGG.-BBL737,AMIT DAS
2026-27,1,BBL746,1BBL746,3,3.0,0.0,0.0,AA,CURRENT TOPICS IN BIOCHEMICALENGINEERING AND BIOTE-BBL746,AUHIN KUMAR MAPARU
2026-27,1,BBL751,1BBL751,2,2.0,0.0,0.0,J,BIOTECHNOLOGY ENTREPRENEURSHIP-BBL751,PREETI SRIVASTAVA
2026-27,1,BBL757,1BBL757,3,3.0,0.0,0.0,AB,ELECTROMICROBIOLOGY AND BIOELECTROCHEMICAL SYSTEMS-BBL757,LUCINDA ELIZABETH DOYLE
2026-27,1,BBP332,1BBP332,1.5,0.0,0.0,3.0,P,BIOPROCESS ENGINEERING LAB-BBP332,ASHISH MISRA
2026-27,1,BBQ301,1BBQ301,1,0.0,0.0,2.0,P,SEMINAR COURSE - I-BBQ301,PREETI SRIVASTAVA
2026-27,1,BBQ302,1BBQ302,1,0.0,0.0,2.0,P,SEMINAR COURSE - II-BBQ302,ANJAN ROY
2026-27,1,JCP781,1JCP781,1,0.0,0.0,2.0,P,DATA STRUCTURES AND ALGORITHMS LAB-JCP781,ASHOK KUMAR BHATEJA
2026-27,1,CRL7001,1CRL7001,3,2.0,0.0,2.0,E,INTRODUCTION TO DATA SCIENCE AND SIGNAL PROCESSING-CRL7001,PRABHU BABU
2026-27,1,CRL7003,1CRL7003,3,3.0,0.0,0.0,X,OPTIMIZATION FOR DATA SCIENCE AND SIGNAL PROCESSING-CRL7003,AAKASH ARORA
2026-27,1,CRL7007,1CRL7007,3,3.0,0.0,0.0,F,HUMAN AND MACHINE SPEECH COMMUNICATION-CRL7007,ARUN KUMAR
2026-27,1,CRL7009,1CRL7009,3,3.0,0.0,0.0,X,UNDERWATER ELECTRONIC SYSTEMS-CRL7009,MONIKA AGGARWAL
2026-27,1,CRL7011,1CRL7011,4,3.0,0.0,2.0,A,CAD OF RF AND MICROWAVE CIRCUITS-CRL7011,MAHESH PANDURANG ABEGAONKAR , ANANJAN BASU
2026-27,1,CRL7013,1CRL7013,3,3.0,0.0,0.0,X,ADVANCED ENGINEERING ELECTROMAGNETICS-CRL7013,VIGYANSHU MISHRA
2026-27,1,CRL7015,1CRL7015,3,3.0,0.0,0.0,H,RADIATING SYSTEMS FOR RF COMMUNICATION-CRL7015,KIRTI DHWAJ , KIRILL KLIONOVSKI
2026-27,1,CRL7022,1CRL7022,3,3.0,0.0,0.0,B,RF AND MICROWAVE SOLID STATE DEVICES-CRL7022,SAMARESH DAS
2026-27,1,CRL7025,1CRL7025,3,3.0,0.0,0.0,B,TECHNOLOGY OF RF AND MICROWAVE SOLID STATE DEVICES-CRL7025,RAHUL MISHRA
2026-27,1,CRL7028,1CRL7028,3,3.0,0.0,0.0,E,LOW-POWER CMOS INTEGRATED CIRCUIT DESIGN-CRL7028,ANKUR GUPTA
2026-27,1,CRL7051,1CRL7051,3,3.0,0.0,0.0,X,QUANTUM COMMUNICATIONS AND INFORMATION PROCESSING-CRL7051,NEEL KANTH KUNDU
2026-27,1,CRL7052,1CRL7052,3,2.0,0.0,2.0,X,QUANTUM COMPUTATIONS AND ALGORITHMS-CRL7052,MONIKA AGGARWAL
2026-27,1,CRL725,1CRL725,3,3.0,0.0,0.0,B,TECHNOLOGY OF RF AND MICROWAVE SOLID STATE DEVICES-CRL725,RAHUL MISHRA
2026-27,1,CRN7080,1CRN7080,4,0.0,0.0,8.0,X,TEACHING RESEARCH PRACTICUM-CRN7080,NEEL KANTH KUNDU
2026-27,1,CRP7018,1CRP7018,4,1.0,0.0,6.0,P,RF AND MICROWAVE MEASUREMENT LABORATORY-CRP7018,VIKRANT KAIM , PUSHPAPRAJ SINGH , PRABHU BABU
2026-27,1,CRP7023,1CRP7023,3,1.0,0.0,4.0,P,FABRICATION TECHNIQUES FOR RF AND MICROWAVE DEVICES-CRP7023,PUSHPAPRAJ SINGH
2026-27,1,CRV7043,1CRV7043,1,1.0,0.0,0.0,X,SPECIAL MODULE IN RADIO FREQUENCY DESIGN AND TECHNOLOGY-II-CRV7043,GAURAV SHARMA
2026-27,1,CRV7081,1CRV7081,1,1.0,0.0,0.0,X,PROFESSIONAL ETHICS-CRV7081,SAMARESH DAS , PRABHU BABU
2026-27,1,ASD881,1ASD881,6,0.0,0.0,12.0,Q,PROJECT-I-ASD881,SARVESH KUMAR DUBEY
2026-27,1,ASD895,1ASD895,36,0.0,0.0,72.0,Q,MS RESEARCH PROJECT-ASD895,SARVESH KUMAR DUBEY
2026-27,1,ASD8950,1ASD8950,42,0.0,0.0,84.0,Q,MSR PROJECT-ASD8950,SARVESH KUMAR DUBEY
2026-27,1,ASL350,1ASL350,3,3.0,0.0,0.0,F,INTRODUCTION TOOCEANOGRAPHY-ASL350,VIMLESH PANT
2026-27,1,ASL360,1ASL360,3,3.0,0.0,0.0,M,THE EARTH`S ATMOSPHERE: PHYSICAL PRINCIPLES-ASL360,SAROJ KANTA MISHRA
2026-27,1,ASL375,1ASL375,3,3.0,0.0,0.0,F,CLIMATE OF THE PAST: LESSONS FOR THE FUTURE-ASL375,YAMA DIXIT
2026-27,1,ASL375,1ASL375,3,3.0,0.0,0.0,J,CLIMATE OF THE PAST: LESSONS FOR THE FUTURE-ASL375,YAMA DIXIT
2026-27,1,ASL385,1ASL385,3,3.0,0.0,0.0,M,FUNDAMENTALS OF AIR POLLUTION SCIENCE-ASL385,SHAHZAD GANI
2026-27,1,ASL732,1ASL732,3,2.0,0.0,2.0,F,MATHEMATICAL AND COMPUTATIONAL-ASL732,SARVESH KUMAR DUBEY
2026-27,1,ASL7320,1ASL7320,3,2.0,0.0,2.0,F,MATHEMATICAL AND COMPUTATIONAL METHODS FOR ATMOSPHERIC AND OCEANIC SCIENCES-ASL7320,SARVESH KUMAR DUBEY
2026-27,1,ASL733,1ASL733,3,3.0,0.0,0.0,B,PHYSICS OF THE ATMOSPHERE-ASL733,DILIP GANGULY
2026-27,1,ASL7330,1ASL7330,3,3.0,0.0,0.0,B,PHYSICS OF THE ATMOSPHERE-ASL7330,DILIP GANGULY
2026-27,1,ASL734,1ASL734,3,3.0,0.0,0.0,E,DYNAMICS OF THE ATMOSPHERE-ASL734,VIMAL KOUL
2026-27,1,ASL7340,1ASL7340,3,3.0,0.0,0.0,E,DYNAMICS OF THE ATMOSPHERE-ASL7340,VIMAL KOUL
2026-27,1,ASL736,1ASL736,3,3.0,0.0,0.0,H,SCIENCE OF CLIMATE CHANGE-ASL736,ABHISHEK SAVITA
2026-27,1,ASL7360,1ASL7360,3,3.0,0.0,0.0,H,SCIENCE OF CLIMATE CHANGE-ASL7360,ABHISHEK SAVITA
2026-27,1,ASL737,1ASL737,3,3.0,0.0,0.0,D,PHYSICAL AND DYNAMICAL OCEANOGRAPHY-ASL737,SAMIRAN MANDAL
2026-27,1,ASL7370,1ASL7370,3,3.0,0.0,0.0,D,PHYSICAL AND DYNAMICAL OCEANOGRAPHY-ASL7370,SAMIRAN MANDAL
2026-27,1,ASL750,1ASL750,3,3.0,0.0,0.0,D,BOUNDARY LAYER METEOROLOGY-ASL750,PRASANTH PRABHAKARAN
2026-27,1,ASL755,1ASL755,3,3.0,0.0,0.0,A,REMOTE SENSING OF THE ATMOSPHERE AND OCEAN-ASL755,SAGNIK DEY
2026-27,1,ASL7550,1ASL7550,3,3.0,0.0,0.0,A,REMOTE SENSING OF ATMOSPHERE AND OCEAN-ASL7550,SAGNIK DEY
2026-27,1,ASL762,1ASL762,3,3.0,0.0,0.0,J,AIR - SEA INTERACTION-ASL762,SAURABH RATHORE
2026-27,1,ASL7620,1ASL7620,3,3.0,0.0,0.0,J,AIR - SEA INTERACTION-ASL7620,SAURABH RATHORE
2026-27,1,ASL851,1ASL851,3,3.0,0.0,0.0,M,SPECIAL TOPICS IN CLIMATE-ASL851,RAVI KUMAR KUNCHALA
2026-27,1,ASL8510,1ASL8510,3,3.0,0.0,0.0,M,SPECIAL TOPICS IN CLIMATE-ASL8510,RAVI KUMAR KUNCHALA
2026-27,1,ASL854,1ASL854,3,3.0,0.0,0.0,J,SPECIAL TOPICS IN AIR POLLUTION STUDIES-ASL854,SAJEEV PHILIP
2026-27,1,ASN7770,1ASN7770,4,0.0,0.0,8.0,Q,TEACHING AND RESEARCH PRACTICUM-ASN7770,SAURABH RATHORE
2026-27,1,ASP731,1ASP731,2,0.0,0.0,4.0,AA,DATA ANALYSIS METHODS FOR ATMO-ASP731,SOMNATH BAIDYA ROY
2026-27,1,ASP7310,1ASP7310,3,1.0,0.0,4.0,AA,DATA ANALYSIS METHODS FOR ATMOSPHERIC AND OCEANIC SCIENCES-ASP7310,SOMNATH BAIDYA ROY
2026-27,1,CTD7006,1CTD7006,3,0.0,0.0,6.0,X,SUMMER INTERNSHIP-CTD7006,MANDEEP SINGH RANA
2026-27,1,CTD8001,1CTD8001,9,0.0,0.0,18.0,X,M.TECH PROJECT PART-I-CTD8001,MANDEEP SINGH RANA
2026-27,1,CTD801,1CTD801,6,0.0,0.0,12.0,X,MAJOR PROJECT PART-I-CTD801,MANDEEP SINGH RANA
2026-27,1,CTD802,1CTD802,12,0.0,0.0,24.0,X,MAJOR PROJECT PART-II-CTD802,MANDEEP SINGH RANA
2026-27,1,CTD895,1CTD895,36,0.0,0.0,72.0,X,MS RESEARCH PROJECT-CTD895,SAURABH SAXENA
2026-27,1,CTL7003,1CTL7003,3,3.0,0.0,0.0,B,INTRODUCTION TO ELECTRIC VEHICLES-CTL7003,HUSAIN KANCHWALA , DEEPAK KUMAR
2026-27,1,CTL7007,1CTL7007,3,3.0,0.0,0.0,E,BATTERIES FOR ELECTRIC VEHICLES: MULTIDISCIPLINARY PERSPECTIVES-CTL7007,SAURABH SAXENA
2026-27,1,CTL7010,1CTL7010,2,1.0,0.0,2.0,AD,ETHICAL RESEARCH WRITING IN AUTOMOTIVE ENGINEERING-CTL7010,GOKULNATH THANDAVARAYAN
2026-27,1,CTL7029,1CTL7029,3,3.0,0.0,0.0,F,AUTOMOTIVE RELIABILITY AND LIFE TESTING-CTL7029,SHAHAB FATIMA , SAURABH SAXENA
2026-27,1,CTL703,1CTL703,3,3.0,0.0,0.0,B,INTRODUCTION TO ELECTRIC VEHICLES-CTL703,DEEPAK KUMAR , HUSAIN KANCHWALA
2026-27,1,CTL7041,1CTL7041,4,3.0,0.0,2.0,A,ADVANCED MOTORS FOR ELECTRIC MOBILITY-CTL7041,SAPTARSHI BASAK
2026-27,1,CTL7045,1CTL7045,3,3.0,0.0,0.0,J,FUNDAMENTALS OF EV CHARGER DESIGN-CTL7045,SANTANU KUMAR MISHRA
2026-27,1,CTL707,1CTL707,3,3.0,0.0,0.0,E,BATTERIES FOR ELECTRIC VEHICLES: MULTIDISCIPLINARY PERSPECTIVES-CTL707,SAURABH SAXENA
2026-27,1,CTL729,1CTL729,3,3.0,0.0,0.0,F,Reliability and Accelerated Life Testing-CTL729,SAURABH SAXENA , SHAHAB FATIMA
2026-27,1,CTL741,1CTL741,4,3.0,0.0,2.0,A,ADVANCED MOTORS FOR ELECTRIC MOBILITY-CTL741,SAPTARSHI BASAK
2026-27,1,CTN7001,1CTN7001,4,0.0,0.0,8.0,X,TEACHING AND RESEARCH PRACTICUM-CTN7001,MANDEEP SINGH RANA
2026-27,1,CTN7003,1CTN7003,4,0.0,0.0,8.0,X,TEACHING AND RESEARCH PRACTICUM-CTN7003,SAURABH SAXENA
2026-27,1,CTP7002,1CTP7002,3,1.0,0.0,4.0,AC1,ELECTRIC VEHICLE LABORATORY 01-CTP7002,MANDEEP SINGH RANA
2026-27,1,CTP702,1CTP702,3,1.0,0.0,4.0,AC,ELECTRIC VEHICLE LABORATORY 1-CTP702,MANDEEP SINGH RANA
2026-27,1,CTV8001,1CTV8001,1,1.0,0.0,0.0,D,SPECIAL TOPICS IN EV ELECTRICAL SYSTEMS-CTV8001,SAPTARSHI BASAK
2026-27,1,CTV8004,1CTV8004,1,1.0,0.0,0.0,M,SPECIAL TOPICS IN CONNECTED AUTOMATED VEHICLES &AMP; SENSORS-CTV8004,GOKULNATH THANDAVARAYAN
2026-27,1,BMD801,1BMD801,9,0.0,0.0,18.0,X,MAJOR PROJECT-I-BMD801,PRADIPTA MUKHERJEE
2026-27,1,BMD8010,1BMD8010,6,0.0,0.0,12.0,X,MAJOR PROJECT I-BMD8010,PRADIPTA MUKHERJEE
2026-27,1,BMD895,1BMD895,36,0.0,0.0,72.0,X,MS RESEARCH PROJECT-BMD895,AARAT PRATYAKSH KALRA
2026-27,1,BMD8950,1BMD8950,36,0.0,0.0,72.0,X,MS RESEARCH PROJECT-BMD8950,AARAT PRATYAKSH KALRA
2026-27,1,BML401,1BML401,3,2.0,0.0,2.0,F,HEALTHCARE ENTREPRENEURSHIP-BML401,ARNAB CHANDA
2026-27,1,BML707,1BML707,3,3.0,0.0,0.0,M,MOLECULAR BIOENGINEERING FOR HUMAN HEALTH-BML707,SARVESH KUMAR SRIVASTAVA
2026-27,1,BML7070,1BML7070,3,3.0,0.0,0.0,M,MOLECULAR BIOENGINEERING FOR HUMAN HEALTH-BML7070,SARVESH KUMAR SRIVASTAVA
2026-27,1,BML710,1BML710,3,3.0,0.0,0.0,H,INDUSTRIAL BIOMATERIAL TECHNOLOGY-BML710,SACHIN KUMAR B
2026-27,1,BML7100,1BML7100,3,3.0,0.0,0.0,H,INDUSTRIAL BIOMATERIAL TECHNOLOGY-BML7100,SACHIN KUMAR B
2026-27,1,BML7110,1BML7110,3,3.0,0.0,0.0,M,OPTICAL COHERENCE TOMOGRAPHY: FROM TECHNOLOGY TO APPLICATIONS-BML7110,PRADIPTA MUKHERJEE
2026-27,1,BML714,1BML714,4,3.0,0.0,2.0,AC,ADVANCED NEUROMECHANICS-BML714,BISWARUP MUKHERJEE
2026-27,1,BML7140,1BML7140,4,3.0,0.0,2.0,AC,ADVANCED NEUROMECHANICS-BML7140,BISWARUP MUKHERJEE
2026-27,1,BML7150,1BML7150,3,3.0,0.0,0.0,M,QUANTUM BIOTECHNOLOGY-BML7150,AARAT PRATYAKSH KALRA
2026-27,1,BML720,1BML720,3,3.0,0.0,0.0,AD,MEDICAL IMAGING-BML720,AMIT MEHNDIRATTA
2026-27,1,BML7200,1BML7200,3,3.0,0.0,0.0,AD,MEDICAL IMAGING-BML7200,AMIT MEHNDIRATTA
2026-27,1,BML7381,1BML7381,3,2.0,0.0,2.0,AC,DEEP LEARNING FOR MEDICAL IMAGE ANALYSIS-BML7381,ANUP SINGH
2026-27,1,BML750,1BML750,3,3.0,0.0,0.0,J,POINT OF CARE MEDICAL DIAG DEV-BML750,SANDEEP KUMAR JHA
2026-27,1,BML7500,1BML7500,3,3.0,0.0,0.0,J,POINT OF CARE MEDICAL DIAGNOSTIC DEVICES-BML7500,SANDEEP KUMAR JHA
2026-27,1,BML770,1BML770,3,3.0,0.0,0.0,K,FUNDAMENTALS OF BIOMECHANICS-BML770,DINESH KALYANASUNDARAM
2026-27,1,BML7700,1BML7700,3,3.0,0.0,0.0,K,FUNDAMENTALS OF BIOMECHANICS-BML7700,DINESH KALYANASUNDARAM
2026-27,1,BML772,1BML772,3,2.0,0.0,2.0,AC,BIOFABRICATION-BML772,PRIYA VASHISTH
2026-27,1,BML7720,1BML7720,3,2.0,0.0,2.0,AC,BIOFABRICATION-BML7720,PRIYA VASHISTH
2026-27,1,BML800,1BML800,3,3.0,0.0,0.0,B,RESEARCH TECHNIQUES IN BIOMEDICAL ENGINEERING-BML800,DEEPAK JOSHI
2026-27,1,BML8000,1BML8000,3,3.0,0.0,0.0,B,RESEARCH TECHNIQUES IN BIOMEDICAL ENGINEERING-BML8000,DEEPAK JOSHI
2026-27,1,BML850,1BML850,3,3.0,0.0,0.0,F,CANCER : DIAGNOSIS AND THERAPY-BML850,JAYANTA BHATTACHARYYA
2026-27,1,BML8500,1BML8500,3,3.0,0.0,0.0,F,CANCER: DIAGNOSIS AND THERAPY-BML8500,JAYANTA BHATTACHARYYA
2026-27,1,BML860,1BML860,3,3.0,0.0,0.0,J,NANOMEDICINE-BML860,NEETU SINGH
2026-27,1,BML8600,1BML8600,3,3.0,0.0,0.0,J,NANOMEDICINE-BML8600,NEETU SINGH
2026-27,1,BML8700,1BML8700,3,3.0,0.0,0.0,J,MECHANICS OF BIOLOGICAL SYSTEMS-BML8700,AAYUSH KANT
2026-27,1,BML8860,1BML8860,3,2.0,0.0,2.0,M,FUNDAMENTALS OF ELECTROCHEMISTRY FOR CLINICAL APPLICATION-BML8860,NAVEEN KUMAR SINGH
2026-27,1,BMP744,1BMP744,2,0.0,0.0,4.0,AA,ADVANCE BIOMATERIALS LABORATORY-BMP744,PRIYA VASHISTH
2026-27,1,BMP7440,1BMP7440,2,0.0,0.0,4.0,AA,ADVANCED BIOMATERIALS LABORATORY-BMP7440,PRIYA VASHISTH
2026-27,1,BMP745,1BMP745,3,1.0,0.0,4.0,AA,ADVANCE LABORATORY IN BIOELECTRONICS & BIOSENSING-BMP745,NAVEEN KUMAR SINGH
2026-27,1,BMP7450,1BMP7450,3,1.0,0.0,4.0,AA,ADVANCED LABORATORY IN BIOELECTRONICS &AMP; BIOSENSING-BMP7450,NAVEEN KUMAR SINGH
2026-27,1,BMT7100,1BMT7100,3,0.0,0.0,6.0,X,M.TECH SUMMER INTERNSHIP-BMT7100,PRADIPTA MUKHERJEE
2026-27,1,BMV701,1BMV701,1,1.0,0.0,0.0,D,BASIC ELECTRONICS-BMV701,DEEPAK JOSHI
2026-27,1,BMV7010,1BMV7010,1,1.0,0.0,0.0,D,BASIC ELECTRONICS-BMV7010,DEEPAK JOSHI
2026-27,1,BMV702,1BMV702,1,1.0,0.0,0.0,E,BASIC MATHEMATICS FOR BIOLOGISTS-BMV702,AAYUSH KANT
2026-27,1,BMV7020,1BMV7020,1,1.0,0.0,0.0,E,BASIC ENGINEERING MATHEMATICS FOR BIOLOGISTS-BMV7020,AAYUSH KANT
2026-27,1,BMV703,1BMV703,1,1.0,0.0,0.0,X,BASIC BIOLOGY & PHYSIOLOGY-BMV703,PRIYA VASHISTH
2026-27,1,BMV7030,1BMV7030,1,1.0,0.0,0.0,X,BASIC BIOLOGY AND PHYSIOLOGY-BMV7030,PRIYA VASHISTH
2026-27,1,BMV705,1BMV705,1,1.0,0.0,0.0,X,MECHANICS OF BIOMATERIALS-BMV705,DINESH KALYANASUNDARAM
2026-27,1,BMV7050,1BMV7050,1,1.0,0.0,0.0,X,MECHANICS OF BIOMATERIALS-BMV7050,DINESH KALYANASUNDARAM
2026-27,1,RDL700,1RDL700,3,3.0,0.0,0.0,J,BIOMAS PRODUCTION-RDL700,HARIPRASAD P.
2026-27,1,RDL702,1RDL702,4,3.0,0.0,2.0,M,KARIGAR & TRADITIONAL INDUSTRIES-RDL702,VIJAYARAGHAVAN M. CHARIAR
2026-27,1,RDL7025,1RDL7025,3,3.0,0.0,0.0,AA,ECOLOGICAL PERSPECTIVE OF GROWTH AND DEVELOPMENT-RDL7025,VIVEK KUMAR
2026-27,1,RDL7070,1RDL7070,3,3.0,0.0,0.0,B,TECHNOLOGIES IN AGRICULTURE VALUE CHAINS: LINKING RURAL DEVELOPMENT AND GLOBAL TRADE-RDL7070,KAVYA DASHORA
2026-27,1,RDL710,1RDL710,3,3.0,0.0,0.0,A,RURAL INDIA AND PLANNING FOR DEVELOPMENT-RDL710,AJAY SAINI
2026-27,1,RDL722,1RDL722,3,3.0,0.0,0.0,F,RURAL ENERGY SYSTEMS-RDL722,VIRENDRA KUMAR VIJAY
2026-27,1,RDL724,1RDL724,3,3.0,0.0,0.0,B,TECHNOLOGIES FOR WATER AND WASTE MANAGEMENT-RDL724,PUSHPRAJ PATEL
2026-27,1,RDL725,1RDL725,3,3.0,0.0,0.0,AA,ECOLOGICAL PERSPECTIVE OF GROWTH AND DEVLOPMENT-RDL725,VIVEK KUMAR
2026-27,1,RDL727,1RDL727,4,3.0,0.0,2.0,AC,CONSERVATION AND RECYCLING PRACTICES IN RURAL AREAS-RDL727,POOJA GHOSH
2026-27,1,RDL728,1RDL728,3,3.0,0.0,0.0,J,RURAL ENERGY ASSESSMENT AND PLANNING-RDL728,PRIYANKA KAUSHAL
2026-27,1,RDL740,1RDL740,3,3.0,0.0,0.0,B,TECHNOLOGY OF UTILIZATION OF WASTELANDS & WEEDS-RDL740,ANUSHREE MALIK
2026-27,1,RDL761,1RDL761,3,2.0,0.0,2.0,K,VALUE CHAIN IN AGRO-FOOD PROCESSING-RDL761,JATINDRA KUMAR SAHU , ANUPAM SHUKLA , ANUPAM ROY
2026-27,1,RDL770,1RDL770,3,2.0,0.0,2.0,B,RURAL VALUE CHAIN FOR HOLISTIC DEVELOPMENT-RDL770,KAVYA DASHORA
2026-27,1,RDL7700,1RDL7700,3,3.0,0.0,0.0,C,BIOMASS PRODUCTION-RDL7700,HARIPRASAD P.
2026-27,1,RDL7700,1RDL7700,3,3.0,0.0,0.0,J,BIOMASS PRODUCTION-RDL7700,HARIPRASAD P.
2026-27,1,RDL7702,1RDL7702,4,3.0,0.0,2.0,M,TRADITIONAL ARTISANAL PRODUCTION IN INDIA-RDL7702,VIJAYARAGHAVAN M. CHARIAR , HARIPRASAD P.
2026-27,1,RDL771,1RDL771,3,3.0,0.0,0.0,F,NANOTECHNOLOGY FOR SAFE AND SUSTAINABLE AGRICULTURE-RDL771,KAVYA DASHORA
2026-27,1,RDL7710,1RDL7710,3,3.0,0.0,0.0,A,RURAL INDIA AND PLANNING FOR DEVELOPMENT-RDL7710,AJAY SAINI
2026-27,1,RDL7722,1RDL7722,3,3.0,0.0,0.0,F,RURAL ENERGY SYSTEMS-RDL7722,VIRENDRA KUMAR VIJAY
2026-27,1,RDL7724,1RDL7724,3,3.0,0.0,0.0,B,RURAL SANITATION AND DECENTRALIZED WASTEWATER MANAGEMENT-RDL7724,PUSHPRAJ PATEL
2026-27,1,RDL7727,1RDL7727,3,3.0,0.0,0.0,AC,CONSERVATION AND RECYCLING PRACTICES IN RURAL AREAS-RDL7727,POOJA GHOSH
2026-27,1,RDL7728,1RDL7728,3,3.0,0.0,0.0,J,RURAL ENERGY ASSESSMENT AND PLANNING-RDL7728,PRIYANKA KAUSHAL
2026-27,1,RDL7740,1RDL7740,3,3.0,0.0,0.0,B,TECHNOLOGY FOR UTILIZATION OF WASTELAND AND WEEDS-RDL7740,ANUSHREE MALIK
2026-27,1,RDL7761,1RDL7761,3,3.0,0.0,0.0,K,VALUE CHAIN IN AGRO-FOOD PROCESSING-RDL7761,JATINDRA KUMAR SAHU , ANUPAM ROY
2026-27,1,RDL7771,1RDL7771,3,3.0,0.0,0.0,F,NANOTECHNOLOGY FOR SAFE AND SUSTAINABLE AGRICULTURE-RDL7771,KAVYA DASHORA
2026-27,1,RDL8735,1RDL8735,3,3.0,0.0,0.0,A,QUALITATIVE AND QUANTITATIVE APPROACHES FOR RURAL DEVELOPMENT-RDL8735,VIVEK KUMAR , PRIYANKA KAUSHAL
2026-27,1,RDQ305,1RDQ305,1,0.0,0.0,2.0,X,SEMINAR COURSE-V-RDQ305,KAVYA DASHORA
2026-27,1,CHD7800,1CHD7800,3,0.0,0.0,6.0,Q,MINI PROJECT-CHD7800,MOHAN KUMAR SINGH VERMA
2026-27,1,CHD8895,1CHD8895,42,0.0,0.0,84.0,X,MSR MAJOR PROJECT-CHD8895,MOHAN KUMAR SINGH VERMA
2026-27,1,CHL1000,1CHL1000,1,1.0,0.0,0.0,K,INTRODUCTION TO CHEMICAL ENGINEERING-CHL1000,OM PRAKASH
2026-27,1,CHL1002,1CHL1002,3,2.0,1.0,0.0,H,MATERIAL AND ENERGY BALANCES-CHL1002,ANIL KUMAR SAROHA
2026-27,1,CHL2001,1CHL2001,4,3.0,0.0,2.0,E,NUMERICAL ANALYSIS FOR CHEMICAL ENGINEERS-CHL2001,JAYATI SARKAR
2026-27,1,CHL2002,1CHL2002,4,3.0,1.0,0.0,C,CHEMICAL ENGINEERING THERMODYNAMICS-CHL2002,GAURAV GOEL
2026-27,1,CHL7001,1CHL7001,3,2.0,0.0,2.0,D,EXPERIMENTAL TECHNIQUES FOR CHEMICAL ENGINEERS-CHL7001,MANJESH KUMAR
2026-27,1,CHL7003,1CHL7003,3,3.0,0.0,0.0,J,SUSTAINABLE PROCESS ENGINEERING-CHL7003,SREEDEVI UPADHYAYULA
2026-27,1,CHL7004,1CHL7004,3,3.0,0.0,0.0,H,QUALITY MANAGEMENT IN PROCESS INDUSTRIES-CHL7004,ANUPAM SHUKLA
2026-27,1,CHL7006,1CHL7006,3,3.0,0.0,0.0,K,ADVANCED TRANSPORT PHENOMENA-CHL7006,PARESH PRAVINCHANDRA CHOKSHI
2026-27,1,CHL7009,1CHL7009,1,1.0,0.0,0.0,M,PROFESSIONAL ETHICS IN CHEMICAL ENGINEERING-CHL7009,MOHAN KUMAR SINGH VERMA
2026-27,1,CHL7102,1CHL7102,3,3.0,0.0,0.0,F,DRUG DELIVERY FOR CHEMICAL ENGINEERS-CHL7102,AKSHI SINGLA
2026-27,1,CHL7201,1CHL7201,3,3.0,0.0,0.0,AB,ADVANCED PROCESS DATA ANALYTICS-CHL7201,HARIPRASAD KODAMANA
2026-27,1,CHL7207,1CHL7207,3,2.0,0.0,2.0,E,FUNDAMENTALS OF COMPUTATIONAL FLUID DYNAMICS-CHL7207,VIKRANT
2026-27,1,CHL7309,1CHL7309,3,3.0,0.0,0.0,F,CHEMICAL PRODUCT DEVELOPMENT AND COMMERCIALIZATION-CHL7309,RAJESH KHANNA
2026-27,1,CHL7404,1CHL7404,3,3.0,0.0,0.0,AB,SUSTAINABLE POLYMER SCIENCE AND TECHNOLOGY-CHL7404,SUDIP KUMAR PATTANAYEK
2026-27,1,CHL7408,1CHL7408,3,3.0,0.0,0.0,B,ELECTROCHEMICAL CONVERSION AND STORAGE DEVICES-CHL7408,SUDDHASATWA BASU
2026-27,1,CHL7417,1CHL7417,3,3.0,0.0,0.0,B,NATURAL GAS PROCESSING-CHL7417,ABHIJEET RAJ
2026-27,1,CHL7508,1CHL7508,3,3.0,0.0,0.0,E,FUNDAMENTALS OF CAPILLARITY AND WETTING-CHL7508,SOMNATH GHOSH
2026-27,1,CHL7509,1CHL7509,3,3.0,0.0,0.0,E,INTRODUCTION TO MICROFLUIDICS AND MICROFABRICATION-CHL7509,MOHAN KUMAR SINGH VERMA
2026-27,1,CHL7510,1CHL7510,3,3.0,0.0,0.0,AB,MICROHYDRODYNAMICS AND ITS APPLICATIONS IN BIOLOGICAL SYSTEMS-CHL7510,SANKALP NAMBIAR
2026-27,1,CHL7903,1CHL7903,3,3.0,0.0,0.0,F,SELECTED TOPICS IN CHEMICAL ENGINEERING - III-CHL7903,OM PRAKASH
2026-27,1,CHL8009,1CHL8009,1,1.0,0.0,0.0,M,PROFESSIONAL ETHICS IN CHEMICAL ENGINEERING-CHL8009,MOHAN KUMAR SINGH VERMA
2026-27,1,CHN7704,1CHN7704,4,0.0,0.0,8.0,X,TEACHING PRACTICUM-CHN7704,MOHAN KUMAR SINGH VERMA
2026-27,1,CHN8702,1CHN8702,4,0.0,0.0,8.0,X,RESEARCH PRACTICUM-CHN8702,SOMNATH GHOSH
2026-27,1,CHN8703,1CHN8703,4,0.0,0.0,8.0,X,TEACHING PRACTICUM-CHN8703,MOHAN KUMAR SINGH VERMA
2026-27,1,CLD411,1CLD411,4,0.0,0.0,8.0,P,B. TECH. PROJECT-CLD411,VIKRANT
2026-27,1,CLD412,1CLD412,5,0.0,0.0,10.0,P,MAJOR PROJECT IN ENERGY & ENV.-CLD412,VIKRANT
2026-27,1,CLD413,1CLD413,5,0.0,0.0,10.0,P,MAJOR PROJECT IN COMPLEX FLUID-CLD413,VIKRANT
2026-27,1,CLD414,1CLD414,5,0.0,0.0,10.0,P,MAJOR PROJ. IN P.E, MOD. & OP.-CLD414,VIKRANT
2026-27,1,CLD415,1CLD415,5,0.0,0.0,10.0,P,MAJOR PROJ IN BIOP. & FINE CH.-CLD415,VIKRANT
2026-27,1,CLD771,1CLD771,3,0.0,0.0,6.0,P,MINOR PROJECT-CLD771,JAYATI SARKAR
2026-27,1,CLD781,1CLD781,8,0.0,0.0,16.0,P,MAJOR PROJECT - I-CLD781,MOHAN KUMAR SINGH VERMA
2026-27,1,CLD782,1CLD782,12,0.0,0.0,24.0,P,MAJOR PROJECT - II-CLD782,MOHAN KUMAR SINGH VERMA
2026-27,1,CLD880,1CLD880,4,0.0,0.0,8.0,P,MINOR PROJECT-CLD880,JAYATI SARKAR
2026-27,1,CLD881,1CLD881,8,0.0,0.0,16.0,P,MAJOR PROJECT PARTI-CLD881,JAYATI SARKAR
2026-27,1,CLD882,1CLD882,12,0.0,0.0,24.0,P,MAJOR PROJECT PARTII-CLD882,JAYATI SARKAR
2026-27,1,CLD895,1CLD895,36,0.0,0.0,72.0,P,M.S.R. MAJOR PROJECT-CLD895,MOHAN KUMAR SINGH VERMA
2026-27,1,CLL110,1CLL110,4,3.0,1.0,0.0,D,TRANSPORT PHENOMENA-CLL110,S.K. GUPTA
2026-27,1,CLL141,1CLL141,3,3.0,0.0,0.0,A,INTRODUCTION TO MATERIALS-CLL141,ROUSAN DEBBARMA
2026-27,1,CLL222,1CLL222,3,3.0,0.0,0.0,B,CHEMICAL REACTION ENGG - II-CLL222,DIVESH BHATIA
2026-27,1,CLL252,1CLL252,3,3.0,0.0,0.0,F,MASS TRANSFER I-CLL252,ASHOK NIWRITTI BHASKARWAR
2026-27,1,CLL252B,1CLL252B,3,3.0,0.0,0.0,F,MASS TRANSFER I-CLL252B,JATIN PANWAR
2026-27,1,CLL261,1CLL261,4,3.0,1.0,0.0,E,PROCESS DYNAMICS AND CONTROL-CLL261,MANOJKUMAR CHARANDAS RAMTEKE
2026-27,1,CLL331,1CLL331,4,3.0,1.0,0.0,D,FLUID PARTICLE MECHANICS-CLL331,VIKRAM SINGH
2026-27,1,CLL703,1CLL703,3,3.0,0.0,0.0,J,PROCESS ENGINEERING-CLL703,SREEDEVI UPADHYAYULA
2026-27,1,CLL704,1CLL704,3,3.0,0.0,0.0,B,NATURAL GAS PROCESSING-CLL704,ABHIJEET RAJ
2026-27,1,CLL722,1CLL722,3,3.0,0.0,0.0,B,ELECTROCHEM. CONV. & STO. DEV.-CLL722,SUDDHASATWA BASU
2026-27,1,CLL731,1CLL731,3,3.0,0.0,0.0,K,ADVANCED TRANSPORT PHENOMENA-CLL731,PARESH PRAVINCHANDRA CHOKSHI
2026-27,1,CLL763,1CLL763,3,3.0,0.0,0.0,E,FUNDAMENTALS OF CAPILLARITY AND WETTING-CLL763,SOMNATH GHOSH
2026-27,1,CLL768,1CLL768,3,2.0,0.0,2.0,E,FUNDAMENTALS OF COMP. FLUID DY-CLL768,VIKRANT
2026-27,1,CLL770,1CLL770,3,3.0,0.0,0.0,E,INTRODUCTION TO MICROFLUIDICS AND MICROFABRICATION-CLL770,MOHAN KUMAR SINGH VERMA
2026-27,1,CLL788,1CLL788,3,3.0,0.0,0.0,AB,PROCESS DATA ANALYTICS-CLL788,HARIPRASAD KODAMANA
2026-27,1,CLL792,1CLL792,3,3.0,0.0,0.0,F,CHE. PRODUCT DEVEL. & COMMERC.-CLL792,RAJESH KHANNA
2026-27,1,CLL798,1CLL798,3,3.0,0.0,0.0,F,SEL. TOPICS IN CHEM. ENGG. - I-CLL798,AKSHI SINGLA
2026-27,1,CLL798C,1CLL798C,3,3.0,0.0,0.0,AB,Selected topic in Chemical Engg.-I (Topic: Sustainable polymer science and technology)-CLL798C,SUDIP KUMAR PATTANAYEK
2026-27,1,CLL798D,1CLL798D,3,3.0,0.0,0.0,F,Selected topic in Chemical Engg.-I (Topic: Network Science)-CLL798D,OM PRAKASH
2026-27,1,CLL799C,1CLL799C,3,3.0,0.0,0.0,AB,SELECTED TOPICS IN CHEMICAL ENGINEERING-II (INTRODUCTION TO MICRO HYDRODYNAMICS)-CLL799C,SANKALP NAMBIAR
2026-27,1,CLP301,1CLP301,1.5,0.0,0.0,3.0,F,CHEMICAL ENGINEERING LAB I-CLP301,AKSHI SINGLA , OM PRAKASH , ROUSAN DEBBARMA , ANIL VERMA , PARESH PRAVINCHANDRA CHOKSHI
2026-27,1,CLP303,1CLP303,1.5,0.0,0.0,3.0,F,CHEMICAL ENGINEERING LAB - III-CLP303,MANJESH KUMAR , ABHIJEET RAJ , RAJESH KHANNA , SUDDHASATWA BASU
2026-27,1,CLQ301,1CLQ301,1,0.0,0.0,2.0,X,SEMINAR COURSE - I-CLQ301,SOMNATH GHOSH
2026-27,1,CMD6030,1CMD6030,3,0.0,0.0,6.0,P,CORNERSTONE PROJECT-CMD6030,TARAK KARMAKAR
2026-27,1,CMD6031,1CMD6031,4,0.0,0.0,8.0,P,MINOR PROJECT-CMD6031,TARAK KARMAKAR
2026-27,1,CMD8005,1CMD8005,12,0.0,0.0,24.0,P,MAJOR PROJECT PART 1-CMD8005,PRAVIN POPINAND INGOLE
2026-27,1,CML1001,1CML1001,3,2.0,1.0,0.0,X,STRUCTURAL INSIGHTS INTO ATOMS AND MOLECULES-CML1001,PRIYANKA VERMA
2026-27,1,CML1002,1CML1002,3,2.0,1.0,0.0,X,THE ART AND SCIENCE OF BUILDING MOLECULES AND MATERIALS-CML1002,CHINMOY KUMAR HAZRA
2026-27,1,CML1002,1CML1002,3,2.0,1.0,0.0,A,THE ART AND SCIENCE OF BUILDING MOLECULES AND MATERIALS-CML1002,CHINMOY KUMAR HAZRA
2026-27,1,CML1033,1CML1033,4,3.0,1.0,0.0,X,THERMODYNAMICS AND CHEMICAL KINETICS-CML1033,NARAYANAN D.KURUR
2026-27,1,CML1033,1CML1033,4,3.0,1.0,0.0,AB,THERMODYNAMICS AND CHEMICAL KINETICS-CML1033,NARAYANAN D.KURUR
2026-27,1,CML2031,1CML2031,3,3.0,0.0,0.0,AC,STEREOCHEMISTRY AND PHYSICAL ORGANIC CHEMISTRY-CML2031,SUDIPTA RAHA ROY
2026-27,1,CML2032,1CML2032,3,3.0,0.0,0.0,E,BASIC INORGANIC CHEMISTRY-CML2032,BIJU BASUMATARY
2026-27,1,CML2034,1CML2034,3,3.0,0.0,0.0,AD,QUANTITATIVE AND INSTRUMENTAL ANALYSIS-CML2034,PRAVIN POPINAND INGOLE
2026-27,1,CML5011,1CML5011,3,3.0,0.0,0.0,C,QUANTUM CHEMISTRY AND SPECTROSCOPY-CML5011,SHASHANK DEEP
2026-27,1,CML5012,1CML5012,3,3.0,0.0,0.0,F,STEREOCHEMISTRY AND ORGANIC REACTION MECHANISMS-CML5012,MUNTHA RAMU YADAV
2026-27,1,CML5013,1CML5013,3,3.0,0.0,0.0,D,PHYSICAL METHODS OF STRUCTURE DETERMINATION ORGANIC COMPOUNDS-CML5013,GHOLAP SHIVAJIRAO LAHU
2026-27,1,CML5014,1CML5014,3,3.0,0.0,0.0,B,MAIN GROUP CHEMISTRY-CML5014,RAVI SHANKAR
2026-27,1,CML5015,1CML5015,3,3.0,0.0,0.0,E,INSTRUMENTAL AND COMPUTATIONAL METHODS OF ANALYSIS-CML5015,SOUMIK SIDDHANTA
2026-27,1,CML6031,1CML6031,3,3.0,0.0,0.0,F,MOLECULAR BIOCHEMISTRY-CML6031,TANMAY DUTTA
2026-27,1,CML6032,1CML6032,3,3.0,0.0,0.0,E,SOLID-STATE CHEMISTRY AND MATERIALS DESIGN-CML6032,SAJESH P THOMAS
2026-27,1,CML6081,1CML6081,3,3.0,0.0,0.0,H,PHYSICAL METHODS IN INORGANIC CHEMISTRY-CML6081,SAYANTAN PARIA
2026-27,1,CML6084,1CML6084,3,3.0,0.0,0.0,D,BIO-INORGANIC CHEMISTRY-CML6084,BISWARUP CHAKRABORTY
2026-27,1,CML7011,1CML7011,3,3.0,0.0,0.0,AD,ADVANCED ANALYTICAL INSTRUMENTATION TECHNIQUES-CML7011,SIDDHARTH PANDEY
2026-27,1,CML7012,1CML7012,3,3.0,0.0,0.0,F,DATA ANALYSIS AND CHEMINFORMATICS-CML7012,TARAK KARMAKAR
2026-27,1,CML7013,1CML7013,3,3.0,0.0,0.0,E,DESIGN AND SYNTHESIS OF MOLECULES AND MATERIALS-CML7013,CHINMOY KUMAR HAZRA , JAI DEO SINGH
2026-27,1,CML7014,1CML7014,3,3.0,0.0,0.0,D,APPLIED SPECTROSCOPY-CML7014,N.G.RAMESH
2026-27,1,CML7033,1CML7033,3,3.0,0.0,0.0,AC,CHEMISTRY OF INDUSTRIAL CATALYSIS-CML7033,JAI DEO SINGH
2026-27,1,CML7041,1CML7041,3,3.0,0.0,0.0,AD,ORGANO AND ORGANOMETALLIC CATALYSIS-CML7041,SUDIPTA RAHA ROY , MUNTHA RAMU YADAV
2026-27,1,CML7234,1CML7234,3,3.0,0.0,0.0,K,CHEMISTRY OF NANOSTRUCTURED MATERIALS-CML7234,RITU GUPTA
2026-27,1,CMN7099,1CMN7099,4,0.0,0.0,8.0,X,TEACHING/RESEARCH PRACTICUM-CMN7099,PRAVIN POPINAND INGOLE
2026-27,1,CMN8099,1CMN8099,4,0.0,0.0,8.0,X,TEACHING/RESEARCH PRACTICUM-CMN8099,RITU GUPTA
2026-27,1,CMP1000,1CMP1000,2,0.0,0.0,4.0,P,CHEMISTRY LABORATORY-CMP1000,BIJU BASUMATARY
2026-27,1,CMP2031,1CMP2031,2,0.0,0.0,4.0,P,PHYS CHEM LABORATORY I: THERMODYNAMIC AND QUANTITATIVE LAB-CMP2031,NARAYANAN D.KURUR , PRAVIN POPINAND INGOLE
2026-27,1,CMP5011,1CMP5011,2,0.0,0.0,4.0,P,LAB I-CMP5011,SOUMIK SIDDHANTA , PRAVIN POPINAND INGOLE , TARAK KARMAKAR , RITU GUPTA
2026-27,1,CMP5012,1CMP5012,2,0.0,0.0,4.0,P,LAB II-CMP5012,SELVARAJAN NAGENDRAN , SAYANTAN PARIA , SANDEEP KUMAR GUPTA
2026-27,1,CMP7011,1CMP7011,3,0.0,0.0,6.0,P,LAB ON SYNTHESIS AND ANALYSIS-CMP7011,CHINMOY KUMAR HAZRA , KUNTAL MANNA
2026-27,1,CVD411,1CVD411,4,0.0,0.0,8.0,X,BTECH PROJECT PART 1-CVD411,GAURAV TALUKDAR
2026-27,1,CVD721,1CVD721,12,0.0,0.0,24.0,X,MAJOR THESIS PART-II-CVD721,ARYA V
2026-27,1,CVD7391,1CVD7391,9,0.0,0.0,18.0,X,MAJOR PROJECT IN CONSTRUCTION ENGINEERING AND MANAGEMENT PART 1-CVD7391,SAHIL GARG
2026-27,1,CVD7731,1CVD7731,9,0.0,0.0,18.0,X,MAJOR PROJECT IN CONSTRUCTION TECHNOLOGY AND MANAGEMENT PART 1-CVD7731,ANN FRANCIS
2026-27,1,CVD7792,1CVD7792,6,0.0,0.0,12.0,X,MAJOR PROJECT PART-I-CVD7792,ARYA V
2026-27,1,CVD7898,1CVD7898,6,0.0,0.0,12.0,X,MAJOR PROJECT PART-1-CVD7898,SAUMAVA DEY
2026-27,1,CVD8298,1CVD8298,6,0.0,0.0,12.0,X,MAJOR PROJECT PART-I-CVD8298,DEBAYAN BHATTACHARYA
2026-27,1,CVD832,1CVD832,12,0.0,0.0,24.0,X,MAJOR PROJECT PART-II-CVD832,SAUMAVA DEY
2026-27,1,CVD8498,1CVD8498,8,0.0,0.0,16.0,X,MAJOR PROJECT IN STRUCTURAL ENGINEERING (PART-I)-CVD8498,SVETHA VENKATACHARI
2026-27,1,CVD853,1CVD853,9,0.0,0.0,18.0,X,MAJOR PROJECT PART-I-CVD853,MANOJ M
2026-27,1,CVD8598,1CVD8598,6,0.0,0.0,12.0,X,MAJOR PROJECT PART-I-CVD8598,MANOJ M
2026-27,1,CVD8698,1CVD8698,6,0.0,0.0,12.0,X,MAJOR PROJECT PART-I-CVD8698,SUMEET KUMAR SINHA
2026-27,1,CVD895,1CVD895,36,0.0,0.0,72.0,X,MSR MAJOR PROJECT-CVD895,SAUMAVA DEY
2026-27,1,CVL100,1CVL100,2,2.0,0.0,0.0,C,ENVIRONMENTAL SCIENCE-CVL100,ARUN KUMAR , BABU J.ALAPPAT
2026-27,1,CVL121,1CVL121,3,3.0,0.0,0.0,B,ENGINEERING GEOLOGY-CVL121,BAPPADITYA MANNA
2026-27,1,CVL1301,1CVL1301,2,2.0,0.0,0.0,A,SURVEYING AND REMOTE SENSING-CVL1301,SRI HARSHA KOTA
2026-27,1,CVL2001,1CVL2001,2,2.0,0.0,0.0,J,CLIMATE CHANGE AND ADAPTATION-CVL2001,GAZALA HABIB
2026-27,1,CVL2401,1CVL2401,2,2.0,0.0,0.0,B,GEOLOGICAL ENGINEERING-CVL2401,BAPPADITYA MANNA
2026-27,1,CVL243,1CVL243,3,3.0,0.0,0.0,F,RC DESIGN-CVL243,SRINIVAS MOGILI
2026-27,1,CVL245,1CVL245,2,2.0,0.0,0.0,H,CONSTRUCTION MANAGEMENT-CVL245,ANN FRANCIS , SAHIL GARG
2026-27,1,CVL2502,1CVL2502,3,3.0,0.0,0.0,E,ANALYSIS OF DETERMINATE STRUCTURES-CVL2502,SAHIL BANSAL
2026-27,1,CVL2601,1CVL2601,2,2.0,0.0,0.0,D,TRAFFIC AND TRANSPORTATION PLANNING-CVL2601,PRAMESH KUMAR
2026-27,1,CVL2702,1CVL2702,3,3.0,0.0,0.0,C,HYDRAULICS-CVL2702,SAUMAVA DEY
2026-27,1,CVL282,1CVL282,4,3.0,0.0,2.0,E,ENGINEERING HYDROLOGY-CVL282,ROHITH A N
2026-27,1,CVL321,1CVL321,4,3.0,1.0,0.0,D,GEOTECHNICAL ENGINEERING-CVL321,PRASHANTH VANGLA
2026-27,1,CVL341,1CVL341,3,3.0,0.0,0.0,B,STRUCTURAL ANALYSIS II-CVL341,ALLAN LAMBOR MARBANIANG
2026-27,1,CVL361,1CVL361,3,3.0,0.0,0.0,H,INTRODUCTION TO RAILWAY ENGG.-CVL361,MANOJ M
2026-27,1,CVL421,1CVL421,3,3.0,0.0,0.0,A,GROUND ENGINEERING-CVL421,VENKATA RAMANA GUNTURI
2026-27,1,CVL441,1CVL441,3,3.0,0.0,0.0,H,STRUCTURAL DESIGN-CVL441,ALOK MADAN
2026-27,1,CVL7031,1CVL7031,3,3.0,0.0,0.0,C,QUANTITATIVE METHODS IN CONSTRUCTION-CVL7031,SAHIL GARG
2026-27,1,CVL7051,1CVL7051,4,3.0,0.0,2.0,AA,DATA ANALYSIS FOR TRANSPORTATION ENGINEERS-CVL7051,NEZAMUDDIN
2026-27,1,CVL7201,1CVL7201,4,3.0,0.0,2.0,B,ENGINEERING BEHAVIOUR OF SOILS-CVL7201,SUMEET KUMAR SINHA
2026-27,1,CVL7202,1CVL7202,4,3.0,0.0,2.0,H,SITE INVESTIGATIONS AND FOUNDATION DESIGN-CVL7202,VENKATA RAMANA GUNTURI
2026-27,1,CVL7206,1CVL7206,3,3.0,0.0,0.0,E,FINITE ELEMENT METHOD IN GEOTECHNICAL ENGG.-CVL7206,DEBAYAN BHATTACHARYA
2026-27,1,CVL721,1CVL721,3,3.0,0.0,0.0,M,SOLID WASTE ENGINEERING-CVL721,BABU J.ALAPPAT
2026-27,1,CVL722,1CVL722,3,3.0,0.0,0.0,F,WATER ENGINEERING-CVL722,SOVIK DAS
2026-27,1,CVL7301,1CVL7301,3,3.0,0.0,0.0,J,CONSTRUCTION PROJECT MANAGEMENT-CVL7301,ANN FRANCIS
2026-27,1,CVL7310,1CVL7310,1,1.0,0.0,0.0,X,PROFESSIONAL ETHICS IN CIVIL ENGINEERING-CVL7310,DEBAYAN BHATTACHARYA
2026-27,1,CVL733,1CVL733,3,2.0,0.0,2.0,M,STOCHASTIC HYDROLOGY-CVL733,DHANYA C.T.
2026-27,1,CVL7379,1CVL7379,3,3.0,0.0,0.0,B,FORMWORK AND SCAFFOLD ENGINEERING-CVL7379,KUMAR NEERAJ JHA
2026-27,1,CVL740,1CVL740,4,3.0,0.0,2.0,M,PAVEMENT MATERIALS AND DESIGN-CVL740,ARAVIND KRISHNA SWAMY
2026-27,1,CVL741,1CVL741,4,3.0,0.0,2.0,A,URBAN AND REGIONAL TRANSPORTAT-CVL741,MANOJ M
2026-27,1,CVL7411,1CVL7411,3,3.0,0.0,0.0,D,ADVANCED STRUCTURAL ANALYSIS-CVL7411,SURESH BHALLA
2026-27,1,CVL7412,1CVL7412,3,3.0,0.0,0.0,J,STRUCTURAL DYNAMICS-CVL7412,ARNAB BANERJEE
2026-27,1,CVL7413,1CVL7413,3,2.0,0.0,2.0,H,FINITE ELEMENT METHODS IN STRUCTURAL ENGINEERING-CVL7413,SAIKAT SARKAR
2026-27,1,CVL7414,1CVL7414,3,3.0,0.0,0.0,C,SOLID MECHANICS IN STRUCTURAL ENGINEERING-CVL7414,ANOOP KRISHNAN NADUVATH MANA
2026-27,1,CVL742,1CVL742,4,3.0,0.0,2.0,AB,TRAFFIC ENGINEERING-CVL742,RAMACHANDRA RAO KALAGA
2026-27,1,CVL7454,1CVL7454,3,3.0,0.0,0.0,F,ANALYTICAL AND COMPUTATIONAL METHODS IN CIVIL ENGINEERING-CVL7454,VASANT A. MATSAGAR
2026-27,1,CVL7457,1CVL7457,3,3.0,0.0,0.0,E,CONCRETE MECHANICS-CVL7457,DEEPAK KUMAR KAMDE
2026-27,1,CVL7461,1CVL7461,3,3.0,0.0,0.0,A,FIRE ENGINEERING AND DESIGN-CVL7461,SVETHA VENKATACHARI
2026-27,1,CVL7471,1CVL7471,3,3.0,0.0,0.0,H,ADVANCED CONCRETE TECHNOLOGY-CVL7471,SUPRATIC GUPTA
2026-27,1,CVL7501,1CVL7501,4,3.0,0.0,2.0,M,PAVEMENT MATERIALS AND SYSTEMS-CVL7501,ARAVIND KRISHNA SWAMY
2026-27,1,CVL7502,1CVL7502,4,3.0,0.0,2.0,A,URBAN TRANSPORTATION SYSTEMS PLANNING-CVL7502,MANOJ M
2026-27,1,CVL7503,1CVL7503,4,3.0,0.0,2.0,AB,TRAFFIC ENGINEERING-CVL7503,RAMACHANDRA RAO KALAGA
2026-27,1,CVL7601,1CVL7601,4,3.0,0.0,2.0,B,ENGINEERING PROPERTIES OF ROCKS AND ROCK MASSES-CVL7601,TANUSREE CHAKRABORTY
2026-27,1,CVL7602,1CVL7602,4,3.0,0.0,2.0,C,ENGINEERING &AMP; STRUCTURAL GEOLOGY-CVL7602,DEEPANSHU SHIROLE
2026-27,1,CVL765,1CVL765,3,3.0,0.0,0.0,E,CONCRETE MECHANICS-CVL765,DEEPAK KUMAR KAMDE
2026-27,1,CVL7703,1CVL7703,3,3.0,0.0,0.0,F,WATER ENGINEERING-CVL7703,SOVIK DAS
2026-27,1,CVL7704,1CVL7704,3,3.0,0.0,0.0,M,SOLID WASTE ENGINEERING AND MANAGEMENT-CVL7704,BABU J.ALAPPAT
2026-27,1,CVL7705,1CVL7705,3,2.0,0.0,2.0,AA,AIR-NOISE POLLUTION AND CLIMATE-CVL7705,JOSEPH VARGHESE PUTHUSSERY
2026-27,1,CVL7735,1CVL7735,3,3.0,0.0,0.0,M,SUSTAINABILITY ASSESSMENT AND GREEN BUILDING DESIGN-CVL7735,ANN FRANCIS
2026-27,1,CVL7801,1CVL7801,3,3.0,0.0,0.0,C,HYDROLOGIC PROCESSES AND MODELLING-CVL7801,MANABENDRA SAHARIA
2026-27,1,CVL7803,1CVL7803,3,3.0,0.0,0.0,E,GROUNDWATER HYDROLOGY-CVL7803,BHAGU RAM CHAHAR
2026-27,1,CVL7805,1CVL7805,3,3.0,0.0,0.0,B,OPTIMIZATION TECHNIQUES IN WATER RESOURCES-CVL7805,A.K.KESHARI
2026-27,1,CVL7811,1CVL7811,3,3.0,0.0,0.0,M,STOCHASTIC HYDROLOGY-CVL7811,DHANYA C.T.
2026-27,1,CVL7813,1CVL7813,3,3.0,0.0,0.0,J,ECONOMIC ASPECTS OF WATER RESOURCES DEVELOPMENT-CVL7813,SUMEDHA CHAKMA
2026-27,1,CVL7816,1CVL7816,3,3.0,0.0,0.0,H,WATER RESOURCES SYSTEMS-CVL7816,GAURAV TALUKDAR
2026-27,1,CVL8201,1CVL8201,3,3.0,0.0,0.0,B,CONSTITUTIVE MODELLING IN GEOTECHNICS-CVL8201,JAGDISH TELANGRAO SHAHU
2026-27,1,CVL8374,1CVL8374,3,3.0,0.0,0.0,A,QUALITY &AMP; SAFETY IN CONSTRUCTION-CVL8374,SAHIL GARG
2026-27,1,CVL8681,1CVL8681,3,3.0,0.0,0.0,E,EMERGING TOPICS IN ROCK ENGG AND UNDERGROUND STRUCTURES-CVL8681,BAPPADITYA MANNA
2026-27,1,CVL8707,1CVL8707,3,3.0,0.0,0.0,A,ENVIRONMENTAL IMPACT ASSESSMENT-CVL8707,ARVIND KUMAR NEMA
2026-27,1,CVL8708,1CVL8708,3,3.0,0.0,0.0,B,FATE OF EMERGING CONTAMINANTS IN THE ENVIRONMENT-CVL8708,ARYA V
2026-27,1,CVL875,1CVL875,3,3.0,0.0,0.0,M,SUSTAINABLE MATERIALS AND GREE-CVL875,ANN FRANCIS
2026-27,1,CVN7201,1CVN7201,4,0.0,0.0,8.0,X,TEACHING/RESEARCH PRACTICUM IN GEOTECHNICAL AND GEOENVIRONMENTAL ENGINEERING-CVN7201,DEBAYAN BHATTACHARYA
2026-27,1,CVN7395,1CVN7395,4,0.0,0.0,8.0,X,TEACHING/RESEARCH PRACTICUM IN CONSTRUCTION TECHNOLOGY AND MANAGEMENT-CVN7395,ANN FRANCIS
2026-27,1,CVN7396,1CVN7396,4,0.0,0.0,8.0,X,TEACHING AND RESEARCH PRACTICUM IN CONSTRUCTION ENGINEERING AND MANAGEMENT-CVN7396,SAHIL GARG
2026-27,1,CVN7401,1CVN7401,4,0.0,0.0,8.0,X,TEACHING/RESEARCH PRACTICUM IN STRUCTURAL ENGINEERING-CVN7401,SVETHA VENKATACHARI
2026-27,1,CVN7591,1CVN7591,4,0.0,0.0,8.0,X,TEACHING/RESEARCH PRACTICUM FOR M.TECH. IN TRANSPORTATION ENGINEERING-CVN7591,MANOJ M
2026-27,1,CVN7601,1CVN7601,4,0.0,0.0,8.0,X,TEACHING/RESEARCH PRACTICUM IN ROCK ENGINEERING AND UNDERGROUND STRUCTURES-CVN7601,DEBAYAN BHATTACHARYA
2026-27,1,CVN7701,1CVN7701,4,0.0,0.0,8.0,X,TEACHING AND RESEARCH PRACTICUM FOR ENVIRONMENTAL ENGINEERS-CVN7701,ARYA V
2026-27,1,CVN7801,1CVN7801,4,0.0,0.0,8.0,X,TEACHING/RESEARCH PRACTICUM-CVN7801,SAUMAVA DEY
2026-27,1,CVN9091,1CVN9091,4,0.0,0.0,8.0,X,TEACHING PRACTICUM IN CIVIL ENGINEERING (PHD)-CVN9091,ANOOP KRISHNAN NADUVATH MANA
2026-27,1,CVP121,1CVP121,1,0.0,0.0,2.0,B,ENGINEERING GEOLOGY LABORATORY-CVP121,DEEPANSHU SHIROLE
2026-27,1,CVP2401,1CVP2401,1,0.0,0.0,2.0,B,GEOLOGICAL ENGINEERING LAB-CVP2401,DEEPANSHU SHIROLE
2026-27,1,CVP243,1CVP243,1.5,0.0,0.0,3.0,F,STRUCT. & MAT. (CONCRETE) LAB-CVP243,SRINIVAS MOGILI
2026-27,1,CVP2502,1CVP2502,1,0.0,0.0,2.0,E,SOLID MECHANICS AND STRUCTURAL ANALYSIS LABORATORY-CVP2502,ALLAN LAMBOR MARBANIANG
2026-27,1,CVP2601,1CVP2601,1,0.0,0.0,2.0,D,TRAFFIC ENGINEERING AND TRANSPORTATION PLANNING LABORATORY-CVP2601,PRAMESH KUMAR
2026-27,1,CVP2702,1CVP2702,1,0.0,0.0,2.0,C,FLUID MECHANICS AND HYDRAULICS LAB-CVP2702,DEO RAJ KAUSHAL
2026-27,1,CVP321,1CVP321,1,0.0,0.0,2.0,D,GEOTECHNICAL ENGINEERING LAB-CVP321,BAPPADITYA MANNA
2026-27,1,CVP441,1CVP441,1.5,0.0,0.0,3.0,E,STRUCTURAL DESIGN & DETAILING-CVP441,SVETHA VENKATACHARI
2026-27,1,CVP484,1CVP484,3,1.0,0.0,4.0,F,COMPUTATIONAL ASPECTS IN WATER RESOURCES-CVP484,SAUMAVA DEY
2026-27,1,CVP7201,1CVP7201,3,0.0,0.0,6.0,P,SOIL ENGINEERING LABORATORY-CVP7201,PRASHANTH VANGLA
2026-27,1,CVP7412,1CVP7412,1.5,0.0,0.0,3.0,P,STRUCTURAL DYNAMICS LABORATORY-CVP7412,ARNAB BANERJEE
2026-27,1,CVP7601,1CVP7601,3,0.0,0.0,6.0,P,ROCK MECHANICS LAB-CVP7601,DEEPANSHU SHIROLE
2026-27,1,CVP7701,1CVP7701,2,0.0,0.0,4.0,AC,ENVIRONMENTAL ENGINEERING LABORATORY I-CVP7701,ARUN KUMAR
2026-27,1,CVP7707,1CVP7707,0.5,0.0,0.0,1.0,X,FIELD VISIT TO ENVIRONMENTAL FACILITIES-CVP7707,SOVIK DAS
2026-27,1,CVP7772,1CVP7772,2,0.0,0.0,4.0,P,COMPUTATIONAL LABORATORY: DIGITAL CONSTRUCTION STUDIO-CVP7772,SAHIL GARG , ANN FRANCIS
2026-27,1,CVP7801,1CVP7801,3,1.0,0.0,4.0,P,HYDRAULIC MODELLING LABORATORY-CVP7801,DEO RAJ KAUSHAL , ROHITH A N
2026-27,1,CVQ7371,1CVQ7371,1,0.0,0.0,2.0,X,SEMINAR 1- CONSTRUCTION TECHNOLOGY AND MANAGEMENT-CVQ7371,KUMAR NEERAJ JHA
2026-27,1,CVR7296,1CVR7296,0.5,0.0,0.0,1.0,X,GEOTECHNICAL ENGINEERING PRACTICE AND OUTREACH-CVR7296,SUMEET KUMAR SINHA
2026-27,1,COD300,1COD300,2,0.0,0.0,4.0,X,DESIGN PROJECT-COD300,SUBODH VISHNU SHARMA
2026-27,1,COD310,1COD310,3,0.0,0.0,6.0,X,MINI PROJECT-COD310,SUBODH VISHNU SHARMA
2026-27,1,COD492,1COD492,6,0.0,0.0,12.0,X,B.TECH PROJECT PART 1-COD492,SUBODH VISHNU SHARMA
2026-27,1,COD494,1COD494,8,0.0,0.0,16.0,X,B.TECH PROJECT PART 2-COD494,SUBODH VISHNU SHARMA
2026-27,1,COD891,1COD891,3,0.0,0.0,6.0,X,MINOR PROJECT-COD891,NIKHIL BALAJI C R
2026-27,1,COD892,1COD892,7,0.0,0.0,14.0,X,M.TECH PROJECT PARTI-COD892,NIKHIL BALAJI C R
2026-27,1,COD893,1COD893,14,0.0,0.0,28.0,X,M.TECH PROJECT PARTII-COD893,NIKHIL BALAJI C R
2026-27,1,COD895,1COD895,36,0.0,0.0,72.0,X,MSR PROJECT-COD895,SAYAN RANU
2026-27,1,COL1000,1COL1000,4,3.0,0.0,2.0,X,INTRODUCTION TO PROGRAMMING-COL1000,PRIYANKA GOLIA , RAGESH JAISWAL , VIJAY KESWANI , RAJENDRA KUMAR , ADARSH BARIK
2026-27,1,COL1002,1COL1002,4,3.0,1.0,0.0,B,DISCRETE MATHEMATICAL STRUCTURES-COL1002,AMITABHA BAGCHI
2026-27,1,COL1101,1COL1101,4,3.0,0.0,2.0,F,PROGRAMMING WITH DATA STRUCTURES-COL1101,ASHISH CHIPLUNKAR , TARUN MANGLA
2026-27,1,COL2010,1COL2010,4,3.0,0.0,2.0,C,DATA SCIENCE-COL2010,MAYA RAMANATH
2026-27,1,COL2015,1COL2015,4,3.0,0.0,2.0,E,DIGITAL LOGIC AND SYSTEM DESIGN-COL2015,RIJUREKHA SEN
2026-27,1,COL333,1COL333,4,3.0,0.0,2.0,F,PRINCIPLES OF ARTIFICIAL INT.-COL333,ROHAN PAUL
2026-27,1,COL334,1COL334,4,3.0,0.0,2.0,AA,COMPUTER NETWORKS-COL334,PIYUSH KUMAR
2026-27,1,COL351,1COL351,4,3.0,1.0,0.0,E,ANALYSIS & DESIGN OF ALGORITHMS-COL351,ROHIT VAISH
2026-27,1,COL3655,1COL3655,4,3.0,0.0,2.0,AC,FOUNDATIONS OF VISUAL COMPUTING-COL3655,SUBODH KUMAR
2026-27,1,COL3761,1COL3761,4,3.0,0.0,2.0,AB,INTRODUCTION TO INFORMATION AND COMMUNICATION TECHNOLOGIES FOR DEVELOPMENT AND SUSTAINABILITY-COL3761,AADITESHWAR SETH
2026-27,1,COL671,1COL671,4,3.0,0.0,2.0,F,ARTIFICIAL INTELLIGENCE-COL671,ROHAN PAUL
2026-27,1,COL672,1COL672,4,3.0,0.0,2.0,AA,COMPUTER NETWORKS-COL672,PIYUSH KUMAR
2026-27,1,COL7001,1COL7001,2,2.0,0.0,0.0,H,SYSTEMS CONCEPTS-COL7001,SMRUTI RANJAN SARANGI
2026-27,1,COL7004,1COL7004,4,3.0,1.0,0.0,A,MATHEMATICAL FOUNDATIONS OF COMPUTING-COL7004,KEERTI CHOUDHARY
2026-27,1,COL703,1COL703,4,3.0,0.0,2.0,B,LOGIC FOR COMPUTER SCIENCE-COL703,KUMAR MADHUKAR
2026-27,1,COL7154,1COL7154,3,3.0,0.0,0.0,AC,APPROXIMATION ALGORITHMS-COL7154,AMIT KUMAR
2026-27,1,COL7155,1COL7155,3,3.0,0.0,0.0,AB,ALGORITHMIC GAME THEORY-COL7155,NAVEEN GARG
2026-27,1,COL7159,1COL7159,3,3.0,0.0,0.0,AA,INTRODUCTION TO CRYPTOGRAPHY-COL7159,VENKATA VIVEK KUMAR KOPPULA
2026-27,1,COL7203,1COL7203,4,3.0,0.0,2.0,B,LOGIC FOR COMPUTER SCIENCE-COL7203,KUMAR MADHUKAR
2026-27,1,COL724,1COL724,4,3.0,0.0,2.0,E,ADVANCED COMPUTER NETWORKS-COL724,HUZUR SARAN
2026-27,1,COL7333,1COL7333,4,3.0,0.0,2.0,F,INTRODUCTION TO ARTIFICIAL INTELLIGENCE-COL7333,ROHAN PAUL
2026-27,1,COL7341,1COL7341,4,3.0,0.0,2.0,H,FUNDAMENTALS OF MACHINE LEARNING-COL7341,RAHUL GARG
2026-27,1,COL7364,1COL7364,4,3.0,0.0,2.0,AB,INFORMATION RETRIEVAL AND WEB SEARCH-COL7364,SRIKANTA BEDATHUR JAGANNATH
2026-27,1,COL7524,1COL7524,4,3.0,0.0,2.0,E,ADVANCED NETWORKS-COL7524,HUZUR SARAN
2026-27,1,COL754,1COL754,3,3.0,0.0,0.0,AC,APPROXIMATION ALGORITHMS-COL754,AMIT KUMAR
2026-27,1,COL755,1COL755,3,3.0,0.0,0.0,AB,ALGORITHMIC GAME THEORY-COL755,NAVEEN GARG
2026-27,1,COL759,1COL759,3,3.0,0.0,0.0,AA,CRYPTOGRAPHY & COMPUTER SEC.-COL759,VENKATA VIVEK KUMAR KOPPULA
2026-27,1,COL764,1COL764,4,3.0,0.0,2.0,AB,INFORMATION RETRIEVAL AND WEB SEARCH-COL764,SRIKANTA BEDATHUR JAGANNATH
2026-27,1,COL7655,1COL7655,4,3.0,0.0,2.0,AC,FOUNDATIONS OF VISUAL COMPUTING-COL7655,SUBODH KUMAR
2026-27,1,COL7683,1COL7683,4.5,3.0,0.0,3.0,AC,DIGITAL IMAGE ANALYSIS-COL7683,RAHUL NARAIN
2026-27,1,COL774,1COL774,4,3.0,0.0,2.0,H,MACHINE LEARNING-COL774,RAHUL GARG
2026-27,1,COL7761,1COL7761,4,3.0,0.0,2.0,AB,INTRODUCTION TO INFORMATION AND COMMUNICATION TECHNOLOGIES FOR DEVELOPMENT-COL7761,AADITESHWAR SETH
2026-27,1,COL783,1COL783,4.5,3.0,0.0,3.0,AC,DIGITAL IMAGE ANALYSIS-COL783,RAHUL NARAIN
2026-27,1,COL8271,1COL8271,3,3.0,0.0,0.0,AA,SPECIAL TOPICS IN FORMAL METHODS-COL8271,VAISHNAVI SUNDARARAJAN
2026-27,1,COL8381,1COL8381,3,3.0,0.0,0.0,C,SPECIAL TOPICS IN ARTIFICIAL INTELLIGENCE-COL8381,PARAG SINGLA
2026-27,1,COL8383,1COL8383,3,3.0,0.0,0.0,AA,SPECIAL TOPICS IN NATURAL LANGUAGE PROCESSING-COL8383,MAUSAM
2026-27,1,COL8385,1COL8385,3,3.0,0.0,0.0,AD,SPECIAL TOPICS IN MACHINE LEARNING I-COL8385,SAYAN RANU
2026-27,1,COL8395,1COL8395,3,3.0,0.0,0.0,AB,SPECIAL TOPICS IN DATA MANAGEMENT I-COL8395,KAUSTUBH BEEDKAR
2026-27,1,COL8422,1COL8422,4,3.0,0.0,2.0,M,QUANTUM COMPUTING : SYSTEMS AND ARCHITECTURE-COL8422,KOLIN PAUL
2026-27,1,COL8585,1COL8585,3,3.0,0.0,0.0,AB,SPECIAL TOPICS IN COMPUTER NETWORKS I-COL8585,VIRESHWAR KUMAR
2026-27,1,COL8595,1COL8595,3,3.0,0.0,0.0,AD,SPECIAL TOPICS IN SOFTWARE SYSTEMS I-COL8595,SUBODH VISHNU SHARMA
2026-27,1,COL862,1COL862,3,3.0,0.0,0.0,AD,SPL TOPICS IN SOFTWARE SYSTEMS-COL862,SUBODH VISHNU SHARMA
2026-27,1,COL864,1COL864,3,3.0,0.0,0.0,C,SPL. TOPICS IN ARTIFICIAL INT.-COL864,PARAG SINGLA
2026-27,1,COL867,1COL867,3,3.0,0.0,0.0,AB,SPL. TOPICS IN HIGH SPEED NET.-COL867,VIRESHWAR KUMAR
2026-27,1,COL868,1COL868,3,3.0,0.0,0.0,AB,SPL. TOPICS IN DATABASE SYST.-COL868,KAUSTUBH BEEDKAR
2026-27,1,COL870,1COL870,3,3.0,0.0,0.0,AD,SPL. TOPICS IN MACHINE LEARNI.-COL870,SAYAN RANU
2026-27,1,COL873,1COL873,3,3.0,0.0,0.0,AA,SPECIAL TOPICS IN NATURAL LANGUAGE PROCESSING-COL873,MAUSAM
2026-27,1,COL876,1COL876,3,3.0,0.0,0.0,AA,SPECIAL TOPICS IN FORMAL METHODS-COL876,VAISHNAVI SUNDARARAJAN
2026-27,1,CON800,1CON800,4,0.0,0.0,8.0,X,TEACHING PRACTICUM IN COMPUTER SCIENCE AND ENGINEERING-CON800,ASHISH CHIPLUNKAR , VAISHNAVI SUNDARARAJAN
2026-27,1,CON8000,1CON8000,4,0.0,0.0,8.0,X,TEACHING PRACTICUM IN COMPUTER SCIENCE AND ENGINEERING-CON8000,ASHISH CHIPLUNKAR
2026-27,1,CON8001,1CON8001,4,0.0,0.0,8.0,X,RESEARCH PRACTICUM IN COMPUTER SCIENCE AND ENGINEERING-CON8001,NIKHIL BALAJI C R
2026-27,1,CON801,1CON801,5,1.0,0.0,8.0,X,RESEARCH PRACTICUM IN COMPUTER SCIENCE AND ENGINEERING-CON801,NIKHIL BALAJI C R
2026-27,1,COQ301,1COQ301,1,0.0,0.0,2.0,X,SEMINAR COURSE - I-COQ301,MAUSAM
2026-27,1,COQ302,1COQ302,1,0.0,0.0,2.0,X,SEMINAR COURSE - II-COQ302,KAUSTUBH BEEDKAR
2026-27,1,COQ303,1COQ303,1,0.0,0.0,2.0,X,SEMINAR COURSE - III-COQ303,SAYAN RANU
2026-27,1,COQ304,1COQ304,1,0.0,0.0,2.0,X,SEMINAR COURSE - IV-COQ304,VAISHNAVI SUNDARARAJAN
2026-27,1,COS310,1COS310,3,0.0,3.0,0.0,X,INDEPENDENT STUDY (CS)-COS310,AADITESHWAR SETH
2026-27,1,COS7099,1COS7099,3,0.0,3.0,0.0,X,INDEPENDENT STUDY-COS7099,NIKHIL BALAJI C R
2026-27,1,COS799,1COS799,3,0.0,3.0,0.0,X,INDEPENDENT STUDY-COS799,NIKHIL BALAJI C R
2026-27,1,COV888,1COV888,1,1.0,0.0,0.0,X,SPL. MODULE IN DATABASE SYST.-COV888,SUBHASH BHALLA
2026-27,1,DDD310,1DDD310,4,0.0,0.0,8.0,X,DESIGN PROJECT-3 (COLLABORATIVE DESIGN PROJECT)-DDD310,SUMER SINGH
2026-27,1,DDD510,1DDD510,9,0.0,0.0,18.0,X,DESIGN PROJECT-5 DISSERTATION (DISSERTATION PROJECT / THESIS, CONTINUED)-DDD510,PRAMOD RATNAKAR KHADILKAR
2026-27,1,DDD799,1DDD799,4,1.0,0.0,6.0,X,DESIGN PROJECT-DDD799,SRINIVASAN VENKATARAMAN
2026-27,1,DDL2007,1DDL2007,3,2.0,0.0,2.0,B,DESIGN PROCESS-DDL2007,SUMER SINGH
2026-27,1,DDL2111,1DDL2111,3,2.0,0.0,2.0,E,UNDERSTANDING DESIGN AND ENVIRONMENT-DDL2111,JAY DHARIWAL
2026-27,1,DDL311,1DDL311,3,1.0,0.0,4.0,X,BRANDING-IDENTITY AND PACKAGING DESIGN-DDL311,CHARU MONGA
2026-27,1,DDL312,1DDL312,3,1.0,0.0,4.0,B,DESIGN FOR DEVELOPING NATIONS-DDL312,SAURABH TEWARI
2026-27,1,DDL313,1DDL313,3,1.0,0.0,4.0,E,CREATIVITY & SUSTAINABILITY IN NATURE-DDL313,JAY DHARIWAL
2026-27,1,DDL314,1DDL314,3,1.0,0.0,4.0,AD,DESIGNING FOR SOCIETY & CULTURE-DDL314,JYOTI KUMAR
2026-27,1,DDL315,1DDL315,3,1.0,0.0,4.0,P,DESIGN FOR UI / UX-DDL315,ANEESHA SHARMA
2026-27,1,DDL411,1DDL411,2,1.0,0.0,2.0,F,DESIGN MANAGEMENT AND IPR-DDL411,P.V.MADHUSUDHAN RAO
2026-27,1,DDL7025,1DDL7025,3,2.0,0.0,2.0,AC,INFORMATION DESIGN &AMP; DATA VISUALIZATION-DDL7025,ANEESHA SHARMA
2026-27,1,DDL7026,1DDL7026,3,2.0,0.0,2.0,AB,APPLIED BEHAVIOURAL DESIGN-DDL7026,PRAMOD RATNAKAR KHADILKAR
2026-27,1,DDL7068,1DDL7068,3,2.0,0.0,2.0,AD,DESIGN RESEARCH METHODOLOGY-DDL7068,ANEESHA SHARMA , GOURAB KAR , SAURABH TEWARI , SUBIR DEY
2026-27,1,DDL810,1DDL810,3,3.0,0.0,0.0,AD,SPECIAL TOPICS IN DESIGN 1-DDL810,SRINIVASAN VENKATARAMAN
2026-27,1,DDN7000,1DDN7000,4,0.0,0.0,8.0,X,RESEARCH/TEACHING PRACTICUM-DDN7000,GOURAB KAR
2026-27,1,DDP1001,1DDP1001,4,1.0,0.0,6.0,X,DRAWING AND VISUALISATION-DDP1001,SUBIR DEY
2026-27,1,DDP1002,1DDP1002,4,1.0,0.0,6.0,X,FUNDAMENTALS OF DESIGN-DDP1002,JYOTI KUMAR
2026-27,1,DDP1003,1DDP1003,4,1.0,0.0,6.0,X,FORM AND MATERIAL EXPLORATION-DDP1003,SABYASACHI PALDAS
2026-27,1,DDP1004,1DDP1004,3,2.0,0.0,2.0,B,HUMAN FACTORS IN DESIGN - 1-DDP1004,GOURAB KAR
2026-27,1,DDP7001,1DDP7001,3,1.0,0.0,4.0,X,DESIGN FOUNDATION-DDP7001,SABYASACHI PALDAS
2026-27,1,DDP7002,1DDP7002,3,2.0,0.0,2.0,B,HUMAN FACTORS IN DESIGN - 1-DDP7002,GOURAB KAR
2026-27,1,DDP7003,1DDP7003,3,1.0,0.0,4.0,X,FORM AND STRUCTURE-DDP7003,SABYASACHI PALDAS
2026-27,1,DDP7004,1DDP7004,3,1.0,0.0,4.0,X,TYPOGRAPHY AND VISUAL LANGUAGE-DDP7004,JYOTI KUMAR
2026-27,1,DDP7005,1DDP7005,3,1.0,0.0,4.0,X,INTERACTION AND INTERFACES-DDP7005,MRITUNJAY KUMAR
2026-27,1,DDP7042,1DDP7042,3,2.0,0.0,2.0,M,UNIVERSAL DESIGN-DDP7042,GOURAB KAR
2026-27,1,DDP7740,1DDP7740,3,1.0,0.0,4.0,B,CODESIGN AND PARTICIPATORY FUTURES-DDP7740,SAURABH TEWARI
2026-27,1,DDR227,1DDR227,2,0.0,0.0,4.0,X,SOCIAL IMMERSION-DDR227,P.V.MADHUSUDHAN RAO
2026-27,1,DDR852,1DDR852,3,2.0,0.0,2.0,X,STRATEGIC DESIGN MANAGEMENT-DDR852,SUMER SINGH
2026-27,1,DDR8522,1DDR8522,3,1.0,0.0,4.0,X,STRATEGIC DESIGN MANAGEMENT-DDR8522,SUMER SINGH
2026-27,1,DTD899,1DTD899,0,0.0,0.0,0.0,P,DOCTORAL THESIS-DTD899,IITD SUPPORT
2026-27,1,EED412,1EED412,7,0.0,0.0,14.0,P,MAJOR PROJECT PART 2 (EE)-EED412,SOUTIK BETAL
2026-27,1,ELD411,1ELD411,3,0.0,0.0,6.0,P,B.TECH. PROJECT - I-ELD411,SOUTIK BETAL
2026-27,1,ELD431,1ELD431,3,0.0,0.0,6.0,P,B.TECH. PROJECT - I-ELD431,SOUTIK BETAL
2026-27,1,ELD450,1ELD450,8,0.0,0.0,16.0,P,BTP PART-II-ELD450,SOUTIK BETAL
2026-27,1,ELD451,1ELD451,8,0.0,0.0,16.0,P,BTP PART-II-ELD451,SOUTIK BETAL
2026-27,1,ELD452,1ELD452,8,0.0,0.0,16.0,P,BTP PART-II-ELD452,SOUTIK BETAL
2026-27,1,ELD453,1ELD453,8,0.0,0.0,16.0,P,BTP PART-II-ELD453,SOUTIK BETAL
2026-27,1,ELD454,1ELD454,8,0.0,0.0,16.0,P,BTP PART-II-ELD454,SOUTIK BETAL
2026-27,1,ELD455,1ELD455,8,0.0,0.0,16.0,P,BTP PART-II-ELD455,SOUTIK BETAL
2026-27,1,ELD456,1ELD456,8,0.0,0.0,16.0,P,BTP PART-II-ELD456,SOUTIK BETAL
2026-27,1,ELD457,1ELD457,8,0.0,0.0,16.0,P,BTP PART-II-ELD457,SOUTIK BETAL
2026-27,1,ELD458,1ELD458,8,0.0,0.0,16.0,P,BTP PART-II-ELD458,SOUTIK BETAL
2026-27,1,ELD459,1ELD459,8,0.0,0.0,16.0,P,BTP PART-II-ELD459,SOUTIK BETAL
2026-27,1,ELD7200,1ELD7200,3,0.0,0.0,6.0,P,SUMMER INTERNSHIP/MINOR PROJECT-ELD7200,SANDEEP KUMAR
2026-27,1,ELD7460,1ELD7460,6,0.0,0.0,12.0,P,MTECH PROJECT PART 1-ELD7460,ARPAN CHATTOPADHYAY
2026-27,1,ELD7500,1ELD7500,3,0.0,0.0,6.0,P,SUMMER INTERNSHIP / MINOR PROJECT-ELD7500,SREYAM SINHA
2026-27,1,ELD7600,1ELD7600,6,0.0,0.0,12.0,P,MTECH PROJECT PART 1-ELD7600,NILANJAN SENROY
2026-27,1,ELD8000,1ELD8000,42,0.0,0.0,84.0,P,MSR RESEARCH PROJECT-ELD8000,SUBASHISH DATTA
2026-27,1,ELD801,1ELD801,6,0.0,0.0,12.0,P,MAJOR PROJECT PART I-ELD801,PRIYANK SRIVASTAVA
2026-27,1,ELD802,1ELD802,12,0.0,0.0,24.0,P,MAJOR PROJECT PART II-ELD802,PRIYANK SRIVASTAVA
2026-27,1,ELD8100,1ELD8100,6,0.0,0.0,12.0,P,MTECH PROJECT PART 1-ELD8100,PRIYANK SRIVASTAVA
2026-27,1,ELD811,1ELD811,6,0.0,0.0,12.0,P,MAJOR PROJECT PART-I (COMMUNIC-ELD811,ARPAN CHATTOPADHYAY
2026-27,1,ELD8200,1ELD8200,6,0.0,0.0,12.0,X,MTECH PROJECT PART 1-ELD8200,SANDEEP KUMAR
2026-27,1,ELD8201,1ELD8201,12,0.0,0.0,24.0,X,M.TECH PROJECT PART 2-ELD8201,SANDEEP KUMAR
2026-27,1,ELD830,1ELD830,3,0.0,0.0,6.0,P,MINOR PROJECT-ELD830,DHIMAN MALLICK
2026-27,1,ELD8300,1ELD8300,3,0.0,0.0,6.0,P,SUMMER INTERNSHIP/MINOR PROJECT-ELD8300,DHIMAN MALLICK
2026-27,1,ELD8301,1ELD8301,6,0.0,0.0,12.0,P,MAJOR PROJECT PART I-ELD8301,DHIMAN MALLICK
2026-27,1,ELD831,1ELD831,6,0.0,0.0,12.0,P,MAJOR PROJECT PART-I (INTEGRAT-ELD831,DHIMAN MALLICK
2026-27,1,ELD832,1ELD832,12,0.0,0.0,24.0,P,MAJOR PROJECT PART-II-ELD832,DHIMAN MALLICK
2026-27,1,ELD850,1ELD850,3,0.0,0.0,6.0,P,MINOR PROJECT-ELD850,SREYAM SINHA
2026-27,1,ELD8501,1ELD8501,6,0.0,0.0,12.0,P,MAJOR PROJECT PART I-ELD8501,SREYAM SINHA
2026-27,1,ELD851,1ELD851,6,0.0,0.0,12.0,P,MAJOR PROJECT PART-I-ELD851,SREYAM SINHA
2026-27,1,ELD871,1ELD871,6,0.0,0.0,12.0,P,MAJOR PROJECT PART-I-ELD871,NILANJAN SENROY
2026-27,1,ELD872,1ELD872,12,0.0,0.0,24.0,P,MAJOR PROJECT PART-II-ELD872,NILANJAN SENROY
2026-27,1,ELD880,1ELD880,6,0.0,0.0,12.0,P,MAJOR PROJECT PART-I-ELD880,SANDEEP KUMAR
2026-27,1,ELD881,1ELD881,12,0.0,0.0,24.0,X,MAJOR PROJECT PART II-ELD881,SANDEEP KUMAR
2026-27,1,ELD895,1ELD895,36,0.0,0.0,72.0,P,MS RESEARCH PROJECT-ELD895,SUBASHISH DATTA
2026-27,1,ELL1000,1ELL1000,4,2.0,1.0,2.0,X1,INTRODUCTION TO ELECTRICAL ENGINEERING-ELL1000,RANJAN BOSE , ANKIT SINGHAL , SUMIT KUMAR PRAMANICK , MUKUL SARKAR , SHUBHENDU BHASIN , ANUJ DHAWAN
2026-27,1,ELL1205,1ELL1205,4,3.0,1.0,0.0,C,SIGNALS AND SYSTEMS-ELL1205,ABHISHEK DIXIT
2026-27,1,ELL1401,1ELL1401,4,3.0,0.0,2.0,X,DIGITAL ELECTRONICS-ELL1401,MANAN SURI , KAUSHALYA
2026-27,1,ELL201,1ELL201,4.5,3.0,0.0,3.0,X,DIGITAL ELECTRONICS-ELL201,MANAN SURI
2026-27,1,ELL205,1ELL205,4,3.0,1.0,0.0,X,SIGNALS AND SYSTEMS-ELL205,ABHISHEK DIXIT
2026-27,1,ELL2303,1ELL2303,3,3.0,0.0,0.0,A,SEMICONDUCTOR MATERIALS AND INTERFACES-ELL2303,MADHUSUDAN SINGH
2026-27,1,ELL2500,1ELL2500,4,3.0,1.0,0.0,E,ELECTROMECHANICAL ENERGY CONVERSION-ELL2500,ANANDARUP DAS
2026-27,1,ELL302,1ELL302,3,3.0,0.0,0.0,B,POWER ELECTRONICS-ELL302,SOUMYA SHUBHRA NAG
2026-27,1,ELL304,1ELL304,5.5,3.0,1.0,3.0,F,ANALOG ELECTRONIC CIRCUITS-ELL304,RAKESH KUMAR PALANI , MUSTAFIJUR RAHMAN
2026-27,1,ELL305,1ELL305,3,3.0,0.0,0.0,E,COMPUTER ARCHITECTURE-ELL305,SUMANTRA DUTTA ROY , SUBRAT KAR
2026-27,1,ELL311,1ELL311,4,3.0,1.0,0.0,D,COMMUNICATION ENGINEERING-ELL311,ANUPAMA RAJORIYA
2026-27,1,ELL313,1ELL313,3,3.0,0.0,0.0,E,ANTENNAS AND PROPAGATION-ELL313,MAHESH PANDURANG ABEGAONKAR
2026-27,1,ELL363,1ELL363,3,3.0,0.0,0.0,F,POWER ENGINEERING-II-ELL363,YASHASVI
2026-27,1,ELL402,1ELL402,3,3.0,0.0,0.0,K,COMPUTER COMMUNICATION-ELL402,SWADES KUMAR DE
2026-27,1,ELL409,1ELL409,4,3.0,0.0,2.0,J,MACHINE INTELLIGENCE & LEARNING-ELL409,JAYADEVA
2026-27,1,ELL700,1ELL700,3,3.0,0.0,0.0,A,LINEAR SYSTEMS THEORY-ELL700,SHAUNAK SEN
2026-27,1,ELL7000,1ELL7000,1,1.0,0.0,0.0,X,PROFESSIONAL ETHICS IN ELECTRICAL ENGINEERING-ELL7000,SUBASHISH DATTA
2026-27,1,ELL7001,1ELL7001,1,1.0,0.0,0.0,X,RESEARCH COMMUNICATION FOR ELECTRICAL ENGINEERS-ELL7001,SUBASHISH DATTA
2026-27,1,ELL7027,1ELL7027,3,3.0,0.0,0.0,F,DIGITAL COMMUNICATION AND INFORMATION SYSTEMS-ELL7027,VIVEK VENKATARAMAN
2026-27,1,ELL7028,1ELL7028,3,3.0,0.0,0.0,J,OPTOELECTRONIC INSTRUMENTATION AND PACKAGING-ELL7028,AMOL CHOUDHARY
2026-27,1,ELL705,1ELL705,3,3.0,0.0,0.0,B,STOCHASTIC FILTERING AND IDENT-ELL705,DEEPAK UMAKANT PATIL
2026-27,1,ELL708,1ELL708,3,3.0,0.0,0.0,AD,SELECTED TOPICS IN SYSTEMS AN-ELL708,PRIYANK SRIVASTAVA
2026-27,1,ELL710,1ELL710,3,3.0,0.0,0.0,X,CODING THEORY-ELL710,MANAV BHATNAGAR
2026-27,1,ELL7100,1ELL7100,3,3.0,0.0,0.0,D,MATHEMATICAL FOUNDATION OF LEARNING AND CONTROL-ELL7100,SUBASHISH DATTA
2026-27,1,ELL7101,1ELL7101,3,3.0,0.0,0.0,A,LINEAR SYSTEMS-ELL7101,SHAUNAK SEN
2026-27,1,ELL7102,1ELL7102,3,3.0,0.0,0.0,B,STOCHASTIC PROCESSES AND FILTERING-ELL7102,DEEPAK UMAKANT PATIL
2026-27,1,ELL711,1ELL711,3,3.0,0.0,0.0,A,SIGNAL THEORY-ELL711,RANJAN KUMAR MALLIK
2026-27,1,ELL712,1ELL712,3,3.0,0.0,0.0,M,DIGITAL COMMUNICATIONS-ELL712,HARSHAN JAGADEESH
2026-27,1,ELL713,1ELL713,3,3.0,0.0,0.0,M,MICROWAVE THEORY AND TECHNIQUE-ELL713,AMARTANSH DUBEY
2026-27,1,ELL714,1ELL714,3,3.0,0.0,0.0,F,BASIC INFORMATION THEORY-ELL714,ADITYA NEMA
2026-27,1,ELL715,1ELL715,4,3.0,0.0,2.0,A,DIGITAL IMAGE PROCESSING-ELL715,BREJESH LALL
2026-27,1,ELL718,1ELL718,3,3.0,0.0,0.0,X,STATISTICAL SIGNAL PROCESSING-ELL718,SHANKAR PRAKRIYA
2026-27,1,ELL719,1ELL719,3,3.0,0.0,0.0,B,DETECTION & ESTIMATION THEORY-ELL719,GOURAB GHATAK
2026-27,1,ELL720,1ELL720,3,3.0,0.0,0.0,K,ADVANCED DIGITAL SIGNAL PROCES-ELL720,SESHAN SRIRANGARAJAN
2026-27,1,ELL724,1ELL724,3,3.0,0.0,0.0,X,MULTICHANNEL SIGNAL PROCESSING-ELL724,LALAN KUMAR
2026-27,1,ELL727,1ELL727,3,3.0,0.0,0.0,F,DIGITAL COMMUNICATION & INFORM-ELL727,VIVEK VENKATARAMAN
2026-27,1,ELL7280,1ELL7280,3,3.0,0.0,0.0,AA,MATHEMATICAL FOUNDATIONS FOR SYSTEMS AND LEARNING-ELL7280,SANDEEP KUMAR
2026-27,1,ELL7281,1ELL7281,3,3.0,0.0,0.0,C,SOFTWARE FUNDAMENTALS OF COMPUTING AND INTELLIGENT SYSTEMS-ELL7281,SUMANTRA DUTTA ROY
2026-27,1,ELL7282,1ELL7282,3,3.0,0.0,0.0,A,APPLICATION-SPECIFIC COMPUTER ARCHITECTURES-ELL7282,TANMOY CHAKRABORTY
2026-27,1,ELL7284,1ELL7284,3,3.0,0.0,0.0,X,MACHINE LEARNING SYSTEMS ENGINEERING-ELL7284,SANTANU CHAUDHURY
2026-27,1,ELL7285,1ELL7285,3,3.0,0.0,0.0,J,MACHINE LEARNING AND OPTIMIZATION-ELL7285,JAYADEVA
2026-27,1,ELL7289,1ELL7289,4,3.0,0.0,2.0,AB,GRAPH MACHINE LEARNING-ELL7289,SANDEEP KUMAR
2026-27,1,ELL7293,1ELL7293,3,3.0,0.0,0.0,E,COMPUTER VISION-ELL7293,BREJESH LALL
2026-27,1,ELL7301,1ELL7301,3,3.0,0.0,0.0,E,DIGITAL CMOS VLSI DESIGN-ELL7301,ANKESH JAIN
2026-27,1,ELL7304,1ELL7304,3,3.0,0.0,0.0,D,ANALOG CIRCUIT DESIGN-ELL7304,SHOURIBRATA CHATTERJEE
2026-27,1,ELL7315,1ELL7315,3,3.0,0.0,0.0,J,POWER MANAGEMENT IC DESIGN-ELL7315,ANKESH JAIN
2026-27,1,ELL7320,1ELL7320,3,3.0,0.0,0.0,X,FUNDAMENTALS OF MICROELECTRONIC DEVICE AND SYSTEMS PACKAGING-ELL7320,BHASKAR MITRA
2026-27,1,ELL7325,1ELL7325,3,3.0,0.0,0.0,AB,INTRODUCTION TO SENSORS TECHNOLOGY-ELL7325,DHIMAN MALLICK
2026-27,1,ELL7332,1ELL7332,3,3.0,0.0,0.0,X,INTRODUCTION TO MEMS DESIGN-ELL7332,BHASKAR MITRA
2026-27,1,ELL734,1ELL734,3,3.0,0.0,0.0,E,MOS VLSI DESIGN-ELL734,ANKESH JAIN
2026-27,1,ELL7342,1ELL7342,4,3.0,0.0,2.0,AC,SPICE-PDK COMPACT DEVICE MODELS FOR SILICON IC DESIGN SIMULATIONS-ELL7342,ABHISEK DIXIT
2026-27,1,ELL7345,1ELL7345,3,3.0,0.0,0.0,F,QUANTUM ELECTRONICS-ELL7345,SANTANU MANNA
2026-27,1,ELL735,1ELL735,3,3.0,0.0,0.0,D,ANALOG INTEGRATED CIRCUITS-ELL735,SHOURIBRATA CHATTERJEE
2026-27,1,ELL740,1ELL740,3,3.0,0.0,0.0,AC,COMPACT MODELING OF SEMICONDUC-ELL740,ABHISEK DIXIT
2026-27,1,ELL7400,1ELL7400,3,3.0,0.0,0.0,A,SIGNAL THEORY-ELL7400,RANJAN KUMAR MALLIK
2026-27,1,ELL7401,1ELL7401,3,3.0,0.0,0.0,M,DIGITAL COMMUNICATIONS-ELL7401,HARSHAN JAGADEESH
2026-27,1,ELL7402,1ELL7402,3,3.0,0.0,0.0,B,DETECTION AND ESTIMATION THEORY-ELL7402,GOURAB GHATAK
2026-27,1,ELL7403,1ELL7403,4,3.0,0.0,2.0,K,COMPUTER COMMUNICATION NETWORKS-ELL7403,SWADES KUMAR DE
2026-27,1,ELL7405,1ELL7405,3,3.0,0.0,0.0,F,BASIC INFORMATION THEORY-ELL7405,ADITYA NEMA
2026-27,1,ELL7406,1ELL7406,3,3.0,0.0,0.0,X,CODING THEORY-ELL7406,MANAV BHATNAGAR
2026-27,1,ELL7410,1ELL7410,3,3.0,0.0,0.0,X,STATISTICAL SIGNAL PROCESSING-ELL7410,SHANKAR PRAKRIYA
2026-27,1,ELL7412,1ELL7412,3,3.0,0.0,0.0,X,MULTICHANNEL SIGNAL PROCESSING-ELL7412,LALAN KUMAR
2026-27,1,ELL7413,1ELL7413,3,3.0,0.0,0.0,M,MICROWAVE THEORY AND TECHNIQUES-ELL7413,AMARTANSH DUBEY
2026-27,1,ELL7414,1ELL7414,3,3.0,0.0,0.0,X,SELECTED TOPICS IN COMMUNICATION AND SIGNAL PROCESSING - I-ELL7414,ARPAN CHATTOPADHYAY
2026-27,1,ELL7420,1ELL7420,3,3.0,0.0,0.0,K,ADVANCED DIGITAL SIGNAL PROCESSING-ELL7420,SESHAN SRIRANGARAJAN
2026-27,1,ELL7425,1ELL7425,3,3.0,0.0,0.0,A,DIGITAL IMAGE PROCESSING-ELL7425,BREJESH LALL
2026-27,1,ELL745,1ELL745,3,3.0,0.0,0.0,F,QUANTUM ELECTRONICS-ELL745,SANTANU MANNA
2026-27,1,ELL750,1ELL750,3,3.0,0.0,0.0,B,MODELLING OF ELECTRICAL MACHIN-ELL750,AMIT KUMAR JAIN
2026-27,1,ELL7500,1ELL7500,3,3.0,0.0,0.0,B,MODELING AND ANALYSIS OF ELECTRICAL MACHINES-ELL7500,AMIT KUMAR JAIN
2026-27,1,ELL7501,1ELL7501,4,3.0,0.0,2.0,E,DC-DC CONVERTERS AND LINE FREQUENCY RECTIFIERS-ELL7501,SREYAM SINHA
2026-27,1,ELL7502,1ELL7502,3,3.0,0.0,0.0,F,PWM RECTIFIERS AND INVERTERS-ELL7502,SHUBHAM SUNDEEP
2026-27,1,ELL7516,1ELL7516,3,3.0,0.0,0.0,M,COMPUTER AIDED DESIGN OF ELECTRICAL MACHINES-ELL7516,KRISHAN KANT
2026-27,1,ELL7600,1ELL7600,3,3.0,0.0,0.0,A,ADVANCED POWER SYSTEM ANALYSIS AND OPTIMIZATION-ELL7600,ABHIJIT RAMCHANDRA ABHYANKAR
2026-27,1,ELL7601,1ELL7601,3,3.0,0.0,0.0,E,ADVANCED POWER SYSTEM PROTECTION-ELL7601,BIJAYA KETAN PANIGRAHI
2026-27,1,ELL7602,1ELL7602,3,3.0,0.0,0.0,F,POWER SYSTEMS DYNAMICS, OPERATION AND CONTROL-ELL7602,NILANJAN SENROY
2026-27,1,ELL780,1ELL780,3,3.0,0.0,0.0,AA,MATHEMATICAL FOUNDATIONS OF CO-ELL780,SANDEEP KUMAR
2026-27,1,ELL781,1ELL781,3,3.0,0.0,0.0,C,SOFTWARE FUNDAMENTALS FOR COMP-ELL781,SUMANTRA DUTTA ROY , SOUGATA MUKHERJEA
2026-27,1,ELL782,1ELL782,3,3.0,0.0,0.0,A,COMPUTER ARCHITECTURE-ELL782,TANMOY CHAKRABORTY
2026-27,1,ELL785,1ELL785,3,3.0,0.0,0.0,K,COMPUTER COMMUNICATION NETWORK-ELL785,SWADES KUMAR DE
2026-27,1,ELL803,1ELL803,3,3.0,0.0,0.0,AC,MODEL REDUCTION IN CONTROL-ELL803,S. JANARDHANAN
2026-27,1,ELL8120,1ELL8120,3,3.0,0.0,0.0,AC,MODEL REDUCTION FOR CONTROL-ELL8120,S. JANARDHANAN
2026-27,1,ELL8197,1ELL8197,3,3.0,0.0,0.0,AD,ADVANCED TOPICS IN SYSTEMS AND CONTROL-ELL8197,PRIYANK SRIVASTAVA
2026-27,1,ELL8287,1ELL8287,3,3.0,0.0,0.0,AC,CLOUD COMPUTING-ELL8287,SOUGATA MUKHERJEA
2026-27,1,ELL8290,1ELL8290,3,3.0,0.0,0.0,M,COMPUTATIONAL NEUROSCIENCE-ELL8290,TAPAN KUMAR GANDHI
2026-27,1,ELL8296,1ELL8296,3,3.0,0.0,0.0,X,MOBILE COMPUTING-ELL8296,SUBRAT KAR
2026-27,1,ELL8299,1ELL8299,3,3.0,0.0,0.0,AA,LARGE LANGUAGE MODELS-ELL8299,TANMOY CHAKRABORTY
2026-27,1,ELL832,1ELL832,3,3.0,0.0,0.0,X,SELECTED TOPICS IN IEC-I-ELL832,SOUTIK BETAL
2026-27,1,ELL833,1ELL833,3,3.0,0.0,0.0,AD,CMOS RF IC DESIGN-ELL833,MUSTAFIJUR RAHMAN
2026-27,1,ELL8333,1ELL8333,3,3.0,0.0,0.0,AD,CMOS RF IC DESIGN-ELL8333,MUSTAFIJUR RAHMAN
2026-27,1,ELL834,1ELL834,3,3.0,0.0,0.0,J,SELECTED TOPICS IN IEC-II-ELL834,ANKESH JAIN
2026-27,1,ELL8521,1ELL8521,3,3.0,0.0,0.0,K,ADVANCED TOPICS IN POWER ELECTRONICS-ELL8521,MUMMADI VEERACHARY
2026-27,1,ELL856,1ELL856,3,3.0,0.0,0.0,K,ADVANCED TOPICS IN POWER ELECT-ELL856,MUMMADI VEERACHARY
2026-27,1,ELL890,1ELL890,3,3.0,0.0,0.0,M,COMPUTATIONAL NEUROSCIENCE-ELL890,TAPAN KUMAR GANDHI
2026-27,1,ELN7001,1ELN7001,4,0.0,0.0,8.0,P,TEACHING AND RESEARCH PRACTICUM-ELN7001,SUBASHISH DATTA
2026-27,1,ELP1001,1ELP1001,1,0.0,0.0,2.0,P,CIRCUITS LABORATORY-ELP1001,SHOURIBRATA CHATTERJEE , ANKESH JAIN
2026-27,1,ELP225,1ELP225,1.5,0.0,0.0,3.0,E,CONTROL ENGINEERING LABORATORY-ELP225,S. JANARDHANAN , PRIYANK SRIVASTAVA , SHAUNAK SEN , DEEPAK UMAKANT PATIL
2026-27,1,ELP303,1ELP303,1.5,0.0,0.0,3.0,F,POWER ENGINEERING LABORATORY-ELP303,YASHASVI , ABHIJIT RAMCHANDRA ABHYANKAR , NILANJAN SENROY , BIJAYA KETAN PANIGRAHI
2026-27,1,ELP332,1ELP332,1.5,0.0,0.0,3.0,P,ELECTRIC DRIVES LABORATORY-ELP332,SOUMYA SHUBHRA NAG , SREYAM SINHA
2026-27,1,ELP7100,1ELP7100,3,0.0,0.0,6.0,P,AUTONOMOUS SYSTEMS &AMP; CONTROL LABORATORY-ELP7100,SUBASHISH DATTA
2026-27,1,ELP7301,1ELP7301,3,0.0,0.0,6.0,P,VLSI DESIGN LAB - I-ELP7301,JAYADEVA , KAUSHIK SAHA
2026-27,1,ELP7411,1ELP7411,3,0.0,1.0,4.0,P,WIRELESS COMMUNICATIONS LABORATORY-ELP7411,RANJAN KUMAR MALLIK , ARPAN CHATTOPADHYAY , HARSHAN JAGADEESH
2026-27,1,ELP7500,1ELP7500,1.5,0.0,0.0,3.0,P,ELECTRICAL MACHINES LABORATORY-ELP7500,AMIT KUMAR JAIN , KRISHAN KANT
2026-27,1,ELP7501,1ELP7501,1.5,0.0,0.0,3.0,P,ADVANCED POWER ELECTRONICS LABORATORY-ELP7501,MUMMADI VEERACHARY , SHUBHAM SUNDEEP
2026-27,1,ELP7600,1ELP7600,2,0.0,0.0,4.0,P,ADVANCED POWER SYSTEM ANALYSIS AND OPTIMIZATION LAB-ELP7600,ABHIJIT RAMCHANDRA ABHYANKAR
2026-27,1,ELP870,1ELP870,3,0.0,1.0,4.0,P,POWER SYSTEM LAB 1-ELP870,ABHIJIT RAMCHANDRA ABHYANKAR
2026-27,1,ELQ301,1ELQ301,1,0.0,0.0,2.0,X,SEMINAR COURSE - I-ELQ301,ADITYA NEMA
2026-27,1,ELS310,1ELS310,3,0.0,3.0,0.0,X,INDEPENDENT STUDY (EE1)-ELS310,ANKESH JAIN
2026-27,1,ELS330,1ELS330,3,0.0,3.0,0.0,X,INDEPENDENT STUDY (EE3)-ELS330,ANKESH JAIN
2026-27,1,JVD7000,1JVD7000,3,0.0,0.0,6.0,P,MINOR PROJECT-JVD7000,ANKESH JAIN
2026-27,1,JVD799,1JVD799,3,0.0,0.0,6.0,X,MINOR PROJECT-JVD799,ANKESH JAIN
2026-27,1,JVD8000,1JVD8000,42,0.0,0.0,84.0,P,MSR RESEARCH PROJECT-JVD8000,ANKESH JAIN
2026-27,1,JVD811,1JVD811,12,0.0,0.0,24.0,X,MAJOR PROJECT PART-I-JVD811,ANKESH JAIN
2026-27,1,JVD895,1JVD895,36,0.0,0.0,72.0,P,MS RESEARCH PROJECT-JVD895,ANKESH JAIN
2026-27,1,JVL7000,1JVL7000,1,1.0,0.0,0.0,P,RESEARCH COMMUNICATION-JVL7000,ANKESH JAIN
2026-27,1,ESD400,1ESD400,3,0.0,0.0,6.0,P,B.TECH. PROJECT-I-ESD400,SATYANANDA KAR
2026-27,1,ESD406,1ESD406,7,0.0,0.0,14.0,P,B.TECH. PROJECT-II-ESD406,SATYANANDA KAR
2026-27,1,ESD8901,1ESD8901,6,0.0,0.0,12.0,P,MAJOR PROJECT PART-I (ESN)-ESD8901,RAHUL GOYAL
2026-27,1,ESD895,1ESD895,36,0.0,0.0,72.0,P,MS RESEARCH PROJECT-ESD895,SUPRAVAT KARAK
2026-27,1,ESD8951,1ESD8951,6,0.0,0.0,12.0,P,MAJOR PROJECT PART-I (ESR)-ESD8951,SNEHASISH PANIGRAHY
2026-27,1,ESD8995,1ESD8995,42,0.0,0.0,84.0,P,MSR PROJECT-ESD8995,SUPRAVAT KARAK
2026-27,1,ESL100,1ESL100,4,3.0,1.0,0.0,X,ENERGY RESOURCES AND UTILIZATION-ESL100,RAMESH NARAYANAN
2026-27,1,ESL260,1ESL260,3,2.0,1.0,0.0,X,NETWORK ANALYSIS-ESL260,SUBHENDU DUTTA
2026-27,1,ESL261,1ESL261,3,3.0,0.0,0.0,X,ANALOG AND DIGITAL ELECTRONICS-ESL261,SUMIT KUMAR CHATTOPADHYAY
2026-27,1,ESL263,1ESL263,3,3.0,0.0,0.0,A,POWER ELECTRONICS AND DRIVES FOR ENERGY ENGG.-ESL263,AVANISH TRIPATHI
2026-27,1,ESL280,1ESL280,4,3.0,0.0,2.0,F,INTRODUCTION TO PLASMA CONCEPTS-ESL280,BIBHUTI BHUSAN SAHU , S K TYAGI
2026-27,1,ESL330,1ESL330,4,3.0,1.0,0.0,AB,ENERGY, ECOLOGY AND ENVIRONMENT-ESL330,SUJEET YADAV , S K TYAGI
2026-27,1,ESL341,1ESL341,3,3.0,0.0,0.0,E,ENERGY STORAGE-ESL341,VIPIN KUMAR , RAHUL GOYAL
2026-27,1,ESL370,1ESL370,3,3.0,0.0,0.0,H,CONTROL SYSTEMS AND AUTOMATION-ESL370,AVANISH TRIPATHI , RABINDRA MOHANTY
2026-27,1,ESL372,1ESL372,3,3.0,0.0,0.0,C,INTELLIGENT TECHNIQUES FOR ENERGY SYSTEM ANALYSIS-ESL372,ARIHANT BHANDARI
2026-27,1,ESL390,1ESL390,3,3.0,0.0,0.0,B,ENERGY ECONOMICS-ESL390,K.A. SUBRAMANIAN
2026-27,1,ESL400,1ESL400,3,3.0,0.0,0.0,D,ENERGY EFFICIENCY-ESL400,SUJEET YADAV , SUMIT KUMAR CHATTOPADHYAY
2026-27,1,ESL7127,1ESL7127,3,3.0,0.0,0.0,E,ENERGY AND ENVIRONMENT-ESL7127,SATYANANDA KAR
2026-27,1,ESL7211,1ESL7211,3,3.0,0.0,0.0,J,FUEL TECHNOLOGY-ESL7211,SNEHASISH PANIGRAHY
2026-27,1,ESL7339,1ESL7339,3,3.0,0.0,0.0,B,BIOENERGY: RESOURCES, TECHNOLOGIES AND APPLICATIONS-ESL7339,S K TYAGI
2026-27,1,ESL734,1ESL734,3,3.0,0.0,0.0,C,NUCLEAR ENERGY-ESL734,RAMESH NARAYANAN
2026-27,1,ESL7340,1ESL7340,3,3.0,0.0,0.0,B,NON-CONVENTIONAL SOURCES OF ENERGY-ESL7340,BIBHUTI BHUSAN SAHU , VAMSI KRISHNA KOMARALA
2026-27,1,ESL7346,1ESL7346,3,3.0,0.0,0.0,M,HYDROGEN ENERGY-ESL7346,K.A. SUBRAMANIAN
2026-27,1,ESL7365,1ESL7365,3,3.0,0.0,0.0,AB,SOLAR THERMAL AND PHOTOVOLTAIC TECHNOLOGIES-ESL7365,TRILOK SINGH
2026-27,1,ESL7368,1ESL7368,3,3.0,0.0,0.0,AD,WIND AND SMALL HYDRO ENERGY SYSTEMS-ESL7368,RAHUL GOYAL
2026-27,1,ESL746,1ESL746,3,3.0,0.0,0.0,M,HYDROGEN ENERGY-ESL746,K.A. SUBRAMANIAN
2026-27,1,ESL7672,1ESL7672,3,3.0,0.0,0.0,AD,ENERGY STORAGE-ESL7672,VIPIN KUMAR
2026-27,1,ESL7742,1ESL7742,3,3.0,0.0,0.0,A,ECONOMICS AND FINANCING OF RENEWABLE ENERGY SYSTEMS-ESL7742,RAMESH NARAYANAN
2026-27,1,ESL7774,1ESL7774,3,3.0,0.0,0.0,D,QUANTITATIVE METHODS FOR ENERGY MANAGEMENT AND PLANNING-ESL7774,DEBAPRASAD SAHU
2026-27,1,ESL797,1ESL797,4,3.0,0.0,2.0,AA,OPERATION OF ELECTRICAL ENERGY SYSTEMS WITH LARGE SCALE INTEGRATION OF RENEWABLE ENERGY SOURCES-ESL797,RABINDRA MOHANTY
2026-27,1,ESL875,1ESL875,3,3.0,0.0,0.0,D,ALTERNATIVE FUELS FOR TRANSPORTATION-ESL875,KAUSHIK SAHA
2026-27,1,ESN7001,1ESN7001,1,1.0,0.0,0.0,X,ETHICS IN SCIENCE AND ENGINEERING-ESN7001,VAMSI KRISHNA KOMARALA
2026-27,1,ESN7003,1ESN7003,1,1.0,0.0,0.0,X,TECHNICAL WRITING-ESN7003,KAUSHIK SAHA
2026-27,1,ESN7004,1ESN7004,1,1.0,0.0,0.0,K1,BASIC THERMAL ENGINEERING-ESN7004,SUJEET YADAV
2026-27,1,ESN7412,1ESN7412,1,1.0,0.0,0.0,K2,BASIC ELECTRICAL ENGINEERING-ESN7412,SUBHENDU DUTTA
2026-27,1,ESN7891,1ESN7891,1,1.0,0.0,0.0,H,APPLIED MATHEMATICS AND COMPUTATIONAL METHODS-ESN7891,ARIHANT BHANDARI
2026-27,1,ESN7899,1ESN7899,4,0.0,0.0,8.0,X,TEACHING/RESEARCH PRACTICUM-ESN7899,RAHUL GOYAL
2026-27,1,HSD6002,1HSD6002,4,0.0,0.0,8.0,X,MA RESEARCH PROJECT PART - II-HSD6002,SUNNY KUMAR
2026-27,1,HSD6060,1HSD6060,2,0.0,0.0,4.0,X,MINI PROJECT IN COGNITIVE SCIENCE-HSD6060,DEEPAK ALOK
2026-27,1,HSD6061,1HSD6061,7,0.0,0.0,14.0,X,COGNITIVE SCIENCE PROJECT-I-HSD6061,DEEPAK ALOK
2026-27,1,HSD700,1HSD700,3,0.0,0.0,6.0,X,SEMINAR (CASE MATERIAL-BASED)MINOR PROJECT-HSD700,SAHIINII LEMAINA VEIKHO
2026-27,1,HSD8200,1HSD8200,3,0.0,0.0,6.0,X,MINOR PROJECT IN HUMANITIES AND SOCIAL SCIENCES-HSD8200,SAHIINII LEMAINA VEIKHO
2026-27,1,HSL2100,1HSL2100,3,3.0,0.0,0.0,M,INTRODUCTION TO ECONOMICS-HSL2100,REETIKA SUBHASH KHERA
2026-27,1,HSL2102,1HSL2102,3,3.0,0.0,0.0,M,MACROECONOMICS-HSL2102,JAYAN JOSE THOMAS
2026-27,1,HSL2510,1HSL2510,3,3.0,0.0,0.0,M,PHILOSOPHY THROUGH PUZZLES AND PARADOXES-HSL2510,DON WALLACE FREEMAN DCRUZ
2026-27,1,HSL2605,1HSL2605,3,3.0,0.0,0.0,M,SOCIOLOGICAL PERSPECTIVES ON ORGANISATIONS-HSL2605,MAHUYA BANDYOPADHYAY
2026-27,1,HSL2710,1HSL2710,3,3.0,0.0,0.0,H,WORDS IN THE WORLD-HSL2710,ASHWINI J VAIDYA
2026-27,1,HSL2742,1HSL2742,3,3.0,0.0,0.0,M,FUNDAMENTALS OF LANGUAGE SCIENCES-HSL2742,PRITHA CHANDRA
2026-27,1,HSL5001,1HSL5001,3,3.0,0.0,0.0,X,THEORY &AMP; METHODS IN HUMANITIES AND SOCIAL SCIENCES-HSL5001,MAHUYA BANDYOPADHYAY
2026-27,1,HSL5002,1HSL5002,3,3.0,0.0,0.0,AB,LITERARY THEORY-HSL5002,SIMONA SAWHNEY
2026-27,1,HSL5003,1HSL5003,3,3.0,0.0,0.0,B,PHILOSOPHICAL THINKING-HSL5003,ARUDRA VENKATA BURRA
2026-27,1,HSL5011,1HSL5011,4,3.0,1.0,0.0,AA,MICROECONOMICS I-HSL5011,RAKESH CHATURVEDI
2026-27,1,HSL5012,1HSL5012,4,3.0,1.0,0.0,AB,MACROECONOMICS I-HSL5012,JAYAN JOSE THOMAS
2026-27,1,HSL5013,1HSL5013,4,3.0,0.0,2.0,B,PROBABILITY AND STATISTICS FOR ECONOMICS-HSL5013,SISIR DEBNATH
2026-27,1,HSL5014,1HSL5014,4,3.0,1.0,0.0,AC,MATHEMATICS FOR ECONOMICS-HSL5014,ABHIJIT BANERJI
2026-27,1,HSL5015,1HSL5015,4,3.0,0.0,2.0,AD,ALGORITHMS, DATA STRUCTURES AND PROGRAMMING IN ECONOMICS-HSL5015,SOURABH BIKAS PAUL
2026-27,1,HSL5203,1HSL5203,2,1.0,0.5,1.0,X,FIELDWORK METHODS-HSL5203,MAHUYA BANDYOPADHYAY
2026-27,1,HSL6015,1HSL6015,3,3.0,0.0,0.0,AA,INDIAN ECONOMY-HSL6015,ISHAN ANAND
2026-27,1,HSL6208,1HSL6208,3,3.0,0.0,0.0,AD,CINEMAS OF INDIA-HSL6208,DICKENS LEONARD M
2026-27,1,HSL6210,1HSL6210,3,3.0,0.0,0.0,AC,INTRODUCTION TO HEALTH HUMANITIES-HSL6210,VINAY SUHALKA
2026-27,1,HSL6405,1HSL6405,3,3.0,0.0,0.0,M,THE CITY AND ITS LITERATURES-HSL6405,STUTI KHANNA
2026-27,1,HSL6502,1HSL6502,3,3.0,0.0,0.0,AA,DEBATES IN INDIAN EPISTEMOLOGY-HSL6502,TSERING NURBOO
2026-27,1,HSL6530,1HSL6530,3,3.0,0.0,0.0,AD,INTRODUCTION TO PHILOSOPHY OF AI-HSL6530,DON WALLACE FREEMAN DCRUZ
2026-27,1,HSL7011,1HSL7011,3,3.0,0.0,0.0,X,ADVANCED MICROECONOMICS-HSL7011,RAKESH CHATURVEDI
2026-27,1,HSL7101,1HSL7101,3,3.0,0.0,0.0,AA,GLOBAL HEALTH ECONOMICS-HSL7101,SNEHA LAMBA
2026-27,1,HSL7112,1HSL7112,3,3.0,0.0,0.0,B,POLITICAL ECONOMY OF DEVELOPMENT-HSL7112,JAYAN JOSE THOMAS
2026-27,1,HSL7115,1HSL7115,3,3.0,0.0,0.0,AB,TIME SERIES ECONOMETRICS AND FORECASTING-HSL7115,SOURABH BIKAS PAUL
2026-27,1,HSL7121,1HSL7121,3,3.0,0.0,0.0,X,ADVANCED PROBABILITY AND STATISTICAL INFERENCE-HSL7121,SISIR DEBNATH
2026-27,1,HSL7431,1HSL7431,3,3.0,0.0,0.0,X,WHAT IS A TEXT-HSL7431,DICKENS LEONARD M , MILIND WAKANKAR , SIMONA SAWHNEY , DIVYA DWIVEDI , STUTI KHANNA
2026-27,1,HSL7432,1HSL7432,3,3.0,0.0,0.0,X,STUDY OF AN AUTHOR/THINKER-HSL7432,MILIND WAKANKAR
2026-27,1,HSL7645,1HSL7645,3,3.0,0.0,0.0,X,AGRARIAN SOCIETIES AND RURAL DEVELOPMENT-HSL7645,RICHA KUMAR
2026-27,1,HSL7649,1HSL7649,3,3.0,0.0,0.0,X,SOCIOLOGICAL THEORY-HSL7649,SARBESWAR SAHOO
2026-27,1,HSL7701,1HSL7701,3,2.0,0.0,2.0,X,ACOUSTIC PHONETICS-HSL7701,SAHIINII LEMAINA VEIKHO
2026-27,1,HSL7721,1HSL7721,3,3.0,0.0,0.0,X,THE ARCHITECTURE OF SYNTAX: THEORY AND EVIDENCE-HSL7721,DEEPAK ALOK
2026-27,1,HSL780,1HSL780,3,3.0,0.0,0.0,X,SOCIAL AND CULTURAL CONSTRUCTION OF EMOTIONS-HSL780,YASHPAL ASHOKRAO JOGDAND
2026-27,1,HSL7880,1HSL7880,3,3.0,0.0,0.0,X,SOCIAL AND CULTURAL CONSTRUCTION OF EMOTIONS-HSL7880,YASHPAL ASHOKRAO JOGDAND
2026-27,1,HSL8101,1HSL8101,3,3.0,0.0,0.0,AB,POLITICAL ECONOMY OF OFFICIAL STATISTICS-HSL8101,ANKUSH AGRAWAL
2026-27,1,HSL8501,1HSL8501,3,3.0,0.0,0.0,AB,BUDDHIST PHILOSOPHY-HSL8501,TSERING NURBOO
2026-27,1,HSL8530,1HSL8530,3,3.0,0.0,0.0,X,MINDS AND MACHINES-HSL8530,DON WALLACE FREEMAN DCRUZ
2026-27,1,HSL8645,1HSL8645,3,3.0,0.0,0.0,X,ETHNOGRAPHY: THEORY, PRACTICE AND CRITIQUE-HSL8645,MADHULIKA SONKAR
2026-27,1,HSL8708,1HSL8708,3,3.0,0.0,0.0,AB,ADVANCED TOPICS IN PSYCHOLOGY-HSL8708,PURNIMA SINGH
2026-27,1,HSN5000,1HSN5000,1,0.0,1.0,0.0,X,RESEARCH ETHICS-HSN5000,ARUDRA VENKATA BURRA , RAKESH CHATURVEDI
2026-27,1,HSN5001,1HSN5001,1,0.0,1.0,0.0,X,INTERDISCIPLINARY READING BOOTCAMP: CULTURE, SOCIETY, THOUGHT-HSN5001,DIVYA DWIVEDI
2026-27,1,HSP5020,1HSP5020,3,0.0,0.0,6.0,X,CORNERSTONE PROJECT (M.SC. ECONOMICS)-HSP5020,ROHIT KUMAR
2026-27,1,HSP5064,1HSP5064,2,0.0,2.0,0.0,X,SCIENTIFIC WRITING-HSP5064,ASHWINI J VAIDYA
2026-27,1,HSP6011,1HSP6011,4,0.0,0.0,8.0,X,ADVANCED ECONOMICS LAB-HSP6011,ROHIT KUMAR
2026-27,1,HST5002,1HST5002,2,1.0,0.0,2.0,X,ARCHIVAL METHODS-HST5002,SUNNY KUMAR
2026-27,1,HUL212,1HUL212,4,3.0,1.0,0.0,M,MICROECONOMICS-HUL212,SISIR DEBNATH , SNEHA LAMBA
2026-27,1,HUL231,1HUL231,4,3.0,1.0,0.0,A,AN INTRODUCTION TO LITERATURE-HUL231,MILIND WAKANKAR
2026-27,1,HUL239,1HUL239,4,3.0,1.0,0.0,A,INDIAN FICTION IN ENGLISH-HUL239,DICKENS LEONARD M
2026-27,1,HUL242,1HUL242,4,3.0,1.0,0.0,M,FUNDAMENTALS OF LANGUAGE SCIENCES-HUL242,SAHIINII LEMAINA VEIKHO
2026-27,1,HUL258,1HUL258,4,3.0,1.0,0.0,A,SOCIAL AND POLITICAL PHILOSOPH-HUL258,BHARATI PURI
2026-27,1,HUL261,1HUL261,4,3.0,1.0,0.0,M,INTRODUCTION TO PSYCHOLOGY-HUL261,YASHPAL ASHOKRAO JOGDAND
2026-27,1,HUL275,1HUL275,4,3.0,1.0,0.0,M,ENVIRONMENT; DEVELOPMENT AND SOCIETY-HUL275,VIBHA ARORA
2026-27,1,HUL281,1HUL281,4,3.0,1.0,0.0,M,TECHNOLOGY AND GOVERNANCE-HUL281,NAVEEN THAYYIL KAMALUDDIN
2026-27,1,HUL315,1HUL315,3,3.0,0.0,0.0,A,ECONOMETRIC METHODS-HUL315,ANKUSH AGRAWAL
2026-27,1,HUL320,1HUL320,3,3.0,0.0,0.0,A,SELECTED TOPICS IN ECONOMICS-HUL320,ISHAN ANAND
2026-27,1,HUL354,1HUL354,3,3.0,0.0,0.0,A,ART AND TECHNOLOGY-HUL354,SANIL V.
2026-27,1,HUL361,1HUL361,3,3.0,0.0,0.0,A,APPLIED POSITIVE PSYCHOLOGY-HUL361,KAMLESH SINGH
2026-27,1,HUL377,1HUL377,3,3.0,0.0,0.0,M,GENDER, TECHNOLOGY AND SOCIETY-HUL377,RAVINDER KAUR
2026-27,1,HUL380,1HUL380,3,3.0,0.0,0.0,H,SELECTED TOPICS IN SOCIOLOGY-HUL380,MADHULIKA SONKAR
2026-27,1,HUL704,1HUL704,4,2.0,0.0,4.0,M,INCLUSIVE INNOVATION : THEORY AND PRACTICE -HUL704,AMBUJ D. SAGAR , P.V.MADHUSUDHAN RAO
2026-27,1,MDL801,1MDL801,1.5,1.5,0.0,0.0,AB2,MANAGING DIGITAL TRANSFORMATION-MDL801,AGAM GUPTA
2026-27,1,MDL807,1MDL807,3,3.0,0.0,0.0,E,BRAND MANAGEMENT-MDL807,MAHIM SAGAR
2026-27,1,MSC894,1MSC894,3,0.0,0.0,6.0,P,SEMINAR-MSC894,BISWAJITA PARIDA
2026-27,1,MSD308,1MSD308,1.5,0.0,0.0,3.0,P,PRODUCT VIABILITY & MARKET TRACTION-MSD308,AGAM GUPTA
2026-27,1,MSL302,1MSL302,3,3.0,0.0,0.0,A,MANAGERIAL ACC. & FINAC. MGMT.-MSL302,SMITA KASHIRAMKA
2026-27,1,MSL304,1MSL304,3,3.0,0.0,0.0,M,MANAGING OPERATIONS-MSL304,PRASANNA R
2026-27,1,MSL305,1MSL305,3,2.0,0.0,2.0,K,NEW VENTURE CREATION-MSL305,BISWAJITA PARIDA
2026-27,1,MSL306,1MSL306,3,2.0,0.0,2.0,U,IDEATION AND PROTOYPING-MSL306,JITENDER MADAAN
2026-27,1,MSL405,1MSL405,3,3.0,0.0,0.0,R,FINANCIAL ACCOUNTING & COMPLIANCE FOR STARTUPS-MSL405,SHVETA SINGH
2026-27,1,MSL709,1MSL709,1.5,1.5,0.0,0.0,V2,BUSINESS RESEARCH METHODS-MSL709,ARPAN KUMAR KAR
2026-27,1,MSL711,1MSL711,3,3.0,0.0,0.0,R,STRATEGIC MANAGEMENT-MSL711,SUSHIL
2026-27,1,MSL718,1MSL718,1.5,1.5,0.0,0.0,J1,MANAGEMENT OF BLOCKCHAIN TECHNOLOGY-MSL718,ARGHYA RAY
2026-27,1,MSL721,1MSL721,3,3.0,0.0,0.0,S,ECONOMETRICS-MSL721,AMLENDU KUMAR DUBEY
2026-27,1,MSL725,1MSL725,1.5,1.5,0.0,0.0,AD1,BUSINESS NEGOTIATIONS-MSL725,SHUCHI SINHA
2026-27,1,MSL7530,1MSL7530,3,2.0,0.0,2.0,AB,MANAGEMENT RESEARCH COMMUNICATION-MSL7530,BHAWANA MAHESHWARI
2026-27,1,MSL781,1MSL781,3,3.0,0.0,0.0,S,MACROECONOMIC DYNAMICS-MSL781,AMLENDU KUMAR DUBEY
2026-27,1,MSL809,1MSL809,3,3.0,0.0,0.0,U,CYBER SECURITY: MANAGING RISKS-MSL809,ARGHYA RAY
2026-27,1,MSL814,1MSL814,1.5,1.5,0.0,0.0,V1,DATA VISUALIZATION-MSL814,AGAM GUPTA
2026-27,1,MSL829,1MSL829,3,3.0,0.0,0.0,S,CURRENT & EM. ISSUES IN ST. MG-MSL829,RISHIKA NAYYAR
2026-27,1,MSL834,1MSL834,1.5,1.5,0.0,0.0,AA1,MANAGING DIVERSITY AT WORKPLAC-MSL834,BHAWANA MAHESHWARI
2026-27,1,MSL840,1MSL840,3,3.0,0.0,0.0,U,MANUFACTURING STRATEGY-MSL840,SURYA PRAKASH SINGH
2026-27,1,MSL843,1MSL843,3,3.0,0.0,0.0,T,SUPPLY CHAIN LOGISTICS MGMT.-MSL843,RAVI SHANKAR
2026-27,1,MSL845,1MSL845,3,3.0,0.0,0.0,S,TOTAL PROJECT SYSTEMS MGMT.-MSL845,JITENDER MADAAN
2026-27,1,MSL861,1MSL861,3,3.0,0.0,0.0,T,MARKET RESEARCH-MSL861,AVINASH JAIN
2026-27,1,MSL862,1MSL862,3,3.0,0.0,0.0,U,PRODUCT MANAGEMENT-MSL862,HARISH CHAUDHRY
2026-27,1,MSL883,1MSL883,1.5,1.5,0.0,0.0,A,ICTS, DEVELOPMENT AND BUSINESS-MSL883,P. VIGNESWARA ILAVARASAN
2026-27,1,MSL885,1MSL885,3,3.0,0.0,0.0,S,DIGITAL MARKETING-ANALYTICS & OPTIMIZATION-MSL885,ARPAN KUMAR KAR
2026-27,1,MSL887,1MSL887,3,3.0,0.0,0.0,B,MOBILE COMMERCE-MSL887,AGAM GUPTA
2026-27,1,MSL892,1MSL892,1.5,1.5,0.0,0.0,V1,PREDICTIVE ANALYTICS-MSL892,ARPAN KUMAR KAR
2026-27,1,MSL894,1MSL894,3,3.0,0.0,0.0,AC,SOCIAL MEDIA AND BUSINESS PRACTICES-MSL894,P. VIGNESWARA ILAVARASAN
2026-27,1,MST893,1MST893,2,0.0,0.0,4.0,P,CORPORATE SECTOR ATTACHMENT-MST893,VIVEK G NAIR
2026-27,1,MLD411,1MLD411,4,0.0,0.0,8.0,P,B.TECH PROJECT-BTP-I-MLD411,DIVYA NAYAR
2026-27,1,MLD7006,1MLD7006,12,0.0,0.0,24.0,P,M. TECH. PROJECT PART 1-MLD7006,BIJAY PRAKASH TRIPATHI , SURYANARAYANA VIKRANT KARRA
2026-27,1,MLD8195,1MLD8195,42,0.0,0.0,84.0,P,MS RESEARCH PROJECT-MLD8195,SURYANARAYANA VIKRANT KARRA
2026-27,1,MLD895,1MLD895,36,0.0,0.0,72.0,P,MS RESEARCH PROJECT-MLD895,SURYANARAYANA VIKRANT KARRA
2026-27,1,MLL100,1MLL100,4,3.0,0.0,2.0,B,INTRODUCTION TO MATERIALS SCIENCE AND ENGINEERING-MLL100,GUNDA NAGA SRI HARSHA , ROHIT MALIK , ABHISHEK SARKAR
2026-27,1,MLL1001,1MLL1001,4,3.0,0.0,2.0,B,INTRODUCTION TO MATERIALS SCIENCE AND ENGINEERING-MLL1001,GUNDA NAGA SRI HARSHA , ROHIT MALIK , ABHISHEK SARKAR
2026-27,1,MLL181,1MLL181,3,3.0,0.0,0.0,H,MATERIALS AND SUSTAINABLE DEVELOPMENT-MLL181,SAMPA SAHA
2026-27,1,MLL2001,1MLL2001,4,3.0,1.0,0.0,F,INTRODUCTION TO THERMODYNAMICS OF MATERIALS-MLL2001,SANGEETA SANTRA
2026-27,1,MLL2002,1MLL2002,4,3.0,1.0,0.0,A,STRUCTURE AND CHARACTERIZATION OF MATERIALS-MLL2002,NIRAT RAY
2026-27,1,MLL2003,1MLL2003,4,3.0,0.0,2.0,C,INTRODUCTION TO POLYMERIC MATERIALS-MLL2003,LEENA NEBHANI
2026-27,1,MLL213,1MLL213,3,1.0,0.0,4.0,F,MATERIALS MODELLING-MLL213,SURYANARAYANA VIKRANT KARRA
2026-27,1,MLL251,1MLL251,4,3.0,1.0,0.0,A,MECHANICAL BEHAVIOUR OF MATERIALS-MLL251,AYAN BHOWMIK
2026-27,1,MLL253,1MLL253,3,3.0,0.0,0.0,E,ELECTRONIC, OPTICAL AND MAGNETIC PROPERTIES OF MATERIALS-MLL253,KRISHNA B BALASUBRAMANIAN
2026-27,1,MLL262,1MLL262,4,3.0,1.0,0.0,C,PRINCIPLES OF METAL EXTRACTION-MLL262,ABHISHEK SARKAR
2026-27,1,MLL365,1MLL365,3,3.0,0.0,0.0,D,POWDER METALLURGY-MLL365,ROHIT MALIK
2026-27,1,MLL371,1MLL371,3,2.0,0.0,2.0,B,MATERIALS PROCESSING-MLL371,JAYANT JAIN
2026-27,1,MLL7000,1MLL7000,3,3.0,0.0,0.0,D,STRUCTURE AND CHARACTERIZATION OF MATERIALS-MLL7000,NITYA NAND GOSVAMI
2026-27,1,MLL7001,1MLL7001,3,2.0,0.0,2.0,E,INTRODUCTION TO COMPUTATIONAL MATERIALS SCIENCE-MLL7001,DIBYAJYOTI GHOSH
2026-27,1,MLL7003,1MLL7003,1,1.0,0.0,0.0,C,MATERIALS FOR SUSTAINABLE DEVELOPMENT-MLL7003,NITYA NAND GOSVAMI
2026-27,1,MLL7101,1MLL7101,3,3.0,0.0,0.0,H,POLYMER CHEMISTRY-MLL7101,JOSEMON JACOB
2026-27,1,MLL7102,1MLL7102,4,3.0,0.0,2.0,B,POLYMER ENGINEERING AND RHEOLOGY-MLL7102,SHIB SHANKAR BANERJEE
2026-27,1,MLL7106,1MLL7106,3,3.0,0.0,0.0,M,POLYMERIC NANOMATERIALS AND NANOCOMPOSITES-MLL7106,BIJAY PRAKASH TRIPATHI
2026-27,1,MLL715,1MLL715,3,3.0,0.0,0.0,J,ADVANCED ENGINEERING MATERIALS-MLL715,SURESH NEELAKANTAN
2026-27,1,MLL7201,1MLL7201,3,3.0,0.0,0.0,M,PHASE EQUILIBRIA AND TRANSFORMATIONS-MLL7201,ANKUR GOSWAMI
2026-27,1,MLL7202,1MLL7202,4,3.0,0.0,2.0,B,MECHANICAL BEHAVIOUR OF MATERIALS-MLL7202,LAKSHMI NARAYAN RAMASUBRAMANIAN
2026-27,1,MLL7208,1MLL7208,3,3.0,0.0,0.0,J,ADVANCED ENGINEERING MATERIALS-MLL7208,SURESH NEELAKANTAN
2026-27,1,MLL7213,1MLL7213,3,3.0,0.0,0.0,K,ADVANCED CRYSTALLOGRAPHY-MLL7213,RAJESH PRASAD
2026-27,1,MLL7304,1MLL7304,3,2.0,0.0,2.0,F,MATERIALS SIMULATION METHODS USING HIGH PERFORMANCE COMPUTING-MLL7304,DIVYA NAYAR
2026-27,1,MLL760,1MLL760,3,2.0,0.0,2.0,F,MATERIALS SIMULATION METHODS USING HIGH PERFORMANCE COMPUTING-MLL760,DIVYA NAYAR
2026-27,1,MLN7001,1MLN7001,4,0.0,0.0,8.0,X,RESEARCH PRACTICUM (M.TECH. MATERIALS SCIENCE AND ENGINEERING)-MLN7001,NIRAT RAY
2026-27,1,MLP473,1MLP473,1.5,0.0,0.0,3.0,E,MATERIALS SELECTION AND DESIGN LAB-MLP473,SURESH NEELAKANTAN
2026-27,1,MLQ302,1MLQ302,1,0.0,0.0,2.0,X,MATERIALS SCIENCE AND ENGINEERING SEMINAR-MLQ302,ANKUR GOSWAMI
2026-27,1,MTD350,1MTD350,3,0.0,0.0,6.0,X,MINI PROJECT-MTD350,SHIV PRAKASH PATEL
2026-27,1,MTD6010,1MTD6010,4,0.0,0.0,8.0,X,M.SC. PROJECT PART I-MTD6010,MINATI DE
2026-27,1,MTD851,1MTD851,6,0.0,0.0,12.0,X,MAJOR PROJECT PARTI-MTD851,AMIT PRIYADARSHI
2026-27,1,MTL100,1MTL100,4,3.0,1.0,0.0,F,CALCULUS-MTL100,VIVEK MUKUNDAN
2026-27,1,MTL100,1MTL100,4,3.0,1.0,0.0,AE,CALCULUS-MTL100,VIVEK MUKUNDAN
2026-27,1,MTL1001,1MTL1001,4,3.0,1.0,0.0,F,MATHEMATICS I CALCULUS-MTL1001,VIVEK MUKUNDAN
2026-27,1,MTL1001,1MTL1001,4,3.0,1.0,0.0,AE,MATHEMATICS I CALCULUS-MTL1001,VIVEK MUKUNDAN
2026-27,1,MTL105,1MTL105,3,3.0,0.0,0.0,C,ALGEBRA-MTL105,RITUMONI SARMA
2026-27,1,MTL106,1MTL106,4,3.0,1.0,0.0,D,PROBABILITY & STOCHASTIC PRO.-MTL106,ANANTA KUMAR MAJEE , S.DHARMARAJA
2026-27,1,MTL107,1MTL107,3,3.0,0.0,0.0,H,NUMERICAL METHODS & COMPUTATIONS-MTL107,KAMANA PORWAL
2026-27,1,MTL145,1MTL145,3,3.0,0.0,0.0,AC,NUMBER THEORY-MTL145,AMITABHA TRIPATHI
2026-27,1,MTL2003,1MTL2003,4,3.0,1.0,0.0,E,OPTIMIZATION METHODS AND APPLICATIONS-MTL2003,APARNA MEHRA
2026-27,1,MTL2005,1MTL2005,4,3.0,1.0,0.0,C,ALGEBRA-MTL2005,RITUMONI SARMA
2026-27,1,MTL2006,1MTL2006,4,3.0,1.0,0.0,D,INTRODUCTION TO PROBABILITY AND STOCHASTIC PROCESSES-MTL2006,ANANTA KUMAR MAJEE , S.DHARMARAJA
2026-27,1,MTL2008,1MTL2008,4,3.0,1.0,0.0,F,INTRODUCTION TO PROBABILITY AND STATISTICS-MTL2008,BIPLAB PAUL , NEERAJ JOSHI
2026-27,1,MTL342,1MTL342,4,3.0,1.0,0.0,F,ANALYSIS & DESIGN OF ALGORITHMS-MTL342,DALU JACOB
2026-27,1,MTL458,1MTL458,4,3.0,0.0,2.0,F,OPERATING SYSTEMS-MTL458,MINATI DE
2026-27,1,MTL5001,1MTL5001,4,3.0,1.0,0.0,A,ALGEBRA-MTL5001,SHIV PRAKASH PATEL
2026-27,1,MTL5002,1MTL5002,4,3.0,1.0,0.0,AA,LINEAR ALGEBRA-MTL5002,SURJEET KOUR
2026-27,1,MTL5003,1MTL5003,4,3.0,1.0,0.0,E,REAL ANALYSIS-MTL5003,VISWANATHAN PUTHAN VEEDU
2026-27,1,MTL5004,1MTL5004,4,3.0,0.0,2.0,F,INTRODUCTION TO COMPUTER PROGRAMMING-MTL5004,MANI MEHRA
2026-27,1,MTL5005,1MTL5005,4,3.0,1.0,0.0,B,INTRODUCTION TO PROBABILITY-MTL5005,VIKAS VIKRAM SINGH
2026-27,1,MTL501,1MTL501,4,3.0,1.0,0.0,A,ALGEBRA-MTL501,SHIV PRAKASH PATEL
2026-27,1,MTL502,1MTL502,4,3.0,1.0,0.0,AA,LINEAR ALGEBRA-MTL502,SURJEET KOUR
2026-27,1,MTL503,1MTL503,4,3.0,1.0,0.0,E,REAL ANALYSIS-MTL503,VISWANATHAN PUTHAN VEEDU
2026-27,1,MTL505,1MTL505,4,3.0,1.0,0.0,F,COMPUTER PROGRAMMING-MTL505,MANI MEHRA
2026-27,1,MTL507,1MTL507,4,3.0,1.0,0.0,D,TOPOLOGY-MTL507,BIPLAB BASAK
2026-27,1,MTL6001,1MTL6001,4,3.0,1.0,0.0,F,COMPLEX ANALYSIS-MTL6001,AMIT PRIYADARSHI
2026-27,1,MTL6011,1MTL6011,4,3.0,1.0,0.0,A,DISCRETE MATHEMATICAL STRUCTURES-MTL6011,BHAWANI SANKAR PANDA
2026-27,1,MTL603,1MTL603,4,3.0,1.0,0.0,B,PARTIAL DIFFERENTIAL EQUATIONS-MTL603,KONIJETI SREENADH
2026-27,1,MTL6507,1MTL6507,4,3.0,1.0,0.0,D,TOPOLOGY-MTL6507,BIPLAB BASAK
2026-27,1,MTL6632,1MTL6632,3,2.0,0.0,2.0,H,NONPARAMETRIC STATISTICAL METHODS-MTL6632,NEERAJ JOSHI
2026-27,1,MTL6777,1MTL6777,3,2.0,0.0,2.0,AA,FOUNDATIONS OF STATISTICAL LEARNING-MTL6777,RAHUL SINGH
2026-27,1,MTL7012,1MTL7012,4,3.0,0.0,2.0,C,COMPUTATIONAL METHODS FOR DIFFERENTIAL EQUATIONS-MTL7012,S.CHANDRA SEKHARA RAO
2026-27,1,MTL7030,1MTL7030,4,3.0,0.0,2.0,AD,FUNDAMENTALS OF CRYPTOGRAPHY-MTL7030,BISWAJYOTI SAHA
2026-27,1,MTL712,1MTL712,4,3.0,0.0,2.0,C,COMP. METHODS FOR DIFFER. EQU.-MTL712,S.CHANDRA SEKHARA RAO
2026-27,1,MTL7237,1MTL7237,3,3.0,0.0,0.0,E,INTRODUCTION TO DIFFERENTIAL GEOMETRY-MTL7237,ANIMA NAGAR
2026-27,1,MTL7239,1MTL7239,3,3.0,0.0,0.0,B,REPRESENTATION THEORY OF FINITE GROUPS-MTL7239,PINAKINATH SAHA
2026-27,1,MTL7281,1MTL7281,3,3.0,0.0,0.0,H,FINITE ELEMENT THEORY AND APPLICATIONS-MTL7281,VIJAYANANDA KALYANA SRINIVAS KUMAR VASANA
2026-27,1,MTL730,1MTL730,3,3.0,0.0,0.0,AD,CRYPTOGRAPHY-MTL730,BISWAJYOTI SAHA
2026-27,1,MTL7350,1MTL7350,4,3.0,0.0,2.0,M,DATA STRUCTURES FOR APPLIED MATHEMATICS-MTL7350,BHAWANI SANKAR PANDA
2026-27,1,MTL736,1MTL736,3,3.0,0.0,0.0,AC,ANALYTIC NUMBER THEORY-MTL736,EKATA SAHA
2026-27,1,MTL737,1MTL737,3,3.0,0.0,0.0,E,DIFFERENTIAL GEOMETRY-MTL737,ANIMA NAGAR
2026-27,1,MTL739,1MTL739,3,3.0,0.0,0.0,B,REPRESENTATION OF FINITE GROUP-MTL739,PINAKINATH SAHA
2026-27,1,MTL7455,1MTL7455,3,3.0,0.0,0.0,B,PARTIAL DIFFERENTIAL EQUATIONS-MTL7455,KONIJETI SREENADH
2026-27,1,MTL752,1MTL752,4,3.0,0.0,2.0,M,DATA STRUCTURES FOR APPLIED MATHEMATICS-MTL752,BHAWANI SANKAR PANDA
2026-27,1,MTL763,1MTL763,3,3.0,0.0,0.0,AB,INTRODUCTION TO GAME THEORY-MTL763,VIKAS VIKRAM SINGH
2026-27,1,MTL766,1MTL766,3,3.0,0.0,0.0,D,MULTIVARIATE STATISTICAL METH.-MTL766,RAHUL SINGH
2026-27,1,MTL768,1MTL768,3,3.0,0.0,0.0,AD,GRAPH THEORY-MTL768,ASHUTOSH RAI , DALU JACOB
2026-27,1,MTL7735,1MTL7735,4,3.0,1.0,0.0,AC,INTRODUCTION TO NUMBER THEORY-MTL7735,AMITABHA TRIPATHI
2026-27,1,MTL7736,1MTL7736,3,3.0,0.0,0.0,AC,ANALYTIC NUMBER THEORY-MTL7736,EKATA SAHA
2026-27,1,MTL7750,1MTL7750,3,3.0,0.0,0.0,AB,ABSTRACT HARMONIC ANALYSIS-MTL7750,N.SHRAVAN KUMAR
2026-27,1,MTL7763,1MTL7763,3,3.0,0.0,0.0,AB,INTRODUCTION TO GAME THEORY-MTL7763,VIKAS VIKRAM SINGH
2026-27,1,MTL7766,1MTL7766,3,3.0,0.0,0.0,D,MULTIVARIATE STATISTICAL ANALYSIS-MTL7766,RAHUL SINGH
2026-27,1,MTL7768,1MTL7768,3,3.0,0.0,0.0,AD,GRAPH THEORY-MTL7768,ASHUTOSH RAI , DALU JACOB
2026-27,1,MTL7777,1MTL7777,3,2.0,0.0,2.0,AA,INTRODUCTION TO STATISTICAL LEARNING-MTL7777,RAHUL SINGH
2026-27,1,MTL7783,1MTL7783,4,3.0,1.0,0.0,E,THEORY OF COMPUTATION-MTL7783,ASHUTOSH RAI
2026-27,1,MTL781,1MTL781,3,3.0,0.0,0.0,H,FINITE ELEMENT THEORY & APPLI.-MTL781,VIJAYANANDA KALYANA SRINIVAS KUMAR VASANA
2026-27,1,MTL783,1MTL783,3,3.0,0.0,0.0,E,THEORY OF COMPUTATION-MTL783,ASHUTOSH RAI
2026-27,1,MTL7848,1MTL7848,3,3.0,0.0,0.0,B,PSEUDODIFFERENTIAL OPERATORS WITH APPLICATION IN PDE-MTL7848,APARAJITA DASGUPTA
2026-27,1,MTL7860,1MTL7860,3,3.0,0.0,0.0,E,LINEAR ALGEBRA II-MTL7860,PUNIT SHARMA
2026-27,1,MTL793,1MTL793,3,3.0,0.0,0.0,J,NUMERICAL METHODS FOR HY. PDES-MTL793,HARISH KUMAR
2026-27,1,MTL850,1MTL850,3,3.0,0.0,0.0,AB,ABSTRACT HARMONIC ANALYSIS-MTL850,N.SHRAVAN KUMAR
2026-27,1,MTL860,1MTL860,3,3.0,0.0,0.0,E,LINEAR ALGEBRA-MTL860,PUNIT SHARMA
2026-27,1,MTQ311,1MTQ311,1,0.0,0.0,2.0,X,GALOIS THEORY-MTQ311,SHIV PRAKASH PATEL
2026-27,1,MTQ312,1MTQ312,0,0.0,0.0,0.0,X,SEMINAR COURSE - XII-MTQ312,BHAWANI SANKAR PANDA
2026-27,1,MTQ313,1MTQ313,0,0.0,0.0,0.0,X,SEMINAR COURSE - XIII-MTQ313,APARAJITA DASGUPTA
2026-27,1,MTQ314,1MTQ314,0,0.0,0.0,0.0,X,SEMINAR COURSE - XIV-MTQ314,VISWANATHAN PUTHAN VEEDU
2026-27,1,MTQ315,1MTQ315,0,0.0,0.0,0.0,X,SEMINAR COURSE - XV-MTQ315,KAMANA PORWAL
2026-27,1,MTQ316,1MTQ316,0,0.0,0.0,0.0,X,SEMINAR COURSE - XVI-MTQ316,APARNA MEHRA
2026-27,1,MTQ317,1MTQ317,0,0.0,0.0,0.0,X,SEMINAR COURSE - XVII-MTQ317,SURJEET KOUR
2026-27,1,MCD831,1MCD831,6,0.0,0.0,12.0,X,MAJOR PROJECT PART-I-MCD831,RAMA KRISHNA K
2026-27,1,MCD832,1MCD832,12,0.0,0.0,24.0,X,MAJOR PROJECT PART II-MCD832,RAMA KRISHNA K
2026-27,1,MCD862,1MCD862,12,0.0,0.0,24.0,X,MAJOR PROJECT PART-II-MCD862,PRASHANT PALKAR
2026-27,1,MCD882,1MCD882,12,0.0,0.0,24.0,X,MAJOR PROJECT PART-2-MCD882,SAGAR SARKAR
2026-27,1,MCL134,1MCL134,3.5,3.0,0.0,1.0,B,METROLOGY & QUALITY ASSURANCE-MCL134,SUDARSAN GHOSH
2026-27,1,MCL135,1MCL135,3,3.0,0.0,0.0,F,WELDING AND ALLIED PROCESSES-MCL135,SIVANANDAM ARAVINDAN
2026-27,1,MCL211,1MCL211,4,3.0,0.0,2.0,C,DESIGN OF MACHINES-MCL211,ARPAN GUPTA , RAJ KUMAR PANDEY
2026-27,1,MCL231,1MCL231,3,3.0,0.0,0.0,F,MANUFACTURING PROCESSES II-MCL231,SUDARSAN GHOSH
2026-27,1,MCL242,1MCL242,4,3.0,1.0,0.0,B,HEAT AND MASS TRANSFER-MCL242,ANURAG GOYAL
2026-27,1,MCL261,1MCL261,3,3.0,0.0,0.0,E,INTRO TO OPERATIONS RESEARCH-MCL261,VARUN RAMAMOHAN
2026-27,1,MCL262,1MCL262,3,3.0,0.0,0.0,A,STOCHASTIC MODELLING & SIMULA.-MCL262,NOMESH BHOJKUMAR BOLIA
2026-27,1,MCL316,1MCL316,4,3.0,0.0,2.0,F,VIBRATION ENGINEERING-MCL316,RAJAN PRASAD
2026-27,1,MCL318,1MCL318,3,3.0,0.0,0.0,J,INTRODUCTION TO ORBITAL MECHANICS-MCL318,RAMA KRISHNA K
2026-27,1,MCL343,1MCL343,3,3.0,0.0,0.0,H,INTRODUCTION TO COMBUSTION-MCL343,MAYANK KUMAR
2026-27,1,MCL345,1MCL345,4,3.0,0.0,2.0,E,RECIPROCATING INTERN. COM. EN.-MCL345,M.R. RAVI
2026-27,1,MCL348,1MCL348,3,3.0,0.0,0.0,J,THERMAL MGMT. OF ELECTRONICS-MCL348,P.M.V.SUBBARAO
2026-27,1,MCL431,1MCL431,3,2.0,0.0,2.0,D,CAM AND AUTOMATION-MCL431,SUNIL JHA
2026-27,1,MCL740,1MCL740,3,3.0,0.0,0.0,H,LUBRICATION-MCL740,SUJEET KUMAR SINHA
2026-27,1,MCL840,1MCL840,3,2.0,0.0,2.0,E,EXPERIMENTAL MODAL ANALYSIS AND DYNAMIC DESIGN-MCL840,SUBODH VASANT MODAK
2026-27,1,MCP231,1MCP231,1,0.0,0.0,2.0,E,MANUFACTURING LABORATORY I-MCP231,PRITHVIRAJ MUKHOPADHYAY
2026-27,1,MCP232,1MCP232,1,0.0,0.0,2.0,F,PRODUCTION ENGINEERING LAB I-MCP232,SIVANANDAM ARAVINDAN
2026-27,1,MCP361,1MCP361,1,0.0,0.0,2.0,C,INDUSTRIAL ENGINEERING LAB- II-MCP361,SHAURYA SHRIYAM
2026-27,1,MCP401,1MCP401,2,0.0,0.0,4.0,E,MECHANICAL ENGINEERING LAB -II-MCP401,SUJEET KUMAR SINHA
2026-27,1,MCQ301,1MCQ301,1,0.0,0.0,2.0,X,SEMINAR COURSE - I-MCQ301,RAJ KUMAR PANDEY
2026-27,1,MCQ302,1MCQ302,1,0.0,0.0,2.0,X,SEMINAR COURSE - II-MCQ302,KRISHNA KANT AGRAWAL
2026-27,1,MED411,1MED411,3,0.0,0.0,6.0,X,MAJOR PROJECT PART 1 (ME)-MED411,JITENDRA PRASAD KHATAIT
2026-27,1,MED412,1MED412,7,0.0,0.0,14.0,X,MAJOR PROJECT PART 2 (ME)-MED412,JITENDRA PRASAD KHATAIT
2026-27,1,MED7151,1MED7151,12,0.0,0.0,24.0,X,MAJOR PROJECT PART-1-MED7151,PRASHANT PALKAR
2026-27,1,MED7351,1MED7351,6,0.0,0.0,12.0,X,MAJOR PROJECT PART 1-MED7351,SAGAR SARKAR
2026-27,1,MEL1140,1MEL1140,4,3.0,0.0,2.0,X,THERMODYNAMICS-MEL1140,SANGEETA KOHLI
2026-27,1,MEL2001,1MEL2001,4,3.0,0.0,2.0,F,SOLID MECHANICS-MEL2001,KAUSHIK MUKHERJEE , NARESH VARMA DATLA
2026-27,1,MEL2002,1MEL2002,4,3.0,0.0,2.0,B,KINEMATICS AND DYNAMICS OF MACHINES-MEL2002,SUDIPTO MUKHERJEE , JITENDRA PRASAD KHATAIT
2026-27,1,MEL2011,1MEL2011,4,3.0,1.0,0.0,C,ENGINEERING THERMODYNAMICS-MEL2011,BAHNI RAY
2026-27,1,MEL2012,1MEL2012,4,3.0,1.0,0.0,D,FLUID MECHANICS-MEL2012,AMIT GUPTA
2026-27,1,MEL2021,1MEL2021,3.5,3.0,0.0,1.0,F,NEAR NET SHAPE MANUFACTURING-MEL2021,SAGAR SARKAR
2026-27,1,MEL2024,1MEL2024,4,3.0,1.0,0.0,D,THERMAL SCIENCE FOR MANUFACTURING-MEL2024,SUBHRA DATTA
2026-27,1,MEL7101,1MEL7101,3,3.0,0.0,0.0,AA,MATHEMATICAL PROGRAMMING-MEL7101,AMBER SRIVASTAVA
2026-27,1,MEL7102,1MEL7102,3,3.0,0.0,0.0,AB,PROBABILITY AND STATISTICS-MEL7102,PRASHANT PALKAR
2026-27,1,MEL7103,1MEL7103,3,3.0,0.0,0.0,J,OPERATIONS PLANNING AND CONTROL-MEL7103,SHAURYA SHRIYAM
2026-27,1,MEL7116,1MEL7116,3,3.0,0.0,0.0,AC,OPTIMIZATION-MEL7116,KARTIKEY SHARMA
2026-27,1,MEL7201,1MEL7201,3,3.0,0.0,0.0,F,ADVANCED SOLID MECHANICS-MEL7201,NARESH VARMA DATLA
2026-27,1,MEL7202,1MEL7202,3,2.0,0.0,2.0,D,MECHANICAL SYSTEM DESIGN-MEL7202,JITENDRA PRASAD KHATAIT
2026-27,1,MEL7203,1MEL7203,3,2.0,0.0,2.0,E,OPTIMUM DESIGN-MEL7203,ANOOP CHAWLA
2026-27,1,MEL7204,1MEL7204,3,2.0,0.0,2.0,C,VIBRATION ENGINEERING-MEL7204,ASHISH KAMALAKAR DARPE
2026-27,1,MEL7205,1MEL7205,3,3.0,0.0,0.0,B,DYNAMICS AND CONTROL-MEL7205,SUBIR KUMAR SAHA
2026-27,1,MEL7301,1MEL7301,4,3.0,0.0,2.0,D,METAL FORMING TECHNOLOGY-MEL7301,DIGAVALLI RAVI KUMAR
2026-27,1,MEL7302,1MEL7302,4,3.0,0.0,2.0,E,MACHINING SCIENCE AND TECHNOLOGY-MEL7302,PRITHVIRAJ MUKHOPADHYAY
2026-27,1,MEL7303,1MEL7303,4,3.0,0.0,2.0,A,WELDING SCIENCE AND TECHNOLOGY-MEL7303,ABHISHEK DAS
2026-27,1,MEL7305,1MEL7305,3,2.0,0.0,2.0,B,COMPUTATIONAL METHODS-MEL7305,PULAK MOHAN PANDEY
2026-27,1,MEL7401,1MEL7401,3,3.0,0.0,0.0,C,ADVANCED THERMODYNAMICS-MEL7401,P.M.V.SUBBARAO
2026-27,1,MEL7402,1MEL7402,3,3.0,0.0,0.0,E,ADVANCED FLUID MECHANICS-MEL7402,B. PREMACHANDRAN
2026-27,1,MEL7403,1MEL7403,3,3.0,0.0,0.0,B,APPLIED MATHEMATICS FOR THERMOFLUIDS-MEL7403,PRATIK DAS
2026-27,1,MEL7404,1MEL7404,3,2.0,0.0,2.0,A,EXPERIMENTAL METHODS FOR THERMOFLUIDS-MEL7404,PRABAL TALUKDAR
2026-27,1,MEL7419,1MEL7419,4,3.0,0.0,2.0,E,COMPUTATIONAL HEAT TRANSFER-MEL7419,SUPREET SINGH BAHGA
2026-27,1,MEL7424,1MEL7424,3,3.0,0.0,0.0,H,COMBUSTION-MEL7424,PAVAN PRAKASH DUVVURI
2026-27,1,MEL8263,1MEL8263,3,2.0,0.0,2.0,E,EXPERIMENTAL MODAL ANALYSIS-MEL8263,SUBODH VASANT MODAK
2026-27,1,MEL8828,1MEL8828,3,3.0,0.0,0.0,X,TURBULENT COMBUSTION: MODELLING AND APPLICATIONS-MEL8828,KRISHNA KANT AGRAWAL
2026-27,1,MEP1000,1MEP1000,2,0.5,0.0,3.0,P,ENGINEERING VISUALIZATION-MEP1000,DEVENDRA KUMAR DUBEY , RAMA KRISHNA K , RAJAN PRASAD
2026-27,1,MEP1001,1MEP1001,2,0.5,0.0,3.0,P,MANUFACTURING FOR PRODUCT INNOVATION-MEP1001,ABHISHEK DAS , SUNIL JHA
2026-27,1,VEL700,1VEL700,3,2.0,1.0,0.0,M,HUMAN VALUES AND TECHNOLOGY-VEL700,SANGEETA KOHLI
2026-27,1,VEL7100,1VEL7100,3,3.0,0.0,0.0,M,HUMAN VALUES AND TECHNOLOGY-VEL7100,SANGEETA KOHLI , M.R. RAVI
2026-27,1,VEQ8000,1VEQ8000,0.5,0.0,0.0,1.0,X,RESEARCH COMMUNICATIONS AND ETHICS-VEQ8000,JAMES GOMES
2026-27,1,VEV7030,1VEV7030,1,0.5,0.0,1.0,B,SPECIAL MODULE ON INNER DEVELOPMENT-1-VEV7030,JYOTI KUMAR
2026-27,1,VEV7031,1VEV7031,1,0.5,0.0,1.0,K,SPECIAL MODULE ON INNER DEVELOPMENT-2-VEV7031,RAHUL GARG
2026-27,1,VEV7039,1VEV7039,1,1.0,0.0,0.0,X,SPECIAL MODULE ON PROFESSIONAL ETHICS -1-VEV7039,SANGEETA KOHLI
2026-27,1,VEV7040,1VEV7040,1,1.0,0.0,0.0,X,SPECIAL MODULE ON PROFESSIONAL ETHICS-2-VEV7040,SANGEETA KOHLI
2026-27,1,VEV731,1VEV731,1,1.0,0.0,0.0,B,SPECIAL MODULE ON INNER DEVELOPMENT 1-VEV731,JYOTI KUMAR
2026-27,1,VEV732,1VEV732,1,1.0,0.0,0.0,K,SPECIAL MODULE ON INNER DEVELOPMENT-II-VEV732,RAHUL GARG
2026-27,1,VEV734,1VEV734,1,1.0,0.0,0.0,X,SPECIAL MODULE ON LEADERSHIP-II-VEV734,NOMESH BHOJKUMAR BOLIA
2026-27,1,VEV737,1VEV737,1,0.5,0.0,1.0,X,SPECIAL MODULE ON CIVILIZATION-I-VEV737,TARUN MANGLA
2026-27,1,VEV737A,1VEV737A,1,0.5,0.0,1.0,X,SPECIAL MODULE ON CIVILIZATION-I-VEV737A,SANGEETA KOHLI
2026-27,1,VEV738,1VEV738,1,0.5,0.0,1.0,X,SPECIAL MODULE ON CIVILIZATION-II-VEV738,LALAN KUMAR
2026-27,1,OPD7101,1OPD7101,6,0.0,0.0,12.0,X1,M. TECH. PROJECT PART 1-OPD7101,PARVENDRA KUMAR
2026-27,1,OPD7105,1OPD7105,6,0.0,0.0,12.0,X1,MS (R) PROJECT PART 1-OPD7105,P.SENTHILKUMARAN
2026-27,1,OPD7107,1OPD7107,12,0.0,0.0,24.0,X1,MS (R) PROJECT PART 3-OPD7107,P.SENTHILKUMARAN
2026-27,1,OPL7100,1OPL7100,3,3.0,0.0,0.0,B,OPTICS AND PHOTONICS FOR ENGINEERS AND SCIENTISTS-OPL7100,AADHI A
2026-27,1,OPL7120,1OPL7120,3,3.0,0.0,0.0,D,PHOTONIC MATERIALS AND APPLICATIONS-OPL7120,DHEERAJ PRATAP
2026-27,1,OPL7160,1OPL7160,3,3.0,0.0,0.0,E,INTRODUCTION TO QUANTUM PHOTONICS-OPL7160,PARVENDRA KUMAR
2026-27,1,OPL7711,1OPL7711,3,3.0,0.0,0.0,F,LASER SCIENCE AND TECHNOLOGY-OPL7711,SAURABH MANI TRIPATHI
2026-27,1,OPL7777,1OPL7777,3,3.0,0.0,0.0,H,STATISTICAL METHODS FOR SCIENCE AND ENGINEERING-OPL7777,AWANISH PANDEY
2026-27,1,OPN7100,1OPN7100,4,0.0,0.0,8.0,X1,TEACHING AND RESEARCH PRACTICUM-OPN7100,KEDAR BHALCHANDRA KHARE
2026-27,1,OPP7010,1OPP7010,3,0.0,0.0,6.0,P,PHOTONICS LABORATORY - 1-OPP7010,GAYATHRI BHARATHAN
2026-27,1,OPR7100,1OPR7100,3,0.0,0.0,6.0,X1,COMMUNICATIONS IN RESEARCH-OPR7100,RITWICK DAS
2026-27,1,OPT7100,1OPT7100,3,0.0,0.0,6.0,X1,SUMMER INTERNSHIP-OPT7100,PARVENDRA KUMAR
2026-27,1,AID7099,1AID7099,3,0.0,0.0,6.0,P,SUMMER INTERNSHIP OR MINOR PROJECT-AID7099,SUDIPAN SAHA
2026-27,1,AID710,1AID710,3,0.0,0.0,6.0,P,MINI PROJECT IN ARTIFICIAL INTELLIGENCE-AID710,SOUVIK CHAKRABORTY
2026-27,1,AID8091,1AID8091,6,0.0,0.0,12.0,P,MTECH PROJECT PART I-AID8091,SUDIPAN SAHA
2026-27,1,AID8095,1AID8095,42,0.0,0.0,84.0,P,MS RESEARCH PROJECT-AID8095,SANDEEP KUMAR
2026-27,1,AID892,1AID892,12,0.0,0.0,24.0,P,M.TECH. PROJECT PART-II-AID892,SUDIPAN SAHA
2026-27,1,AID895,1AID895,36,0.0,0.0,72.0,P,MS RESEARCH PROJECT-AID895,SANDEEP KUMAR
2026-27,1,AIL7001,1AIL7001,3,3.0,0.0,0.0,B,MATHEMATICAL FOUNDATIONS OF MINDS-AIL7001,BHASKAR PRATIM MUKHOTY
2026-27,1,AIL7002,1AIL7002,4,3.0,0.0,2.0,X,DATA STRUCTURES AND ALGORITHMS-AIL7002,PARAG SINGLA
2026-27,1,AIL7021,1AIL7021,4,3.0,0.0,2.0,AA,DEEP LEARNING-AIL7021,SUDIPAN SAHA
2026-27,1,AIL7022,1AIL7022,4,3.0,0.0,2.0,AD,REINFORCEMENT LEARNING-AIL7022,ARAMBAM JAMES SINGH
2026-27,1,AIL7023,1AIL7023,4,3.0,0.0,2.0,AB,GRAPH MACHINE LEARNING-AIL7023,SANDEEP KUMAR
2026-27,1,AIL7024,1AIL7024,4,3.0,0.0,2.0,C,MACHINE LEARNING-AIL7024,RAUNAK PUSHPAK BHATTACHARYYA
2026-27,1,AIL7025,1AIL7025,4,3.0,0.0,2.0,F,INTRODUCTION TO ARTIFICIAL INTELLIGENCE-AIL7025,ROHAN PAUL
2026-27,1,AIL721,1AIL721,4,3.0,0.0,2.0,AA,DEEP LEARNING-AIL721,SUDIPAN SAHA
2026-27,1,AIL722,1AIL722,3,3.0,0.0,0.0,AD,REINFORCEMENT LEARNING-AIL722,ARAMBAM JAMES SINGH
2026-27,1,AIL8022,1AIL8022,3,3.0,0.0,0.0,C,SPECIAL TOPICS IN MACHINE LEARNING II-AIL8022,PARAG SINGLA
2026-27,1,AIL821,1AIL821,3,3.0,0.0,0.0,C,SPECIAL TOPICS IN MACHINE LEARNING-AIL821,PARAG SINGLA
2026-27,1,AIN7091,1AIN7091,4,0.0,0.0,8.0,P,TEACHING/RESEARCH PRACTICUM-AIN7091,SUDIPAN SAHA
2026-27,1,AIS710,1AIS710,3,0.0,3.0,0.0,P,INDEPENDENT STUDY IN ARTIFICIAL INTELLIGENCE-AIS710,SOUVIK CHAKRABORTY
2026-27,1,SBD301,1SBD301,3,0.0,0.0,6.0,P,MINI PROJECT-SBD301,SHILPI MINOCHA
2026-27,1,SBD6001,1SBD6001,6,0.0,0.0,12.0,P,MINOR PROJECT-SBD6001,MANOJ BALAKRISHNA MENON
2026-27,1,SBD601,1SBD601,6,0.0,0.0,12.0,P,MINOR PROJECT-SBD601,MANOJ BALAKRISHNA MENON
2026-27,1,SBD7950,1SBD7950,3,0.0,0.0,6.0,P,M.S. RESEARCH MINOR PROJECT OR INTERNSHIP-SBD7950,SHILPI MINOCHA
2026-27,1,SBD895,1SBD895,36,0.0,0.0,72.0,P,MS RESEARCH PROJECT-SBD895,SHILPI MINOCHA
2026-27,1,SBD8950,1SBD8950,42,0.0,0.0,84.0,P,M.S. RESEARCH DISSERTATION IN BIOLOGICAL SCIENCES-SBD8950,SHILPI MINOCHA
2026-27,1,SBL100,1SBL100,4,3.0,0.0,2.0,C,INTRO. TO BIOLOGY FOR ENGINEER-SBL100,SANTANU MONDAL
2026-27,1,SBL1100,1SBL1100,2,2.0,0.0,0.0,D,BIOLOGY FOR ENGINEERS: MICROBES IN HEALTH AND DISEASE-SBL1100,PARUL MEHROTRA , ARCHANA CHUGH
2026-27,1,SBL1102,1SBL1102,2,2.0,0.0,0.0,D,BIOLOGY FOR ENGINEERS: DISEASES AND DISORDERS-SBL1102,DEEPTI ABBEY , TAPAN KUMAR NAYAK
2026-27,1,SBL201,1SBL201,3,3.0,0.0,0.0,F,HIGH-DIMENSIONAL BIOLOGY-SBL201,MANOJ BALAKRISHNA MENON , ANITA ROY , SHILPI MINOCHA
2026-27,1,SBL5000,1SBL5000,4,3.0,0.0,2.0,M,MOLECULAR CELL BIOLOGY &AMP; GENETICS-SBL5000,SHILPI MINOCHA , AMIT KUMAR GAURAV
2026-27,1,SBL5010,1SBL5010,4,3.0,0.0,2.0,A,MATHEMATICAL AND STATISTICAL BIOLOGY-SBL5010,TAPAN KUMAR NAYAK , ADITYA MITTAL
2026-27,1,SBL5020,1SBL5020,4,3.0,0.0,2.0,AD,BIOCHEMISTRY-SBL5020,ANITA ROY , TAPAN KUMAR CHAUDHURI
2026-27,1,SBL5030,1SBL5030,4,3.0,0.0,2.0,K,BIOLOGY OF MICROBES-SBL5030,MANIDIPA BANERJEE , PARUL MEHROTRA
2026-27,1,SBL5040,1SBL5040,4,3.0,0.0,2.0,AB,EXPERIMENTAL METHODS IN BIOLOGY-SBL5040,AMIT NAIN , ASHOK KUMAR PATEL
2026-27,1,SBL7001,1SBL7001,3,3.0,0.0,0.0,M,BIOMETRY-SBL7001,ADITYA MITTAL
2026-27,1,SBL7008,1SBL7008,3,3.0,0.0,0.0,E,EPIGENETICS IN HUMAN HEALTH AND DISEASE-SBL7008,VIVEKANANDAN PERUMAL
2026-27,1,SBL701,1SBL701,3,3.0,0.0,0.0,M,BIOMETRY-SBL701,ADITYA MITTAL
2026-27,1,SBL7010,1SBL7010,3,3.0,0.0,0.0,B,CHEMICAL BIOLOGY-SBL7010,TAPAN KUMAR CHAUDHURI
2026-27,1,SBL7013,1SBL7013,3,3.0,0.0,0.0,M,INTRODUCTION TO STRUCTURAL BIOLOGY-SBL7013,MANIDIPA BANERJEE
2026-27,1,SBL7020,1SBL7020,3,3.0,0.0,0.0,H,GENOME AND HEALTHCARE-SBL7020,AMIT KUMAR GAURAV
2026-27,1,SBL7022,1SBL7022,3,3.0,0.0,0.0,AA,STEM CELLS BIOLOGY-SBL7022,JYOTIRMAYA BEHERA
2026-27,1,SBL7024,1SBL7024,3,3.0,0.0,0.0,H,DECODING PROTEIN MODIFICATIONS IN BIOLOGY-SBL7024,MANOJ BALAKRISHNA MENON
2026-27,1,SBL7030,1SBL7030,3,3.0,0.0,0.0,J,MODERN TRENDS IN DRUG DEVELOPMENT-SBL7030,SANTANU MONDAL
2026-27,1,SBL7032,1SBL7032,3,3.0,0.0,0.0,J,CONCEPTS IN 3-DIMENSION CELL CULTURE-SBL7032,DEEPTI ABBEY
2026-27,1,SBL7041,1SBL7041,3,3.0,0.0,0.0,AC,IMMUNOTHERAPY-SBL7041,JYOTIRMAYA BEHERA
2026-27,1,SBL708,1SBL708,3,3.0,0.0,0.0,E,EPIGENETICS IN HUMAN HEALTH AND DISEASE-SBL708,VIVEKANANDAN PERUMAL
2026-27,1,SBL710,1SBL710,3,3.0,0.0,0.0,B,CHEMICAL BIOLOGY-SBL710,TAPAN KUMAR CHAUDHURI
2026-27,1,SBL713,1SBL713,3,3.0,0.0,0.0,M,INTRO. TO STRUCTURAL BIOLOGY-SBL713,MANIDIPA BANERJEE
2026-27,1,SBL720,1SBL720,3,3.0,0.0,0.0,H,GENOME AND HEALTHCARE-SBL720,AMIT KUMAR GAURAV
2026-27,1,SBL724,1SBL724,3,3.0,0.0,0.0,H,DECODING PROTEIN MODIFICATIONS IN BIOLOGY-SBL724,MANOJ BALAKRISHNA MENON
2026-27,1,SBL732,1SBL732,3,3.0,0.0,0.0,J,CONCEPTS IN THREE-DIMENSIONAL CELL CULTURE-SBL732,DEEPTI ABBEY
2026-27,1,SBP1100,1SBP1100,1,0.0,0.0,2.0,P,EXPERIMENTAL BIOLOGY FOR ENGINEERS-SBP1100,BISHWAJIT KUNDU , AMIT NAIN , SANTANU MONDAL
2026-27,1,SBP200,1SBP200,2,0.0,0.0,4.0,E,INTRODUCTION TO PRACTICAL MODERN BIOLOGY-SBP200,ASHOK KUMAR PATEL
2026-27,1,SBQ6001,1SBQ6001,1,0.0,1.0,0.0,P,SEMINARS IN MODERN BIOLOGY-SBQ6001,MANOJ BALAKRISHNA MENON
2026-27,1,SBQ601,1SBQ601,1,0.0,1.0,0.0,P,SEMINARS IN BIOLOGICAL SCIENCES-SBQ601,MANOJ BALAKRISHNA MENON
2026-27,1,SBR7010,1SBR7010,2,0.0,2.0,0.0,P,RESEARCH COMMUNICATION &AMP; BIOETHICS-SBR7010,SHILPI MINOCHA
2026-27,1,SBS800,1SBS800,3,0.0,3.0,0.0,P,INDEPENDENT STUDY-SBS800,SHILPI MINOCHA
2026-27,1,SBV7050,1SBV7050,1,1.0,0.0,0.0,K,BIOINSPIRATION AND BIOMIMETICS-SBV7050,ARCHANA CHUGH
2026-27,1,SBV750,1SBV750,1,1.0,0.0,0.0,K,BIOINSPIRATION AND BIOMIMETICS-SBV750,ARCHANA CHUGH
2026-27,1,SBV8084,1SBV8084,1,1.0,0.0,0.0,K,ELEMENTS OF NEUROSCIENCE-SBV8084,JAMES GOMES
2026-27,1,SBV8100,1SBV8100,1,1.0,0.0,0.0,AB,NANOMATERIALS IN BIOLOGY-SBV8100,AMIT NAIN
2026-27,1,SBV884,1SBV884,1,1.0,0.0,0.0,K,ELEMENTS OF NEUROSCIENCE-SBV884,JAMES GOMES
2026-27,1,JCP7181,1JCP7181,2,0.0,0.0,4.0,P,ADVANCED DATA STRUCTURE AND ALGORITHMS LAB-JCP7181,ASHOK KUMAR BHATEJA
2026-27,1,SID890,1SID890,36,0.0,0.0,72.0,P,MS RESEARCH PROJECT-SID890,ABHILASH JINDAL
2026-27,1,SIL7159,1SIL7159,3,3.0,0.0,0.0,B,CRYPTOGRAPHY AND CRYPTANALYSIS-SIL7159,ASHOK KUMAR BHATEJA
2026-27,1,SIL761,1SIL761,4,3.0,0.0,2.0,AB,INTRODUCTION TO INFORMATION AND COMMUNICATION TECHNOLOGIES FOR DEVELOPMENT-SIL761,AADITESHWAR SETH
2026-27,1,SIL8123,1SIL8123,3,3.0,0.0,0.0,AB,SPECIAL TOPICS IN ARTIFICIAL INTELLIGENCE FOR CYBER SECURITY-SIL8123,VIRESHWAR KUMAR
2026-27,1,SIN8000,1SIN8000,3,0.0,0.0,6.0,P,TEACHING PRACTICUM IN INFORMATION TECHNOLOGY-SIN8000,TARUN MANGLA
2026-27,1,SIN8001,1SIN8001,3,0.0,0.0,6.0,P,RESEARCH PRACTICUM IN INFORMATION TECHNOLOGY-SIN8001,TARUN MANGLA
2026-27,1,SIV8064,1SIV8064,1,1.0,0.0,0.0,X,SPECIAL MODULE ON MEDIA PROCESSING &AMP; COMMUNICATION-SIV8064,HUZUR SARAN
2026-27,1,SIV864,1SIV864,1,1.0,0.0,0.0,X,SPECIAL MODULE ON MEDIA PROCESSING & COMMUNICATION-SIV864,HUZUR SARAN
2026-27,1,JVD8301,1JVD8301,15,0.0,0.0,30.0,X,MASTER IN TECHNOLOGY PROJECT - I-JVD8301,ANKESH JAIN
2026-27,1,JVN7000,1JVN7000,4,0.0,0.0,8.0,X,TEACHING/RESEARCH PRACTICUM-JVN7000,ANKESH JAIN
2026-27,1,DSD801,1DSD801,6,0.0,0.0,12.0,P,MAJOR PROJECT PART-I-DSD801,JOLLY XAVIER P.
2026-27,1,DSD895,1DSD895,36,0.0,0.0,72.0,X,MAJOR PROJECT (MSR)-DSD895,MANISH KUMAR
2026-27,1,DSL6601,1DSL6601,2,2.0,0.0,0.0,J,ELECTRONIC COMPONENTS AND CIRCUITS-DSL6601,SHAHID MALIK
2026-27,1,DSL6603,1DSL6603,2,2.0,0.0,0.0,J,MATERIAL AND MECHANICAL DESIGN-DSL6603,JOLLY XAVIER P. , SATINDER PAUL SINGH , RAVIBABU MULAVEESALA
2026-27,1,DSL7711,1DSL7711,3,3.0,0.0,0.0,E,SENSORS AND TRANSDUCERS-DSL7711,RAVIBABU MULAVEESALA
2026-27,1,DSL7722,1DSL7722,3,3.0,0.0,0.0,M,PRECISION MEASUREMENT SYSTEMS-DSL7722,GUFRAN SAYEED KHAN , SANTHOSH S
2026-27,1,DSL7731,1DSL7731,3,3.0,0.0,0.0,H,OPTICAL COMPONENTS AND BASIC INSTRUMENTS-DSL7731,MANISH KUMAR , JASLEEN LUGANI
2026-27,1,DSL7755,1DSL7755,3,3.0,0.0,0.0,X,SENSING AND IMAGING TECHNIQUES-DSL7755,SATISH KUMAR DUBEY , RAVIBABU MULAVEESALA
2026-27,1,DSN7701,1DSN7701,4,0.0,0.0,8.0,X,M.TECH. TEACHING/RESEARCH PRACTICUM-DSN7701,JOLLY XAVIER P.
2026-27,1,DSP7703,1DSP7703,3,0.0,0.0,6.0,X,INSTRUMENT TECHNOLOGY LABORATORY I-DSP7703,RAVIBABU MULAVEESALA , MANISH KUMAR , GUFRAN SAYEED KHAN
2026-27,1,DSR7100,1DSR7100,3,3.0,0.0,0.0,X,RESEARCH COMMUNICATION AND PROFESSIONAL ETHICS-DSR7100,JASLEEN LUGANI
2026-27,1,TXD401,1TXD401,4,0.0,0.0,8.0,P,MAJOR PROJECT PART I-TXD401,SUMIT SINHA RAY
2026-27,1,TXD402,1TXD402,8,0.0,0.0,16.0,P,MAJOR PROJECT PART II-TXD402,SUMIT SINHA RAY
2026-27,1,TXD7501,1TXD7501,6,0.0,0.0,12.0,P,MAJOR PROJECT PART -1 FIBER SCIENCE AND TEXTILE CHEMISTRY-TXD7501,ARCHANA SAMANTA
2026-27,1,TXD7503,1TXD7503,6,0.0,0.0,12.0,P,MAJOR PROJECT PART-I (M.TECH. TEXTILE ENGINEERING)-TXD7503,BIPIN KUMAR
2026-27,1,TXD7505,1TXD7505,3,0.0,0.0,6.0,P,MINOR PROJECT (FIBRE SCIENCE AND TEXTILE CHEMICAL PROCESSING)-TXD7505,ARCHANA SAMANTA
2026-27,1,TXD7506,1TXD7506,3,0.0,0.0,6.0,P,MINOR PROJECT (M.TECH. TEXTILE ENGINEERING)-TXD7506,BIPIN KUMAR
2026-27,1,TXL2101,1TXL2101,3,3.0,0.0,0.0,E,CHEMISTRY AND PHYSICS OF POLYMERS-TXL2101,ARCHANA SAMANTA
2026-27,1,TXL212,1TXL212,3,3.0,0.0,0.0,E,MANUFACTURED FIBRE TECHNOLOGY-TXL212,SOURABH GHOSH
2026-27,1,TXL2201,1TXL2201,3,3.0,0.0,0.0,C,YARN MANUFACTURE I-TXL2201,DIPAYAN DAS
2026-27,1,TXL222,1TXL222,3,3.0,0.0,0.0,B,YARN MANUFACTURE II-TXL222,SOHEL RANA
2026-27,1,TXL232,1TXL232,3,3.0,0.0,0.0,D,FABRIC MANUFACTURE II-TXL232,BIPIN KUMAR
2026-27,1,TXL242,1TXL242,3,3.0,0.0,0.0,F,TECH. OF TEXTILE COLORATION-TXL242,JAVED NABIBAKSHA SHEIKH
2026-27,1,TXL710,1TXL710,3,3.0,0.0,0.0,F,H.P. AND SPECIALTY FIBRES-TXL710,MANJEET JASSAL
2026-27,1,TXL7101,1TXL7101,3,2.0,0.0,2.0,B,POLYMER AND FIBRE PHYSICS-TXL7101,BHANU NANDAN
2026-27,1,TXL7102,1TXL7102,3,2.0,0.0,2.0,AD,POLYMER AND FIBRE CHEMISTRY-TXL7102,RAJIV K. SRIVASTAVA
2026-27,1,TXL7103,1TXL7103,3,3.0,0.0,0.0,E,ENGINEERING OF MELT SPUN FIBERS-TXL7103,ASHWINI K. AGRAWAL
2026-27,1,TXL7151,1TXL7151,3,3.0,0.0,0.0,F,HIGH PERFORMANCE AND SPECIALTY FIBRES-TXL7151,MANJEET JASSAL
2026-27,1,TXL7201,1TXL7201,3,3.0,0.0,0.0,AD,THEORY OF YARN STRUCTURE-TXL7201,DIPAYAN DAS
2026-27,1,TXL7202,1TXL7202,3,3.0,0.0,0.0,AB,MECHANICS OF YARN FORMATION-TXL7202,APURBA DAS
2026-27,1,TXL7301,1TXL7301,3,3.0,0.0,0.0,M,THEORY OF FABRIC STRUCTURE-TXL7301,AMIT RAWAL
2026-27,1,TXL7302,1TXL7302,3,3.0,0.0,0.0,B,ADVANCED FABRIC MANUFACTURING TECHNOLOGIES-TXL7302,VIJAYKUMAR NARAYANDAS BAHETI
2026-27,1,TXL7402,1TXL7402,3,3.0,0.0,0.0,F,THEORY AND PRACTICE OF COLORATION-TXL7402,BHUPENDRA SINGH BUTOLA
2026-27,1,TXL7452,1TXL7452,3,3.0,0.0,0.0,AB,COLOUR SCIENCE-TXL7452,SAMRAT MUKHOPADHYAY
2026-27,1,TXL747,1TXL747,3,3.0,0.0,0.0,AB,COLOUR SCIENCE-TXL747,SAMRAT MUKHOPADHYAY
2026-27,1,TXL750,1TXL750,3,3.0,0.0,0.0,H,SCIENCE OF CLOTHING COMFORT-TXL750,HARUN VENKATESAN
2026-27,1,TXL7552,1TXL7552,3,3.0,0.0,0.0,H,SCIENCE OF CLOTHING COMFORT-TXL7552,HARUN VENKATESAN
2026-27,1,TXL7558,1TXL7558,3,3.0,0.0,0.0,AA,HEAT AND MASS TRANSPORT IN FIBROUS MATERIALS-TXL7558,SUMIT SINHA RAY
2026-27,1,TXL7559,1TXL7559,3,3.0,0.0,0.0,AD,WEARABLE E-TEXTILES-TXL7559,MD S WAZED ALI
2026-27,1,TXL7653,1TXL7653,3,3.0,0.0,0.0,H,SUPPLY CHAIN DESIGN, ANALYTICS AND MANAGEMENT-TXL7653,ABHIJIT MAJUMDAR
2026-27,1,TXL785,1TXL785,3,3.0,0.0,0.0,AA,HEAT AND MASS TRANSPORT IN FIBROUS MATERIALS-TXL785,SUMIT SINHA RAY
2026-27,1,TXN7501,1TXN7501,4,0.0,0.0,8.0,X,TEACHING PRACTICUM (M.TECH. TEXTILE ENGINEERING)-TXN7501,BIPIN KUMAR
2026-27,1,TXN7502,1TXN7502,4,0.0,0.0,8.0,X,RESEARCH PRACTICUM (M.TECH. TEXTILE ENGINEERING)-TXN7502,BIPIN KUMAR
2026-27,1,TXN7503,1TXN7503,4,0.0,0.0,8.0,X,TEACHING PRACTICUM (M.TECH. IN FIBRE ENGINEERING AND TEXTILE CHEMICAL PROCESSING)-TXN7503,ARCHANA SAMANTA
2026-27,1,TXN7504,1TXN7504,4,0.0,0.0,8.0,P,RESEARCH PRACTICUM (M.TECH. IN FIBRE ENGINEERING AND TEXTILE CHEMICAL PROCESSING)-TXN7504,ARCHANA SAMANTA
2026-27,1,TXN8501,1TXN8501,1,1.0,0.0,0.0,X,RESEARCH COMMUNICATION AND PROFESSIONAL ETHICS IN TEXTILE AND FIBRE ENGINEERING (PHD)-TXN8501,HARUN VENKATESAN
2026-27,1,TXP2201,1TXP2201,1,0.0,0.0,2.0,B,YARN MANUFACTURE LABORATORY-I-TXP2201,APURBA DAS
2026-27,1,TXP222,1TXP222,1,0.0,0.0,2.0,B,YARN MANUFACTURE LAB II-TXP222,SOHEL RANA
2026-27,1,TXP232,1TXP232,1,0.0,0.0,2.0,D,FABRIC MANUFACTURE LAB II-TXP232,VIJAYKUMAR NARAYANDAS BAHETI
2026-27,1,TXP242,1TXP242,1.5,0.0,0.0,3.0,F,TECH OF TEXTILE COLORATION LAB-TXP242,DEEPTI GUPTA
2026-27,1,TXP7401,1TXP7401,1,0.0,0.0,2.0,P,TEXTILE COLORATION AND FINISHING LAB-TXP7401,MD S WAZED ALI
2026-27,1,TXP7501,1TXP7501,1,0.0,0.0,2.0,C,EVALUATION OF TEXTILE MATERIALS-TXP7501,BHUPENDRA SINGH BUTOLA
2026-27,1,TXQ301,1TXQ301,1,0.0,0.0,2.0,P,SEMINAR COURSE 1-TXQ301,BHUPENDRA SINGH BUTOLA
2026-27,1,TXT7505,1TXT7505,3,0.0,0.0,6.0,X,SUMMER INTERNSHIP (FIBRE ENGINEERING AND TEXTILE CHEMICAL PROCESSING)-TXT7505,DEEPTI GUPTA
2026-27,1,TXT7506,1TXT7506,3,0.0,0.0,6.0,P,SUMMER INTERNSHIP (M.TECH. TEXTILE ENGINEERING)-TXT7506,BIPIN KUMAR
2026-27,1,TRD895,1TRD895,36,0.0,0.0,72.0,X,MS RESEARCH PROJECT-TRD895,DEEPTY JAIN
2026-27,1,TRL7100,1TRL7100,3,3.0,0.0,0.0,AB,MATHEMATICAL METHODS IN ROAD SAFETY-TRL7100,CHAKKA MOHANA NAGA SAI CHAND
2026-27,1,TRL7101,1TRL7101,3,3.0,0.0,0.0,K,TRANSPORTATION SAFETY AND INJURY PREVENTION PRINCIPLES-TRL7101,GEETAM TIWARI
2026-27,1,TRL7200,1TRL7200,3,3.0,0.0,0.0,F,TRANSPORT AND HEALTH-TRL7200,RAHUL GOEL
2026-27,1,TRL7201,1TRL7201,3,2.0,0.0,2.0,AD,TRANSPORT PLANNING FOR SUSTAINABLE CITIES-TRL7201,DEEPTY JAIN
2026-27,1,TRL7203,1TRL7203,2,2.0,0.0,0.0,H,TRANSPORT LAW &AMP; POLICY-TRL7203,GIRISH AGRAWAL
2026-27,1,TRL7500,1TRL7500,3,3.0,0.0,0.0,AA,THE CITY: A MULTIPLE PERSPECTIVE CONSTRUCT-TRL7500,GIRISH AGRAWAL
2026-27,1,TRL8200,1TRL8200,3,3.0,0.0,0.0,E,SPECIAL TOPICS IN TRANSPORTATION, ENVIRONMENT &AMP; HEALTH-TRL8200,MANISH PURUSHOTTAM MANOHARE
2026-27,1,TRP7001,1TRP7001,1,0.0,0.0,2.0,J,ROAD SAFETY AUDIT METHODS-TRP7001,DEEPTY JAIN
2026-27,1,TRV7002,1TRV7002,1,1.0,0.0,0.0,A,COST OF TRANSPORTATION EXTERNALITIES-TRV7002,GEETAM TIWARI
2026-27,1,PYP1000,1PYP1000,2,0.0,0.0,4.0,X,PHYSICS LABORATORY-PYP1000,SUJIT MANNA
2025-26,1,HUL2XX,4,4,0,0,X,HUL-HUL2XX,X
2025-26,1,HUL3XX,4,4,0,0,X,HUL-HUL3XX,X
2024-25,2,HUL2XX,4,4,0,0,X,HUL-HUL2XX,X
2024-25,2,HUL3XX,4,4,0,0,X,HUL-HUL3XX,X
2026-27,1,HUL2XX,4,4,0,0,X,HUL-HUL2XX,X
2026-27,1,HUL3XX,4,4,0,0,X,HUL-HUL3XX,X
2026-27,2,HUL2XX,4,4,0,0,X,HUL-HUL2XX,X
2026-27,2,HUL3XX,4,4,0,0,X,HUL-HUL3XX,X